"26624","3083","505","2024-12-16 21:53:52","a:9:{i:792;N;i:793;s:10:""Scoobylist"";i:794;N;i:806;s:15:""Marsupila'Liste"";i:807;s:5:""Blanc"";i:808;s:10:""Scoobylist"";i:795;s:17:""Marsupila’Liste"";i:797;s:10:""Scoobylist"";i:796;s:10:""Scoobylist"";}",NULL
"27648","1802","505","2024-12-17 08:32:29","a:9:{i:792;N;i:793;s:17:""Marsupila’Liste"";i:794;N;i:806;s:15:""Marsupila'Liste"";i:807;s:17:""Obi-Wan Keno'List"";i:808;s:10:""Scoobylist"";i:795;s:17:""Marsupila’Liste"";i:797;s:17:""Marsupila’Liste"";i:796;s:10:""Scoobylist"";}",NULL
"27137","2518","505","2024-12-16 22:40:46","a:9:{i:792;N;i:793;s:10:""Scoobylist"";i:794;N;i:806;s:15:""Marsupila'Liste"";i:807;s:17:""Obi-Wan Keno'List"";i:808;s:10:""Scoobylist"";i:795;s:17:""Marsupila’Liste"";i:797;s:10:""Scoobylist"";i:796;s:10:""Scoobylist"";}",NULL
"26626","2901","505","2024-12-16 21:53:58","a:9:{i:792;N;i:793;s:17:""Marsupila’Liste"";i:794;N;i:806;s:15:""Marsupila'Liste"";i:807;s:5:""Blanc"";i:808;s:9:""Krocolist"";i:795;s:17:""Marsupila’Liste"";i:797;s:17:""Marsupila’Liste"";i:796;s:10:""Scoobylist"";}",NULL
"26883","2086","505","2024-12-16 22:13:42","a:9:{i:792;N;i:793;s:10:""Scoobylist"";i:794;N;i:806;s:9:""Krocolist"";i:807;s:9:""Krocolist"";i:808;s:10:""Scoobylist"";i:795;s:5:""Blanc"";i:797;s:10:""Scoobylist"";i:796;s:10:""Scoobylist"";}",NULL
"26884","1792","505","2024-12-16 22:13:49","a:9:{i:792;N;i:793;s:19:""Obi-Wan Keno’List"";i:794;N;i:806;s:15:""Marsupila'Liste"";i:807;s:17:""Obi-Wan Keno'List"";i:808;s:10:""Scoobylist"";i:795;s:19:""Obi-Wan Keno’List"";i:797;s:10:""Scoobylist"";i:796;s:17:""Obi-Wan Keno'List"";}",NULL
"27396","2077","505","2024-12-16 23:51:04","a:9:{i:792;N;i:793;s:19:""Obi-Wan Keno’List"";i:794;N;i:806;s:9:""Krocolist"";i:807;s:17:""Obi-Wan Keno'List"";i:808;s:10:""Scoobylist"";i:795;s:19:""Obi-Wan Keno’List"";i:797;s:10:""Scoobylist"";i:796;s:10:""Scoobylist"";}",NULL
"27652","2513","505","2024-12-17 08:34:22","a:9:{i:792;N;i:793;s:19:""Obi-Wan Keno’List"";i:794;N;i:806;s:15:""Marsupila'Liste"";i:807;s:17:""Obi-Wan Keno'List"";i:808;s:10:""Scoobylist"";i:795;s:17:""Marsupila’Liste"";i:797;s:10:""Scoobylist"";i:796;s:10:""Scoobylist"";}",NULL
"26630","3156","505","2024-12-16 21:54:12","a:9:{i:792;N;i:793;s:10:""Scoobylist"";i:794;N;i:806;s:15:""Marsupila'Liste"";i:807;s:5:""Blanc"";i:808;s:10:""Scoobylist"";i:795;s:17:""Marsupila’Liste"";i:797;s:10:""Scoobylist"";i:796;s:10:""Scoobylist"";}",NULL
"27913","2508","505","2024-12-17 10:37:01","a:9:{i:792;N;i:793;s:10:""Scoobylist"";i:794;N;i:806;s:15:""Marsupila'Liste"";i:807;s:17:""Obi-Wan Keno'List"";i:808;s:10:""Scoobylist"";i:795;s:17:""Marsupila’Liste"";i:797;s:10:""Scoobylist"";i:796;s:10:""Scoobylist"";}",NULL
"26634","2954","505","2024-12-16 21:54:25","a:9:{i:792;N;i:793;s:19:""Obi-Wan Keno’List"";i:794;N;i:806;s:15:""Marsupila'Liste"";i:807;s:17:""Obi-Wan Keno'List"";i:808;s:10:""Scoobylist"";i:795;s:19:""Obi-Wan Keno’List"";i:797;s:10:""Scoobylist"";i:796;s:17:""Obi-Wan Keno'List"";}",NULL
"26891","2485","505","2024-12-16 22:14:24","a:9:{i:792;N;i:793;s:10:""Scoobylist"";i:794;N;i:806;s:15:""Marsupila'Liste"";i:807;s:17:""Obi-Wan Keno'List"";i:808;s:9:""Krocolist"";i:795;s:17:""Marsupila’Liste"";i:797;s:10:""Scoobylist"";i:796;s:10:""Scoobylist"";}",NULL
"27147","2185","505","2024-12-16 22:42:57","a:9:{i:792;N;i:793;s:17:""Marsupila’Liste"";i:794;N;i:806;s:15:""Marsupila'Liste"";i:807;s:17:""Obi-Wan Keno'List"";i:808;s:10:""Scoobylist"";i:795;s:17:""Marsupila’Liste"";i:797;s:17:""Marsupila’Liste"";i:796;s:10:""Scoobylist"";}",NULL
"26380","2644","505","2024-12-16 21:46:01","a:9:{i:792;N;i:793;s:10:""Scoobylist"";i:794;N;i:806;s:15:""Marsupila'Liste"";i:807;s:5:""Blanc"";i:808;s:10:""Scoobylist"";i:795;s:17:""Marsupila’Liste"";i:797;s:10:""Scoobylist"";i:796;s:10:""Scoobylist"";}",NULL
"26892","2456","505","2024-12-16 22:14:28","a:9:{i:792;N;i:793;s:10:""Scoobylist"";i:794;N;i:806;s:15:""Marsupila'Liste"";i:807;s:9:""Krocolist"";i:808;s:10:""Scoobylist"";i:795;s:17:""Marsupila’Liste"";i:797;s:10:""Scoobylist"";i:796;s:10:""Scoobylist"";}",NULL
"27917","2516","505","2024-12-17 10:39:30","a:9:{i:792;N;i:793;s:19:""Obi-Wan Keno’List"";i:794;N;i:806;s:15:""Marsupila'Liste"";i:807;s:17:""Obi-Wan Keno'List"";i:808;s:10:""Scoobylist"";i:795;s:19:""Obi-Wan Keno’List"";i:797;s:10:""Scoobylist"";i:796;s:17:""Obi-Wan Keno'List"";}",NULL
"27663","1743","505","2024-12-17 08:38:37","a:9:{i:792;N;i:793;s:17:""Marsupila’Liste"";i:794;N;i:806;s:15:""Marsupila'Liste"";i:807;s:9:""Krocolist"";i:808;s:10:""Scoobylist"";i:795;s:17:""Marsupila’Liste"";i:797;s:10:""Scoobylist"";i:796;s:10:""Scoobylist"";}",NULL
"26640","2236","505","2024-12-16 21:54:43","a:9:{i:792;N;i:793;s:10:""Scoobylist"";i:794;N;i:806;s:15:""Marsupila'Liste"";i:807;s:17:""Obi-Wan Keno'List"";i:808;s:10:""Scoobylist"";i:795;s:17:""Marsupila’Liste"";i:797;s:10:""Scoobylist"";i:796;s:10:""Scoobylist"";}",NULL
"27921","2315","505","2024-12-17 10:39:56","a:9:{i:792;N;i:793;s:10:""Scoobylist"";i:794;N;i:806;s:15:""Marsupila'Liste"";i:807;s:17:""Obi-Wan Keno'List"";i:808;s:10:""Scoobylist"";i:795;s:17:""Marsupila’Liste"";i:797;s:10:""Scoobylist"";i:796;s:10:""Scoobylist"";}",NULL
"26386","3178","505","2024-12-16 21:46:09","a:9:{i:792;N;i:793;s:17:""Marsupila’Liste"";i:794;N;i:806;s:15:""Marsupila'Liste"";i:807;s:9:""Krocolist"";i:808;s:10:""Scoobylist"";i:795;s:17:""Marsupila’Liste"";i:797;s:17:""Marsupila’Liste"";i:796;s:10:""Scoobylist"";}",NULL
"26898","2922","505","2024-12-16 22:14:56","a:9:{i:792;N;i:793;s:17:""Marsupila’Liste"";i:794;N;i:806;s:15:""Marsupila'Liste"";i:807;s:5:""Blanc"";i:808;s:5:""Blanc"";i:795;s:17:""Marsupila’Liste"";i:797;s:17:""Marsupila’Liste"";i:796;s:5:""Blanc"";}",NULL
"27154","2591","505","2024-12-16 22:43:31","a:9:{i:792;N;i:793;s:10:""Scoobylist"";i:794;N;i:806;s:15:""Marsupila'Liste"";i:807;s:17:""Obi-Wan Keno'List"";i:808;s:10:""Scoobylist"";i:795;s:17:""Marsupila’Liste"";i:797;s:10:""Scoobylist"";i:796;s:10:""Scoobylist"";}",NULL
"27412","2296","505","2024-12-17 00:03:40","a:9:{i:792;N;i:793;s:10:""Scoobylist"";i:794;N;i:806;s:15:""Marsupila'Liste"";i:807;s:17:""Obi-Wan Keno'List"";i:808;s:10:""Scoobylist"";i:795;s:17:""Marsupila’Liste"";i:797;s:10:""Scoobylist"";i:796;s:10:""Scoobylist"";}",NULL
"26901","3090","505","2024-12-16 22:15:12","a:9:{i:792;N;i:793;s:10:""Scoobylist"";i:794;N;i:806;s:15:""Marsupila'Liste"";i:807;s:5:""Blanc"";i:808;s:10:""Scoobylist"";i:795;s:17:""Marsupila’Liste"";i:797;s:10:""Scoobylist"";i:796;s:10:""Scoobylist"";}",NULL
"27670","2744","505","2024-12-17 08:39:46","a:9:{i:792;N;i:793;s:10:""Scoobylist"";i:794;N;i:806;s:15:""Marsupila'Liste"";i:807;s:17:""Obi-Wan Keno'List"";i:808;s:10:""Scoobylist"";i:795;s:17:""Marsupila’Liste"";i:797;s:10:""Scoobylist"";i:796;s:10:""Scoobylist"";}",NULL
"27671","3022","505","2024-12-17 08:40:02","a:9:{i:792;N;i:793;s:17:""Marsupila’Liste"";i:794;N;i:806;s:15:""Marsupila'Liste"";i:807;s:17:""Obi-Wan Keno'List"";i:808;s:10:""Scoobylist"";i:795;s:17:""Marsupila’Liste"";i:797;s:17:""Marsupila’Liste"";i:796;s:10:""Scoobylist"";}",NULL
"26392","2634","505","2024-12-16 21:46:18","a:9:{i:792;N;i:793;s:10:""Scoobylist"";i:794;N;i:806;s:15:""Marsupila'Liste"";i:807;s:17:""Obi-Wan Keno'List"";i:808;s:10:""Scoobylist"";i:795;s:17:""Marsupila’Liste"";i:797;s:10:""Scoobylist"";i:796;s:10:""Scoobylist"";}",NULL
"26649","1815","505","2024-12-16 21:55:00","a:9:{i:792;N;i:793;s:19:""Obi-Wan Keno’List"";i:794;N;i:806;s:15:""Marsupila'Liste"";i:807;s:17:""Obi-Wan Keno'List"";i:808;s:10:""Scoobylist"";i:795;s:19:""Obi-Wan Keno’List"";i:797;s:17:""Marsupila’Liste"";i:796;s:17:""Obi-Wan Keno'List"";}",NULL
"26394","2980","505","2024-12-16 21:46:20","a:9:{i:792;N;i:793;s:17:""Marsupila’Liste"";i:794;N;i:806;s:15:""Marsupila'Liste"";i:807;s:17:""Obi-Wan Keno'List"";i:808;s:10:""Scoobylist"";i:795;s:17:""Marsupila’Liste"";i:797;s:17:""Marsupila’Liste"";i:796;s:10:""Scoobylist"";}",NULL
"26650","2687","505","2024-12-16 21:55:01","a:9:{i:792;N;i:793;s:10:""Scoobylist"";i:794;N;i:806;s:15:""Marsupila'Liste"";i:807;s:17:""Obi-Wan Keno'List"";i:808;s:10:""Scoobylist"";i:795;s:17:""Marsupila’Liste"";i:797;s:10:""Scoobylist"";i:796;s:10:""Scoobylist"";}",NULL
"27162","2474","505","2024-12-16 22:44:03","a:9:{i:792;N;i:793;s:17:""Marsupila’Liste"";i:794;N;i:806;s:15:""Marsupila'Liste"";i:807;s:17:""Obi-Wan Keno'List"";i:808;s:10:""Scoobylist"";i:795;s:17:""Marsupila’Liste"";i:797;s:17:""Marsupila’Liste"";i:796;s:10:""Scoobylist"";}",NULL
"27674","2664","505","2024-12-17 08:40:43","a:9:{i:792;N;i:793;s:10:""Scoobylist"";i:794;N;i:806;s:5:""Blanc"";i:807;s:5:""Blanc"";i:808;s:10:""Scoobylist"";i:795;s:5:""Blanc"";i:797;s:10:""Scoobylist"";i:796;s:10:""Scoobylist"";}",NULL
"27419","2973","505","2024-12-17 00:08:38","a:9:{i:792;N;i:793;s:9:""Krocolist"";i:794;N;i:806;s:9:""Krocolist"";i:807;s:9:""Krocolist"";i:808;s:9:""Krocolist"";i:795;s:5:""Blanc"";i:797;s:5:""Blanc"";i:796;s:5:""Blanc"";}",NULL
"27675","2583","505","2024-12-17 08:41:01","a:9:{i:792;N;i:793;s:19:""Obi-Wan Keno’List"";i:794;N;i:806;s:15:""Marsupila'Liste"";i:807;s:17:""Obi-Wan Keno'List"";i:808;s:10:""Scoobylist"";i:795;s:19:""Obi-Wan Keno’List"";i:797;s:17:""Marsupila’Liste"";i:796;s:17:""Obi-Wan Keno'List"";}",NULL
"26652","2534","505","2024-12-16 21:55:04","a:9:{i:792;N;i:793;s:10:""Scoobylist"";i:794;N;i:806;s:15:""Marsupila'Liste"";i:807;s:17:""Obi-Wan Keno'List"";i:808;s:10:""Scoobylist"";i:795;s:17:""Marsupila’Liste"";i:797;s:10:""Scoobylist"";i:796;s:10:""Scoobylist"";}",NULL
"26397","3047","505","2024-12-16 21:46:25","a:9:{i:792;N;i:793;s:10:""Scoobylist"";i:794;N;i:806;s:5:""Blanc"";i:807;s:5:""Blanc"";i:808;s:10:""Scoobylist"";i:795;s:5:""Blanc"";i:797;s:10:""Scoobylist"";i:796;s:10:""Scoobylist"";}",NULL
"26653","2268","505","2024-12-16 21:55:11","a:9:{i:792;N;i:793;s:17:""Marsupila’Liste"";i:794;N;i:806;s:15:""Marsupila'Liste"";i:807;s:5:""Blanc"";i:808;s:10:""Scoobylist"";i:795;s:17:""Marsupila’Liste"";i:797;s:17:""Marsupila’Liste"";i:796;s:10:""Scoobylist"";}",NULL
"26909","2554","505","2024-12-16 22:15:51","a:9:{i:792;N;i:793;s:10:""Scoobylist"";i:794;N;i:806;s:9:""Krocolist"";i:807;s:9:""Krocolist"";i:808;s:10:""Scoobylist"";i:795;s:5:""Blanc"";i:797;s:10:""Scoobylist"";i:796;s:10:""Scoobylist"";}",NULL
"26655","2581","505","2024-12-16 21:55:19","a:9:{i:792;N;i:793;s:10:""Scoobylist"";i:794;N;i:806;s:15:""Marsupila'Liste"";i:807;s:17:""Obi-Wan Keno'List"";i:808;s:10:""Scoobylist"";i:795;s:17:""Marsupila’Liste"";i:797;s:10:""Scoobylist"";i:796;s:10:""Scoobylist"";}",NULL
"26400","2948","505","2024-12-16 21:46:28","a:9:{i:792;N;i:793;s:10:""Scoobylist"";i:794;N;i:806;s:5:""Blanc"";i:807;s:5:""Blanc"";i:808;s:10:""Scoobylist"";i:795;s:5:""Blanc"";i:797;s:10:""Scoobylist"";i:796;s:10:""Scoobylist"";}",NULL
"27937","2601","505","2024-12-17 10:49:08","a:9:{i:792;N;i:793;s:10:""Scoobylist"";i:794;N;i:806;s:15:""Marsupila'Liste"";i:807;s:17:""Obi-Wan Keno'List"";i:808;s:10:""Scoobylist"";i:795;s:17:""Marsupila’Liste"";i:797;s:10:""Scoobylist"";i:796;s:10:""Scoobylist"";}",NULL
"26402","3108","505","2024-12-16 21:46:30","a:9:{i:792;N;i:793;s:10:""Scoobylist"";i:794;N;i:806;s:15:""Marsupila'Liste"";i:807;s:5:""Blanc"";i:808;s:10:""Scoobylist"";i:795;s:17:""Marsupila’Liste"";i:797;s:10:""Scoobylist"";i:796;s:10:""Scoobylist"";}",NULL
"26403","2987","505","2024-12-16 21:46:30","a:9:{i:792;N;i:793;s:10:""Scoobylist"";i:794;N;i:806;s:9:""Krocolist"";i:807;s:17:""Obi-Wan Keno'List"";i:808;s:10:""Scoobylist"";i:795;s:19:""Obi-Wan Keno’List"";i:797;s:10:""Scoobylist"";i:796;s:10:""Scoobylist"";}",NULL
"27172","3077","505","2024-12-16 22:47:14","a:9:{i:792;N;i:793;s:17:""Marsupila’Liste"";i:794;N;i:806;s:15:""Marsupila'Liste"";i:807;s:5:""Blanc"";i:808;s:10:""Scoobylist"";i:795;s:17:""Marsupila’Liste"";i:797;s:17:""Marsupila’Liste"";i:796;s:10:""Scoobylist"";}",NULL
"27428","3151","505","2024-12-17 00:11:31","a:9:{i:792;N;i:793;s:10:""Scoobylist"";i:794;N;i:806;s:15:""Marsupila'Liste"";i:807;s:9:""Krocolist"";i:808;s:10:""Scoobylist"";i:795;s:17:""Marsupila’Liste"";i:797;s:10:""Scoobylist"";i:796;s:10:""Scoobylist"";}",NULL
"26406","3100","505","2024-12-16 21:46:31","a:9:{i:792;N;i:793;s:10:""Scoobylist"";i:794;N;i:806;s:15:""Marsupila'Liste"";i:807;s:9:""Krocolist"";i:808;s:10:""Scoobylist"";i:795;s:19:""Obi-Wan Keno’List"";i:797;s:10:""Scoobylist"";i:796;s:10:""Scoobylist"";}",NULL
"27174","1702","505","2024-12-16 22:48:20","a:9:{i:792;N;i:793;s:10:""Scoobylist"";i:794;N;i:806;s:15:""Marsupila'Liste"";i:807;s:17:""Obi-Wan Keno'List"";i:808;s:10:""Scoobylist"";i:795;s:17:""Marsupila’Liste"";i:797;s:10:""Scoobylist"";i:796;s:10:""Scoobylist"";}",NULL
"26408","2924","505","2024-12-16 21:46:38","a:9:{i:792;N;i:793;s:10:""Scoobylist"";i:794;N;i:806;s:15:""Marsupila'Liste"";i:807;s:17:""Obi-Wan Keno'List"";i:808;s:10:""Scoobylist"";i:795;s:19:""Obi-Wan Keno’List"";i:797;s:10:""Scoobylist"";i:796;s:10:""Scoobylist"";}",NULL
"26921","2918","505","2024-12-16 22:18:20","a:9:{i:792;N;i:793;s:10:""Scoobylist"";i:794;N;i:806;s:15:""Marsupila'Liste"";i:807;s:17:""Obi-Wan Keno'List"";i:808;s:10:""Scoobylist"";i:795;s:19:""Obi-Wan Keno’List"";i:797;s:10:""Scoobylist"";i:796;s:10:""Scoobylist"";}",NULL
"27945","1939","505","2024-12-17 10:52:58","a:9:{i:792;N;i:793;s:10:""Scoobylist"";i:794;N;i:806;s:15:""Marsupila'Liste"";i:807;s:17:""Obi-Wan Keno'List"";i:808;s:10:""Scoobylist"";i:795;s:17:""Marsupila’Liste"";i:797;s:10:""Scoobylist"";i:796;s:10:""Scoobylist"";}",NULL
"26666","2147","505","2024-12-16 21:55:46","a:9:{i:792;N;i:793;s:10:""Scoobylist"";i:794;N;i:806;s:15:""Marsupila'Liste"";i:807;s:5:""Blanc"";i:808;s:10:""Scoobylist"";i:795;s:17:""Marsupila’Liste"";i:797;s:10:""Scoobylist"";i:796;s:10:""Scoobylist"";}",NULL
"26922","2457","505","2024-12-16 22:18:33","a:9:{i:792;N;i:793;s:10:""Scoobylist"";i:794;N;i:806;s:15:""Marsupila'Liste"";i:807;s:17:""Obi-Wan Keno'List"";i:808;s:10:""Scoobylist"";i:795;s:17:""Marsupila’Liste"";i:797;s:10:""Scoobylist"";i:796;s:10:""Scoobylist"";}",NULL
"26667","3020","505","2024-12-16 21:55:48","a:9:{i:792;N;i:793;s:10:""Scoobylist"";i:794;N;i:806;s:15:""Marsupila'Liste"";i:807;s:5:""Blanc"";i:808;s:10:""Scoobylist"";i:795;s:17:""Marsupila’Liste"";i:797;s:10:""Scoobylist"";i:796;s:10:""Scoobylist"";}",NULL
"26923","2982","505","2024-12-16 22:18:40","a:9:{i:792;N;i:793;s:10:""Scoobylist"";i:794;N;i:806;s:9:""Krocolist"";i:807;s:9:""Krocolist"";i:808;s:10:""Scoobylist"";i:795;s:19:""Obi-Wan Keno’List"";i:797;s:10:""Scoobylist"";i:796;s:10:""Scoobylist"";}",NULL
"27692","2990","505","2024-12-17 08:47:46","a:9:{i:792;N;i:793;s:17:""Marsupila’Liste"";i:794;N;i:806;s:15:""Marsupila'Liste"";i:807;s:9:""Krocolist"";i:808;s:10:""Scoobylist"";i:795;s:17:""Marsupila’Liste"";i:797;s:17:""Marsupila’Liste"";i:796;s:10:""Scoobylist"";}",NULL
"27948","3067","505","2024-12-17 10:53:43","a:9:{i:792;N;i:793;s:10:""Scoobylist"";i:794;N;i:806;s:15:""Marsupila'Liste"";i:807;s:9:""Krocolist"";i:808;s:10:""Scoobylist"";i:795;s:17:""Marsupila’Liste"";i:797;s:10:""Scoobylist"";i:796;s:10:""Scoobylist"";}",NULL
"27437","2621","505","2024-12-17 00:20:38","a:9:{i:792;N;i:793;s:10:""Scoobylist"";i:794;N;i:806;s:15:""Marsupila'Liste"";i:807;s:17:""Obi-Wan Keno'List"";i:808;s:10:""Scoobylist"";i:795;s:17:""Marsupila’Liste"";i:797;s:10:""Scoobylist"";i:796;s:10:""Scoobylist"";}",NULL
"27693","1752","505","2024-12-17 08:49:46","a:9:{i:792;N;i:793;s:10:""Scoobylist"";i:794;N;i:806;s:15:""Marsupila'Liste"";i:807;s:5:""Blanc"";i:808;s:10:""Scoobylist"";i:795;s:17:""Marsupila’Liste"";i:797;s:10:""Scoobylist"";i:796;s:10:""Scoobylist"";}",NULL
"27439","3191","505","2024-12-17 00:21:07","a:9:{i:792;N;i:793;s:10:""Scoobylist"";i:794;N;i:806;s:15:""Marsupila'Liste"";i:807;s:17:""Obi-Wan Keno'List"";i:808;s:10:""Scoobylist"";i:795;s:17:""Marsupila’Liste"";i:797;s:10:""Scoobylist"";i:796;s:10:""Scoobylist"";}",NULL
"26416","3105","505","2024-12-16 21:46:47","a:9:{i:792;N;i:793;s:19:""Obi-Wan Keno’List"";i:794;N;i:806;s:15:""Marsupila'Liste"";i:807;s:17:""Obi-Wan Keno'List"";i:808;s:10:""Scoobylist"";i:795;s:19:""Obi-Wan Keno’List"";i:797;s:10:""Scoobylist"";i:796;s:17:""Obi-Wan Keno'List"";}",NULL
"27184","2620","505","2024-12-16 22:49:08","a:9:{i:792;N;i:793;s:10:""Scoobylist"";i:794;N;i:806;s:15:""Marsupila'Liste"";i:807;s:17:""Obi-Wan Keno'List"";i:808;s:10:""Scoobylist"";i:795;s:17:""Marsupila’Liste"";i:797;s:10:""Scoobylist"";i:796;s:10:""Scoobylist"";}",NULL
"26932","3177","505","2024-12-16 22:19:14","a:9:{i:792;N;i:793;s:17:""Marsupila’Liste"";i:794;N;i:806;s:15:""Marsupila'Liste"";i:807;s:9:""Krocolist"";i:808;s:10:""Scoobylist"";i:795;s:17:""Marsupila’Liste"";i:797;s:17:""Marsupila’Liste"";i:796;s:10:""Scoobylist"";}",NULL
"27444","2723","505","2024-12-17 00:26:44","a:9:{i:792;N;i:793;s:10:""Scoobylist"";i:794;N;i:806;s:15:""Marsupila'Liste"";i:807;s:17:""Obi-Wan Keno'List"";i:808;s:10:""Scoobylist"";i:795;s:17:""Marsupila’Liste"";i:797;s:10:""Scoobylist"";i:796;s:10:""Scoobylist"";}",NULL
"26422","2917","505","2024-12-16 21:47:05","a:9:{i:792;N;i:793;s:19:""Obi-Wan Keno’List"";i:794;N;i:806;s:15:""Marsupila'Liste"";i:807;s:17:""Obi-Wan Keno'List"";i:808;s:10:""Scoobylist"";i:795;s:19:""Obi-Wan Keno’List"";i:797;s:17:""Marsupila’Liste"";i:796;s:17:""Obi-Wan Keno'List"";}",NULL
"27190","2839","505","2024-12-16 22:49:43","a:9:{i:792;N;i:793;s:10:""Scoobylist"";i:794;N;i:806;s:15:""Marsupila'Liste"";i:807;s:17:""Obi-Wan Keno'List"";i:808;s:10:""Scoobylist"";i:795;s:17:""Marsupila’Liste"";i:797;s:10:""Scoobylist"";i:796;s:10:""Scoobylist"";}",NULL
"27446","2934","505","2024-12-17 00:27:38","a:9:{i:792;N;i:793;s:10:""Scoobylist"";i:794;N;i:806;s:15:""Marsupila'Liste"";i:807;s:17:""Obi-Wan Keno'List"";i:808;s:10:""Scoobylist"";i:795;s:19:""Obi-Wan Keno’List"";i:797;s:10:""Scoobylist"";i:796;s:10:""Scoobylist"";}",NULL
"27705","2135","505","2024-12-17 08:55:01","a:9:{i:792;N;i:793;s:10:""Scoobylist"";i:794;N;i:806;s:15:""Marsupila'Liste"";i:807;s:17:""Obi-Wan Keno'List"";i:808;s:10:""Scoobylist"";i:795;s:17:""Marsupila’Liste"";i:797;s:10:""Scoobylist"";i:796;s:10:""Scoobylist"";}",NULL
"26682","1817","505","2024-12-16 21:56:14","a:9:{i:792;N;i:793;s:10:""Scoobylist"";i:794;N;i:806;s:9:""Krocolist"";i:807;s:9:""Krocolist"";i:808;s:10:""Scoobylist"";i:795;s:19:""Obi-Wan Keno’List"";i:797;s:10:""Scoobylist"";i:796;s:10:""Scoobylist"";}",NULL
"26938","2674","505","2024-12-16 22:19:33","a:9:{i:792;N;i:793;s:19:""Obi-Wan Keno’List"";i:794;N;i:806;s:15:""Marsupila'Liste"";i:807;s:17:""Obi-Wan Keno'List"";i:808;s:10:""Scoobylist"";i:795;s:19:""Obi-Wan Keno’List"";i:797;s:17:""Marsupila’Liste"";i:796;s:17:""Obi-Wan Keno'List"";}",NULL
"27963","2530","505","2024-12-17 11:00:44","a:9:{i:792;N;i:793;s:19:""Obi-Wan Keno’List"";i:794;N;i:806;s:15:""Marsupila'Liste"";i:807;s:17:""Obi-Wan Keno'List"";i:808;s:9:""Krocolist"";i:795;s:19:""Obi-Wan Keno’List"";i:797;s:17:""Marsupila’Liste"";i:796;s:17:""Obi-Wan Keno'List"";}",NULL
"26684","2911","505","2024-12-16 21:56:17","a:9:{i:792;N;i:793;s:10:""Scoobylist"";i:794;N;i:806;s:15:""Marsupila'Liste"";i:807;s:17:""Obi-Wan Keno'List"";i:808;s:10:""Scoobylist"";i:795;s:17:""Marsupila’Liste"";i:797;s:10:""Scoobylist"";i:796;s:10:""Scoobylist"";}",NULL
"26685","2450","505","2024-12-16 21:56:18","a:9:{i:792;N;i:793;s:10:""Scoobylist"";i:794;N;i:806;s:15:""Marsupila'Liste"";i:807;s:17:""Obi-Wan Keno'List"";i:808;s:10:""Scoobylist"";i:795;s:19:""Obi-Wan Keno’List"";i:797;s:10:""Scoobylist"";i:796;s:10:""Scoobylist"";}",NULL
"26942","3172","505","2024-12-16 22:20:02","a:9:{i:792;N;i:793;s:17:""Marsupila’Liste"";i:794;N;i:806;s:15:""Marsupila'Liste"";i:807;s:17:""Obi-Wan Keno'List"";i:808;s:10:""Scoobylist"";i:795;s:17:""Marsupila’Liste"";i:797;s:17:""Marsupila’Liste"";i:796;s:10:""Scoobylist"";}",NULL
"27454","2156","505","2024-12-17 00:38:18","a:9:{i:792;N;i:793;s:17:""Marsupila’Liste"";i:794;N;i:806;s:9:""Krocolist"";i:807;s:9:""Krocolist"";i:808;s:9:""Krocolist"";i:795;s:17:""Marsupila’Liste"";i:797;s:17:""Marsupila’Liste"";i:796;s:10:""Scoobylist"";}",NULL
"26943","2650","505","2024-12-16 22:20:14","a:9:{i:792;N;i:793;s:10:""Scoobylist"";i:794;N;i:806;s:15:""Marsupila'Liste"";i:807;s:17:""Obi-Wan Keno'List"";i:808;s:10:""Scoobylist"";i:795;s:17:""Marsupila’Liste"";i:797;s:10:""Scoobylist"";i:796;s:10:""Scoobylist"";}",NULL
"27199","3159","505","2024-12-16 22:52:22","a:9:{i:792;N;i:793;s:10:""Scoobylist"";i:794;N;i:806;s:15:""Marsupila'Liste"";i:807;s:5:""Blanc"";i:808;s:10:""Scoobylist"";i:795;s:17:""Marsupila’Liste"";i:797;s:10:""Scoobylist"";i:796;s:10:""Scoobylist"";}",NULL
"27455","2547","505","2024-12-17 00:42:05","a:9:{i:792;N;i:793;s:10:""Scoobylist"";i:794;N;i:806;s:9:""Krocolist"";i:807;s:9:""Krocolist"";i:808;s:10:""Scoobylist"";i:795;s:17:""Marsupila’Liste"";i:797;s:10:""Scoobylist"";i:796;s:10:""Scoobylist"";}",NULL
"26688","2728","505","2024-12-16 21:56:30","a:9:{i:792;N;i:793;s:10:""Scoobylist"";i:794;N;i:806;s:15:""Marsupila'Liste"";i:807;s:17:""Obi-Wan Keno'List"";i:808;s:10:""Scoobylist"";i:795;s:17:""Marsupila’Liste"";i:797;s:10:""Scoobylist"";i:796;s:10:""Scoobylist"";}",NULL
"27714","2062","505","2024-12-17 08:58:02","a:9:{i:792;N;i:793;s:10:""Scoobylist"";i:794;N;i:806;s:15:""Marsupila'Liste"";i:807;s:5:""Blanc"";i:808;s:10:""Scoobylist"";i:795;s:17:""Marsupila’Liste"";i:797;s:10:""Scoobylist"";i:796;s:10:""Scoobylist"";}",NULL
"27970","2480","505","2024-12-17 11:02:07","a:9:{i:792;N;i:793;s:19:""Obi-Wan Keno’List"";i:794;N;i:806;s:15:""Marsupila'Liste"";i:807;s:17:""Obi-Wan Keno'List"";i:808;s:10:""Scoobylist"";i:795;s:19:""Obi-Wan Keno’List"";i:797;s:10:""Scoobylist"";i:796;s:17:""Obi-Wan Keno'List"";}",NULL
"27204","2628","505","2024-12-16 22:53:21","a:9:{i:792;N;i:793;s:17:""Marsupila’Liste"";i:794;N;i:806;s:15:""Marsupila'Liste"";i:807;s:17:""Obi-Wan Keno'List"";i:808;s:10:""Scoobylist"";i:795;s:17:""Marsupila’Liste"";i:797;s:17:""Marsupila’Liste"";i:796;s:17:""Obi-Wan Keno'List"";}",NULL
"27972","2760","505","2024-12-17 11:02:22","a:9:{i:792;N;i:793;s:17:""Marsupila’Liste"";i:794;N;i:806;s:15:""Marsupila'Liste"";i:807;s:17:""Obi-Wan Keno'List"";i:808;s:10:""Scoobylist"";i:795;s:17:""Marsupila’Liste"";i:797;s:17:""Marsupila’Liste"";i:796;s:10:""Scoobylist"";}",NULL
"26693","2489","505","2024-12-16 21:56:39","a:9:{i:792;N;i:793;s:10:""Scoobylist"";i:794;N;i:806;s:15:""Marsupila'Liste"";i:807;s:17:""Obi-Wan Keno'List"";i:808;s:10:""Scoobylist"";i:795;s:17:""Marsupila’Liste"";i:797;s:10:""Scoobylist"";i:796;s:10:""Scoobylist"";}",NULL
"27205","2481","505","2024-12-16 22:53:32","a:9:{i:792;N;i:793;s:10:""Scoobylist"";i:794;N;i:806;s:15:""Marsupila'Liste"";i:807;s:17:""Obi-Wan Keno'List"";i:808;s:10:""Scoobylist"";i:795;s:17:""Marsupila’Liste"";i:797;s:10:""Scoobylist"";i:796;s:10:""Scoobylist"";}",NULL
"27461","2636","505","2024-12-17 00:47:34","a:9:{i:792;N;i:793;s:10:""Scoobylist"";i:794;N;i:806;s:15:""Marsupila'Liste"";i:807;s:17:""Obi-Wan Keno'List"";i:808;s:10:""Scoobylist"";i:795;s:17:""Marsupila’Liste"";i:797;s:10:""Scoobylist"";i:796;s:10:""Scoobylist"";}",NULL
"27207","2837","505","2024-12-16 22:53:49","a:9:{i:792;N;i:793;s:17:""Marsupila’Liste"";i:794;N;i:806;s:15:""Marsupila'Liste"";i:807;s:5:""Blanc"";i:808;s:5:""Blanc"";i:795;s:17:""Marsupila’Liste"";i:797;s:17:""Marsupila’Liste"";i:796;s:5:""Blanc"";}",NULL
"26440","3141","505","2024-12-16 21:47:32","a:9:{i:792;N;i:793;s:10:""Scoobylist"";i:794;N;i:806;s:15:""Marsupila'Liste"";i:807;s:5:""Blanc"";i:808;s:10:""Scoobylist"";i:795;s:17:""Marsupila’Liste"";i:797;s:10:""Scoobylist"";i:796;s:10:""Scoobylist"";}",NULL
"26952","2490","505","2024-12-16 22:21:54","a:9:{i:792;N;i:793;s:19:""Obi-Wan Keno’List"";i:794;N;i:806;s:15:""Marsupila'Liste"";i:807;s:17:""Obi-Wan Keno'List"";i:808;s:10:""Scoobylist"";i:795;s:19:""Obi-Wan Keno’List"";i:797;s:17:""Marsupila’Liste"";i:796;s:17:""Obi-Wan Keno'List"";}",NULL
"27464","1804","505","2024-12-17 00:57:06","a:9:{i:792;N;i:793;s:17:""Marsupila’Liste"";i:794;N;i:806;s:15:""Marsupila'Liste"";i:807;s:9:""Krocolist"";i:808;s:10:""Scoobylist"";i:795;s:17:""Marsupila’Liste"";i:797;s:17:""Marsupila’Liste"";i:796;s:10:""Scoobylist"";}",NULL
"26953","2488","505","2024-12-16 22:21:55","a:9:{i:792;N;i:793;s:19:""Obi-Wan Keno’List"";i:794;N;i:806;s:15:""Marsupila'Liste"";i:807;s:17:""Obi-Wan Keno'List"";i:808;s:10:""Scoobylist"";i:795;s:19:""Obi-Wan Keno’List"";i:797;s:17:""Marsupila’Liste"";i:796;s:17:""Obi-Wan Keno'List"";}",NULL
"27977","2116","505","2024-12-17 11:05:33","a:9:{i:792;N;i:793;s:10:""Scoobylist"";i:794;N;i:806;s:15:""Marsupila'Liste"";i:807;s:17:""Obi-Wan Keno'List"";i:808;s:10:""Scoobylist"";i:795;s:17:""Marsupila’Liste"";i:797;s:10:""Scoobylist"";i:796;s:10:""Scoobylist"";}",NULL
"26442","2453","505","2024-12-16 21:47:35","a:9:{i:792;N;i:793;s:10:""Scoobylist"";i:794;N;i:806;s:15:""Marsupila'Liste"";i:807;s:17:""Obi-Wan Keno'List"";i:808;s:10:""Scoobylist"";i:795;s:19:""Obi-Wan Keno’List"";i:797;s:10:""Scoobylist"";i:796;s:10:""Scoobylist"";}",NULL
"27723","2130","505","2024-12-17 09:01:38","a:9:{i:792;N;i:793;s:10:""Scoobylist"";i:794;N;i:806;s:15:""Marsupila'Liste"";i:807;s:17:""Obi-Wan Keno'List"";i:808;s:10:""Scoobylist"";i:795;s:17:""Marsupila’Liste"";i:797;s:10:""Scoobylist"";i:796;s:10:""Scoobylist"";}",NULL
"26446","2955","505","2024-12-16 21:47:39","a:9:{i:792;N;i:793;s:17:""Marsupila’Liste"";i:794;N;i:806;s:15:""Marsupila'Liste"";i:807;s:5:""Blanc"";i:808;s:10:""Scoobylist"";i:795;s:17:""Marsupila’Liste"";i:797;s:17:""Marsupila’Liste"";i:796;s:10:""Scoobylist"";}",NULL
"27471","2484","505","2024-12-17 01:00:11","a:9:{i:792;N;i:793;s:10:""Scoobylist"";i:794;N;i:806;s:15:""Marsupila'Liste"";i:807;s:9:""Krocolist"";i:808;s:10:""Scoobylist"";i:795;s:17:""Marsupila’Liste"";i:797;s:10:""Scoobylist"";i:796;s:10:""Scoobylist"";}",NULL
"26448","2946","505","2024-12-16 21:47:42","a:9:{i:792;N;i:793;s:10:""Scoobylist"";i:794;N;i:806;s:15:""Marsupila'Liste"";i:807;s:17:""Obi-Wan Keno'List"";i:808;s:10:""Scoobylist"";i:795;s:19:""Obi-Wan Keno’List"";i:797;s:10:""Scoobylist"";i:796;s:10:""Scoobylist"";}",NULL
"27472","3037","505","2024-12-17 01:00:16","a:9:{i:792;N;i:793;s:10:""Scoobylist"";i:794;N;i:806;s:9:""Krocolist"";i:807;s:9:""Krocolist"";i:808;s:10:""Scoobylist"";i:795;s:17:""Marsupila’Liste"";i:797;s:10:""Scoobylist"";i:796;s:10:""Scoobylist"";}",NULL
"27473","3098","505","2024-12-17 01:00:36","a:9:{i:792;N;i:793;s:10:""Scoobylist"";i:794;N;i:806;s:9:""Krocolist"";i:807;s:9:""Krocolist"";i:808;s:10:""Scoobylist"";i:795;s:17:""Marsupila’Liste"";i:797;s:10:""Scoobylist"";i:796;s:10:""Scoobylist"";}",NULL
"26963","3158","505","2024-12-16 22:23:23","a:9:{i:792;N;i:793;s:17:""Marsupila’Liste"";i:794;N;i:806;s:15:""Marsupila'Liste"";i:807;s:17:""Obi-Wan Keno'List"";i:808;s:9:""Krocolist"";i:795;s:17:""Marsupila’Liste"";i:797;s:17:""Marsupila’Liste"";i:796;s:17:""Obi-Wan Keno'List"";}",NULL
"27219","2476","505","2024-12-16 22:56:08","a:9:{i:792;N;i:793;s:17:""Marsupila’Liste"";i:794;N;i:806;s:15:""Marsupila'Liste"";i:807;s:17:""Obi-Wan Keno'List"";i:808;s:10:""Scoobylist"";i:795;s:17:""Marsupila’Liste"";i:797;s:17:""Marsupila’Liste"";i:796;s:10:""Scoobylist"";}",NULL
"27988","2478","505","2024-12-17 11:08:43","a:9:{i:792;N;i:793;s:10:""Scoobylist"";i:794;N;i:806;s:15:""Marsupila'Liste"";i:807;s:17:""Obi-Wan Keno'List"";i:808;s:10:""Scoobylist"";i:795;s:17:""Marsupila’Liste"";i:797;s:10:""Scoobylist"";i:796;s:10:""Scoobylist"";}",NULL
"26965","2290","505","2024-12-16 22:23:51","a:9:{i:792;N;i:793;s:10:""Scoobylist"";i:794;N;i:806;s:15:""Marsupila'Liste"";i:807;s:17:""Obi-Wan Keno'List"";i:808;s:10:""Scoobylist"";i:795;s:17:""Marsupila’Liste"";i:797;s:10:""Scoobylist"";i:796;s:10:""Scoobylist"";}",NULL
"26711","2152","505","2024-12-16 21:57:27","a:9:{i:792;N;i:793;s:10:""Scoobylist"";i:794;N;i:806;s:15:""Marsupila'Liste"";i:807;s:5:""Blanc"";i:808;s:10:""Scoobylist"";i:795;s:17:""Marsupila’Liste"";i:797;s:10:""Scoobylist"";i:796;s:10:""Scoobylist"";}",NULL
"27991","2617","505","2024-12-17 11:11:19","a:9:{i:792;N;i:793;s:10:""Scoobylist"";i:794;N;i:806;s:15:""Marsupila'Liste"";i:807;s:9:""Krocolist"";i:808;s:10:""Scoobylist"";i:795;s:17:""Marsupila’Liste"";i:797;s:10:""Scoobylist"";i:796;s:10:""Scoobylist"";}",NULL
"26968","3187","505","2024-12-16 22:24:25","a:9:{i:792;N;i:793;s:10:""Scoobylist"";i:794;N;i:806;s:15:""Marsupila'Liste"";i:807;s:17:""Obi-Wan Keno'List"";i:808;s:10:""Scoobylist"";i:795;s:17:""Marsupila’Liste"";i:797;s:10:""Scoobylist"";i:796;s:10:""Scoobylist"";}",NULL
"27225","2705","505","2024-12-16 22:57:18","a:9:{i:792;N;i:793;s:10:""Scoobylist"";i:794;N;i:806;s:15:""Marsupila'Liste"";i:807;s:17:""Obi-Wan Keno'List"";i:808;s:10:""Scoobylist"";i:795;s:17:""Marsupila’Liste"";i:797;s:10:""Scoobylist"";i:796;s:10:""Scoobylist"";}",NULL
"26970","2535","505","2024-12-16 22:24:30","a:9:{i:792;N;i:793;s:10:""Scoobylist"";i:794;N;i:806;s:15:""Marsupila'Liste"";i:807;s:17:""Obi-Wan Keno'List"";i:808;s:10:""Scoobylist"";i:795;s:17:""Marsupila’Liste"";i:797;s:10:""Scoobylist"";i:796;s:10:""Scoobylist"";}",NULL
"26971","2572","505","2024-12-16 22:24:30","a:9:{i:792;N;i:793;s:10:""Scoobylist"";i:794;N;i:806;s:15:""Marsupila'Liste"";i:807;s:5:""Blanc"";i:808;s:10:""Scoobylist"";i:795;s:17:""Marsupila’Liste"";i:797;s:10:""Scoobylist"";i:796;s:10:""Scoobylist"";}",NULL
"27227","2701","505","2024-12-16 22:57:43","a:9:{i:792;N;i:793;s:10:""Scoobylist"";i:794;N;i:806;s:15:""Marsupila'Liste"";i:807;s:17:""Obi-Wan Keno'List"";i:808;s:10:""Scoobylist"";i:795;s:17:""Marsupila’Liste"";i:797;s:10:""Scoobylist"";i:796;s:10:""Scoobylist"";}",NULL
"26460","3129","505","2024-12-16 21:47:58","a:9:{i:792;N;i:793;s:10:""Scoobylist"";i:794;N;i:806;s:15:""Marsupila'Liste"";i:807;s:17:""Obi-Wan Keno'List"";i:808;s:10:""Scoobylist"";i:795;s:17:""Marsupila’Liste"";i:797;s:10:""Scoobylist"";i:796;s:10:""Scoobylist"";}",NULL
"27740","2178","505","2024-12-17 09:16:09","a:9:{i:792;N;i:793;s:10:""Scoobylist"";i:794;N;i:806;s:15:""Marsupila'Liste"";i:807;s:17:""Obi-Wan Keno'List"";i:808;s:10:""Scoobylist"";i:795;s:17:""Marsupila’Liste"";i:797;s:10:""Scoobylist"";i:796;s:10:""Scoobylist"";}",NULL
"27996","2291","505","2024-12-17 11:13:28","a:9:{i:792;N;i:793;s:10:""Scoobylist"";i:794;N;i:806;s:15:""Marsupila'Liste"";i:807;s:17:""Obi-Wan Keno'List"";i:808;s:10:""Scoobylist"";i:795;s:17:""Marsupila’Liste"";i:797;s:10:""Scoobylist"";i:796;s:10:""Scoobylist"";}",NULL
"26717","2998","505","2024-12-16 21:57:47","a:9:{i:792;N;i:793;s:17:""Marsupila’Liste"";i:794;N;i:806;s:15:""Marsupila'Liste"";i:807;s:17:""Obi-Wan Keno'List"";i:808;s:10:""Scoobylist"";i:795;s:17:""Marsupila’Liste"";i:797;s:17:""Marsupila’Liste"";i:796;s:17:""Obi-Wan Keno'List"";}",NULL
"26462","3091","505","2024-12-16 21:48:03","a:9:{i:792;N;i:793;s:17:""Marsupila’Liste"";i:794;N;i:806;s:15:""Marsupila'Liste"";i:807;s:17:""Obi-Wan Keno'List"";i:808;s:10:""Scoobylist"";i:795;s:17:""Marsupila’Liste"";i:797;s:17:""Marsupila’Liste"";i:796;s:10:""Scoobylist"";}",NULL
"26718","2619","505","2024-12-16 21:57:47","a:9:{i:792;N;i:793;s:10:""Scoobylist"";i:794;N;i:806;s:15:""Marsupila'Liste"";i:807;s:17:""Obi-Wan Keno'List"";i:808;s:10:""Scoobylist"";i:795;s:17:""Marsupila’Liste"";i:797;s:10:""Scoobylist"";i:796;s:10:""Scoobylist"";}",NULL
"26719","2452","505","2024-12-16 21:57:53","a:9:{i:792;N;i:793;s:10:""Scoobylist"";i:794;N;i:806;s:15:""Marsupila'Liste"";i:807;s:17:""Obi-Wan Keno'List"";i:808;s:10:""Scoobylist"";i:795;s:17:""Marsupila’Liste"";i:797;s:10:""Scoobylist"";i:796;s:10:""Scoobylist"";}",NULL
"27232","2491","505","2024-12-16 22:58:19","a:9:{i:792;N;i:793;s:17:""Marsupila’Liste"";i:794;N;i:806;s:15:""Marsupila'Liste"";i:807;s:17:""Obi-Wan Keno'List"";i:808;s:10:""Scoobylist"";i:795;s:17:""Marsupila’Liste"";i:797;s:17:""Marsupila’Liste"";i:796;s:10:""Scoobylist"";}",NULL
"27488","2555","505","2024-12-17 01:13:34","a:9:{i:792;N;i:793;s:10:""Scoobylist"";i:794;N;i:806;s:15:""Marsupila'Liste"";i:807;s:17:""Obi-Wan Keno'List"";i:808;s:10:""Scoobylist"";i:795;s:17:""Marsupila’Liste"";i:797;s:10:""Scoobylist"";i:796;s:10:""Scoobylist"";}",NULL
"27745","3137","505","2024-12-17 09:17:53","a:9:{i:792;N;i:793;s:17:""Marsupila’Liste"";i:794;N;i:806;s:15:""Marsupila'Liste"";i:807;s:17:""Obi-Wan Keno'List"";i:808;s:10:""Scoobylist"";i:795;s:17:""Marsupila’Liste"";i:797;s:17:""Marsupila’Liste"";i:796;s:10:""Scoobylist"";}",NULL
"28001","3075","505","2024-12-17 11:15:38","a:9:{i:792;N;i:793;s:10:""Scoobylist"";i:794;N;i:806;s:15:""Marsupila'Liste"";i:807;s:17:""Obi-Wan Keno'List"";i:808;s:10:""Scoobylist"";i:795;s:17:""Marsupila’Liste"";i:797;s:10:""Scoobylist"";i:796;s:10:""Scoobylist"";}",NULL
"28002","3189","505","2024-12-17 11:16:11","a:9:{i:792;N;i:793;s:17:""Marsupila’Liste"";i:794;N;i:806;s:15:""Marsupila'Liste"";i:807;s:5:""Blanc"";i:808;s:5:""Blanc"";i:795;s:17:""Marsupila’Liste"";i:797;s:17:""Marsupila’Liste"";i:796;s:5:""Blanc"";}",NULL
"27748","3012","505","2024-12-17 09:20:12","a:9:{i:792;N;i:793;s:17:""Marsupila’Liste"";i:794;N;i:806;s:15:""Marsupila'Liste"";i:807;s:9:""Krocolist"";i:808;s:9:""Krocolist"";i:795;s:17:""Marsupila’Liste"";i:797;s:17:""Marsupila’Liste"";i:796;s:5:""Blanc"";}",NULL
"26725","1880","505","2024-12-16 21:58:33","a:9:{i:792;N;i:793;s:10:""Scoobylist"";i:794;N;i:806;s:15:""Marsupila'Liste"";i:807;s:17:""Obi-Wan Keno'List"";i:808;s:10:""Scoobylist"";i:795;s:17:""Marsupila’Liste"";i:797;s:10:""Scoobylist"";i:796;s:10:""Scoobylist"";}",NULL
"27493","2923","505","2024-12-17 01:19:55","a:9:{i:792;N;i:793;s:17:""Marsupila’Liste"";i:794;N;i:806;s:15:""Marsupila'Liste"";i:807;s:17:""Obi-Wan Keno'List"";i:808;s:10:""Scoobylist"";i:795;s:17:""Marsupila’Liste"";i:797;s:17:""Marsupila’Liste"";i:796;s:5:""Blanc"";}",NULL
"27749","2477","505","2024-12-17 09:21:16","a:9:{i:792;N;i:793;s:10:""Scoobylist"";i:794;N;i:806;s:15:""Marsupila'Liste"";i:807;s:17:""Obi-Wan Keno'List"";i:808;s:10:""Scoobylist"";i:795;s:17:""Marsupila’Liste"";i:797;s:10:""Scoobylist"";i:796;s:10:""Scoobylist"";}",NULL
"26982","3056","505","2024-12-16 22:25:58","a:9:{i:792;N;i:793;s:10:""Scoobylist"";i:794;N;i:806;s:9:""Krocolist"";i:807;s:9:""Krocolist"";i:808;s:10:""Scoobylist"";i:795;s:19:""Obi-Wan Keno’List"";i:797;s:10:""Scoobylist"";i:796;s:10:""Scoobylist"";}",NULL
"27750","2724","505","2024-12-17 09:21:19","a:9:{i:792;N;i:793;s:10:""Scoobylist"";i:794;N;i:806;s:15:""Marsupila'Liste"";i:807;s:17:""Obi-Wan Keno'List"";i:808;s:10:""Scoobylist"";i:795;s:17:""Marsupila’Liste"";i:797;s:10:""Scoobylist"";i:796;s:10:""Scoobylist"";}",NULL
"26983","3007","505","2024-12-16 22:26:01","a:9:{i:792;N;i:793;s:10:""Scoobylist"";i:794;N;i:806;s:9:""Krocolist"";i:807;s:17:""Obi-Wan Keno'List"";i:808;s:10:""Scoobylist"";i:795;s:19:""Obi-Wan Keno’List"";i:797;s:10:""Scoobylist"";i:796;s:10:""Scoobylist"";}",NULL
"26472","3196","505","2024-12-16 21:48:18","a:9:{i:792;N;i:793;s:10:""Scoobylist"";i:794;N;i:806;s:15:""Marsupila'Liste"";i:807;s:17:""Obi-Wan Keno'List"";i:808;s:10:""Scoobylist"";i:795;s:17:""Marsupila’Liste"";i:797;s:10:""Scoobylist"";i:796;s:10:""Scoobylist"";}",NULL
"26985","3169","505","2024-12-16 22:26:03","a:9:{i:792;N;i:793;s:10:""Scoobylist"";i:794;N;i:806;s:15:""Marsupila'Liste"";i:807;s:17:""Obi-Wan Keno'List"";i:808;s:10:""Scoobylist"";i:795;s:17:""Marsupila’Liste"";i:797;s:17:""Marsupila’Liste"";i:796;s:10:""Scoobylist"";}",NULL
"27242","2512","505","2024-12-16 23:02:17","a:9:{i:792;N;i:793;s:10:""Scoobylist"";i:794;N;i:806;s:15:""Marsupila'Liste"";i:807;s:17:""Obi-Wan Keno'List"";i:808;s:10:""Scoobylist"";i:795;s:17:""Marsupila’Liste"";i:797;s:10:""Scoobylist"";i:796;s:10:""Scoobylist"";}",NULL
"27755","2916","505","2024-12-17 09:23:51","a:9:{i:792;N;i:793;s:10:""Scoobylist"";i:794;N;i:806;s:15:""Marsupila'Liste"";i:807;s:17:""Obi-Wan Keno'List"";i:808;s:10:""Scoobylist"";i:795;s:17:""Marsupila’Liste"";i:797;s:10:""Scoobylist"";i:796;s:10:""Scoobylist"";}",NULL
"27756","2470","505","2024-12-17 09:24:02","a:9:{i:792;N;i:793;s:10:""Scoobylist"";i:794;N;i:806;s:15:""Marsupila'Liste"";i:807;s:17:""Obi-Wan Keno'List"";i:808;s:10:""Scoobylist"";i:795;s:17:""Marsupila’Liste"";i:797;s:10:""Scoobylist"";i:796;s:10:""Scoobylist"";}",NULL
"27501","3065","505","2024-12-17 01:46:06","a:9:{i:792;N;i:793;s:10:""Scoobylist"";i:794;N;i:806;s:15:""Marsupila'Liste"";i:807;s:17:""Obi-Wan Keno'List"";i:808;s:10:""Scoobylist"";i:795;s:17:""Marsupila’Liste"";i:797;s:10:""Scoobylist"";i:796;s:10:""Scoobylist"";}",NULL
"28014","2608","505","2024-12-17 11:19:29","a:9:{i:792;N;i:793;s:10:""Scoobylist"";i:794;N;i:806;s:15:""Marsupila'Liste"";i:807;s:5:""Blanc"";i:808;s:10:""Scoobylist"";i:795;s:17:""Marsupila’Liste"";i:797;s:10:""Scoobylist"";i:796;s:10:""Scoobylist"";}",NULL
"26479","2981","505","2024-12-16 21:48:29","a:9:{i:792;N;i:793;s:10:""Scoobylist"";i:794;N;i:806;s:15:""Marsupila'Liste"";i:807;s:17:""Obi-Wan Keno'List"";i:808;s:10:""Scoobylist"";i:795;s:17:""Marsupila’Liste"";i:797;s:10:""Scoobylist"";i:796;s:10:""Scoobylist"";}",NULL
"27503","2959","505","2024-12-17 01:48:39","a:9:{i:792;N;i:793;s:17:""Marsupila’Liste"";i:794;N;i:806;s:15:""Marsupila'Liste"";i:807;s:17:""Obi-Wan Keno'List"";i:808;s:9:""Krocolist"";i:795;s:17:""Marsupila’Liste"";i:797;s:17:""Marsupila’Liste"";i:796;s:17:""Obi-Wan Keno'List"";}",NULL
"27249","2578","505","2024-12-16 23:04:07","a:9:{i:792;N;i:793;s:17:""Marsupila’Liste"";i:794;N;i:806;s:15:""Marsupila'Liste"";i:807;s:5:""Blanc"";i:808;s:10:""Scoobylist"";i:795;s:17:""Marsupila’Liste"";i:797;s:17:""Marsupila’Liste"";i:796;s:10:""Scoobylist"";}",NULL
"28017","2458","505","2024-12-17 11:20:52","a:9:{i:792;N;i:793;s:10:""Scoobylist"";i:794;N;i:806;s:15:""Marsupila'Liste"";i:807;s:9:""Krocolist"";i:808;s:10:""Scoobylist"";i:795;s:17:""Marsupila’Liste"";i:797;s:10:""Scoobylist"";i:796;s:10:""Scoobylist"";}",NULL
"26482","2931","505","2024-12-16 21:48:32","a:9:{i:792;N;i:793;s:10:""Scoobylist"";i:794;N;i:806;s:15:""Marsupila'Liste"";i:807;s:17:""Obi-Wan Keno'List"";i:808;s:10:""Scoobylist"";i:795;s:17:""Marsupila’Liste"";i:797;s:10:""Scoobylist"";i:796;s:10:""Scoobylist"";}",NULL
"27506","3044","505","2024-12-17 01:53:08","a:9:{i:792;N;i:793;s:10:""Scoobylist"";i:794;N;i:806;s:15:""Marsupila'Liste"";i:807;s:17:""Obi-Wan Keno'List"";i:808;s:10:""Scoobylist"";i:795;s:17:""Marsupila’Liste"";i:797;s:17:""Marsupila’Liste"";i:796;s:10:""Scoobylist"";}",NULL
"28018","2309","505","2024-12-17 11:21:14","a:9:{i:792;N;i:793;s:19:""Obi-Wan Keno’List"";i:794;N;i:806;s:15:""Marsupila'Liste"";i:807;s:17:""Obi-Wan Keno'List"";i:808;s:10:""Scoobylist"";i:795;s:19:""Obi-Wan Keno’List"";i:797;s:5:""Blanc"";i:796;s:17:""Obi-Wan Keno'List"";}",NULL
"26739","2531","505","2024-12-16 21:59:12","a:9:{i:792;N;i:793;s:17:""Marsupila’Liste"";i:794;N;i:806;s:15:""Marsupila'Liste"";i:807;s:17:""Obi-Wan Keno'List"";i:808;s:10:""Scoobylist"";i:795;s:17:""Marsupila’Liste"";i:797;s:17:""Marsupila’Liste"";i:796;s:10:""Scoobylist"";}",NULL
"26995","3200","505","2024-12-16 22:27:13","a:9:{i:792;N;i:793;s:17:""Marsupila’Liste"";i:794;N;i:806;s:15:""Marsupila'Liste"";i:807;s:17:""Obi-Wan Keno'List"";i:808;s:9:""Krocolist"";i:795;s:17:""Marsupila’Liste"";i:797;s:17:""Marsupila’Liste"";i:796;s:5:""Blanc"";}",NULL
"27251","2984","505","2024-12-16 23:05:35","a:9:{i:792;N;i:793;s:17:""Marsupila’Liste"";i:794;N;i:806;s:15:""Marsupila'Liste"";i:807;s:9:""Krocolist"";i:808;s:9:""Krocolist"";i:795;s:17:""Marsupila’Liste"";i:797;s:17:""Marsupila’Liste"";i:796;s:10:""Scoobylist"";}",NULL
"27765","3001","505","2024-12-17 09:30:39","a:9:{i:792;N;i:793;s:9:""Krocolist"";i:794;N;i:806;s:9:""Krocolist"";i:807;s:9:""Krocolist"";i:808;s:9:""Krocolist"";i:795;s:17:""Marsupila’Liste"";i:797;s:10:""Scoobylist"";i:796;s:10:""Scoobylist"";}",NULL
"28021","2335","505","2024-12-17 11:22:24","a:9:{i:792;N;i:793;s:19:""Obi-Wan Keno’List"";i:794;N;i:806;s:5:""Blanc"";i:807;s:17:""Obi-Wan Keno'List"";i:808;s:10:""Scoobylist"";i:795;s:19:""Obi-Wan Keno’List"";i:797;s:10:""Scoobylist"";i:796;s:17:""Obi-Wan Keno'List"";}",NULL
"26743","2950","505","2024-12-16 21:59:30","a:9:{i:792;N;i:793;s:19:""Obi-Wan Keno’List"";i:794;N;i:806;s:15:""Marsupila'Liste"";i:807;s:17:""Obi-Wan Keno'List"";i:808;s:10:""Scoobylist"";i:795;s:19:""Obi-Wan Keno’List"";i:797;s:17:""Marsupila’Liste"";i:796;s:17:""Obi-Wan Keno'List"";}",NULL
"26999","2575","505","2024-12-16 22:27:28","a:9:{i:792;N;i:793;s:10:""Scoobylist"";i:794;N;i:806;s:15:""Marsupila'Liste"";i:807;s:17:""Obi-Wan Keno'List"";i:808;s:10:""Scoobylist"";i:795;s:19:""Obi-Wan Keno’List"";i:797;s:10:""Scoobylist"";i:796;s:10:""Scoobylist"";}",NULL
"28024","2582","505","2024-12-17 11:24:42","a:9:{i:792;N;i:793;s:10:""Scoobylist"";i:794;N;i:806;s:9:""Krocolist"";i:807;s:9:""Krocolist"";i:808;s:10:""Scoobylist"";i:795;s:5:""Blanc"";i:797;s:10:""Scoobylist"";i:796;s:10:""Scoobylist"";}",NULL
"27002","2496","505","2024-12-16 22:27:44","a:9:{i:792;N;i:793;s:10:""Scoobylist"";i:794;N;i:806;s:15:""Marsupila'Liste"";i:807;s:9:""Krocolist"";i:808;s:10:""Scoobylist"";i:795;s:17:""Marsupila’Liste"";i:797;s:10:""Scoobylist"";i:796;s:10:""Scoobylist"";}",NULL
"26491","3019","505","2024-12-16 21:48:43","a:9:{i:792;N;i:793;s:17:""Marsupila’Liste"";i:794;N;i:806;s:15:""Marsupila'Liste"";i:807;s:17:""Obi-Wan Keno'List"";i:808;s:10:""Scoobylist"";i:795;s:17:""Marsupila’Liste"";i:797;s:17:""Marsupila’Liste"";i:796;s:10:""Scoobylist"";}",NULL
"27516","2055","505","2024-12-17 06:05:23","a:9:{i:792;N;i:793;s:10:""Scoobylist"";i:794;N;i:806;s:15:""Marsupila'Liste"";i:807;s:5:""Blanc"";i:808;s:10:""Scoobylist"";i:795;s:17:""Marsupila’Liste"";i:797;s:10:""Scoobylist"";i:796;s:5:""Blanc"";}",NULL
"26493","2733","505","2024-12-16 21:48:48","a:9:{i:792;N;i:793;s:17:""Marsupila’Liste"";i:794;N;i:806;s:15:""Marsupila'Liste"";i:807;s:5:""Blanc"";i:808;s:5:""Blanc"";i:795;s:17:""Marsupila’Liste"";i:797;s:17:""Marsupila’Liste"";i:796;s:5:""Blanc"";}",NULL
"27005","3071","505","2024-12-16 22:28:10","a:9:{i:792;N;i:793;s:10:""Scoobylist"";i:794;N;i:806;s:15:""Marsupila'Liste"";i:807;s:9:""Krocolist"";i:808;s:10:""Scoobylist"";i:795;s:17:""Marsupila’Liste"";i:797;s:10:""Scoobylist"";i:796;s:10:""Scoobylist"";}",NULL
"28029","1721","505","2024-12-17 11:27:36","a:9:{i:792;N;i:793;s:10:""Scoobylist"";i:794;N;i:806;s:15:""Marsupila'Liste"";i:807;s:17:""Obi-Wan Keno'List"";i:808;s:10:""Scoobylist"";i:795;s:17:""Marsupila’Liste"";i:797;s:10:""Scoobylist"";i:796;s:10:""Scoobylist"";}",NULL
"27518","1715","505","2024-12-17 06:27:02","a:9:{i:792;N;i:793;s:17:""Marsupila’Liste"";i:794;N;i:806;s:15:""Marsupila'Liste"";i:807;s:17:""Obi-Wan Keno'List"";i:808;s:10:""Scoobylist"";i:795;s:17:""Marsupila’Liste"";i:797;s:17:""Marsupila’Liste"";i:796;s:10:""Scoobylist"";}",NULL
"27007","2483","505","2024-12-16 22:28:21","a:9:{i:792;N;i:793;s:10:""Scoobylist"";i:794;N;i:806;s:15:""Marsupila'Liste"";i:807;s:17:""Obi-Wan Keno'List"";i:808;s:10:""Scoobylist"";i:795;s:17:""Marsupila’Liste"";i:797;s:10:""Scoobylist"";i:796;s:10:""Scoobylist"";}",NULL
"27266","2576","505","2024-12-16 23:10:18","a:9:{i:792;N;i:793;s:10:""Scoobylist"";i:794;N;i:806;s:5:""Blanc"";i:807;s:5:""Blanc"";i:808;s:10:""Scoobylist"";i:795;s:5:""Blanc"";i:797;s:10:""Scoobylist"";i:796;s:10:""Scoobylist"";}",NULL
"27522","1897","505","2024-12-17 06:42:31","a:9:{i:792;N;i:793;s:19:""Obi-Wan Keno’List"";i:794;N;i:806;s:15:""Marsupila'Liste"";i:807;s:17:""Obi-Wan Keno'List"";i:808;s:10:""Scoobylist"";i:795;s:19:""Obi-Wan Keno’List"";i:797;s:10:""Scoobylist"";i:796;s:17:""Obi-Wan Keno'List"";}",NULL
"27523","2304","505","2024-12-17 06:43:10","a:9:{i:792;N;i:793;s:10:""Scoobylist"";i:794;N;i:806;s:9:""Krocolist"";i:807;s:9:""Krocolist"";i:808;s:10:""Scoobylist"";i:795;s:19:""Obi-Wan Keno’List"";i:797;s:10:""Scoobylist"";i:796;s:10:""Scoobylist"";}",NULL
"28035","2328","505","2024-12-17 11:28:21","a:9:{i:792;N;i:793;s:10:""Scoobylist"";i:794;N;i:806;s:15:""Marsupila'Liste"";i:807;s:9:""Krocolist"";i:808;s:10:""Scoobylist"";i:795;s:17:""Marsupila’Liste"";i:797;s:10:""Scoobylist"";i:796;s:10:""Scoobylist"";}",NULL
"26500","2281","505","2024-12-16 21:49:01","a:9:{i:792;N;i:793;s:10:""Scoobylist"";i:794;N;i:806;s:15:""Marsupila'Liste"";i:807;s:17:""Obi-Wan Keno'List"";i:808;s:10:""Scoobylist"";i:795;s:17:""Marsupila’Liste"";i:797;s:10:""Scoobylist"";i:796;s:10:""Scoobylist"";}",NULL
"26501","2498","505","2024-12-16 21:49:02","a:9:{i:792;N;i:793;s:10:""Scoobylist"";i:794;N;i:806;s:15:""Marsupila'Liste"";i:807;s:17:""Obi-Wan Keno'List"";i:808;s:10:""Scoobylist"";i:795;s:17:""Marsupila’Liste"";i:797;s:10:""Scoobylist"";i:796;s:10:""Scoobylist"";}",NULL
"27013","3117","505","2024-12-16 22:28:58","a:9:{i:792;N;i:793;s:10:""Scoobylist"";i:794;N;i:806;s:9:""Krocolist"";i:807;s:9:""Krocolist"";i:808;s:10:""Scoobylist"";i:795;s:17:""Marsupila’Liste"";i:797;s:10:""Scoobylist"";i:796;s:10:""Scoobylist"";}",NULL
"26758","2627","505","2024-12-16 22:00:50","a:9:{i:792;N;i:793;s:10:""Scoobylist"";i:794;N;i:806;s:15:""Marsupila'Liste"";i:807;s:9:""Krocolist"";i:808;s:10:""Scoobylist"";i:795;s:17:""Marsupila’Liste"";i:797;s:10:""Scoobylist"";i:796;s:10:""Scoobylist"";}",NULL
"26759","2164","505","2024-12-16 22:00:51","a:9:{i:792;N;i:793;s:10:""Scoobylist"";i:794;N;i:806;s:15:""Marsupila'Liste"";i:807;s:17:""Obi-Wan Keno'List"";i:808;s:10:""Scoobylist"";i:795;s:17:""Marsupila’Liste"";i:797;s:10:""Scoobylist"";i:796;s:10:""Scoobylist"";}",NULL
"27784","1852","505","2024-12-17 09:49:26","a:9:{i:792;N;i:793;s:9:""Krocolist"";i:794;N;i:806;s:9:""Krocolist"";i:807;s:9:""Krocolist"";i:808;s:9:""Krocolist"";i:795;s:5:""Blanc"";i:797;s:5:""Blanc"";i:796;s:5:""Blanc"";}",NULL
"27529","2173","505","2024-12-17 06:56:32","a:9:{i:792;N;i:793;s:10:""Scoobylist"";i:794;N;i:806;s:5:""Blanc"";i:807;s:9:""Krocolist"";i:808;s:10:""Scoobylist"";i:795;s:17:""Marsupila’Liste"";i:797;s:10:""Scoobylist"";i:796;s:10:""Scoobylist"";}",NULL
"26764","3197","505","2024-12-16 22:01:34","a:9:{i:792;N;i:793;s:10:""Scoobylist"";i:794;N;i:806;s:15:""Marsupila'Liste"";i:807;s:17:""Obi-Wan Keno'List"";i:808;s:10:""Scoobylist"";i:795;s:19:""Obi-Wan Keno’List"";i:797;s:10:""Scoobylist"";i:796;s:10:""Scoobylist"";}",NULL
"27276","2978","505","2024-12-16 23:12:08","a:9:{i:792;N;i:793;s:10:""Scoobylist"";i:794;N;i:806;s:15:""Marsupila'Liste"";i:807;s:9:""Krocolist"";i:808;s:10:""Scoobylist"";i:795;s:17:""Marsupila’Liste"";i:797;s:10:""Scoobylist"";i:796;s:10:""Scoobylist"";}",NULL
"27533","2579","505","2024-12-17 07:30:32","a:9:{i:792;N;i:793;s:17:""Marsupila’Liste"";i:794;N;i:806;s:15:""Marsupila'Liste"";i:807;s:17:""Obi-Wan Keno'List"";i:808;s:10:""Scoobylist"";i:795;s:17:""Marsupila’Liste"";i:797;s:17:""Marsupila’Liste"";i:796;s:10:""Scoobylist"";}",NULL
"27789","2371","505","2024-12-17 09:50:21","a:9:{i:792;N;i:793;s:10:""Scoobylist"";i:794;N;i:806;s:15:""Marsupila'Liste"";i:807;s:17:""Obi-Wan Keno'List"";i:808;s:9:""Krocolist"";i:795;s:17:""Marsupila’Liste"";i:797;s:10:""Scoobylist"";i:796;s:10:""Scoobylist"";}",NULL
"27279","2770","505","2024-12-16 23:13:18","a:9:{i:792;N;i:793;s:9:""Krocolist"";i:794;N;i:806;s:9:""Krocolist"";i:807;s:9:""Krocolist"";i:808;s:9:""Krocolist"";i:795;s:17:""Marsupila’Liste"";i:797;s:10:""Scoobylist"";i:796;s:10:""Scoobylist"";}",NULL
"27791","2697","505","2024-12-17 09:50:54","a:9:{i:792;N;i:793;s:10:""Scoobylist"";i:794;N;i:806;s:15:""Marsupila'Liste"";i:807;s:17:""Obi-Wan Keno'List"";i:808;s:10:""Scoobylist"";i:795;s:17:""Marsupila’Liste"";i:797;s:10:""Scoobylist"";i:796;s:10:""Scoobylist"";}",NULL
"28047","1698","505","2024-12-17 11:32:53","a:9:{i:792;N;i:793;s:10:""Scoobylist"";i:794;N;i:806;s:15:""Marsupila'Liste"";i:807;s:17:""Obi-Wan Keno'List"";i:808;s:10:""Scoobylist"";i:795;s:5:""Blanc"";i:797;s:10:""Scoobylist"";i:796;s:10:""Scoobylist"";}",NULL
"27280","2721","505","2024-12-16 23:13:23","a:9:{i:792;N;i:793;s:17:""Marsupila’Liste"";i:794;N;i:806;s:15:""Marsupila'Liste"";i:807;s:5:""Blanc"";i:808;s:10:""Scoobylist"";i:795;s:17:""Marsupila’Liste"";i:797;s:17:""Marsupila’Liste"";i:796;s:10:""Scoobylist"";}",NULL
"26513","3106","505","2024-12-16 21:49:28","a:9:{i:792;N;i:793;s:10:""Scoobylist"";i:794;N;i:806;s:15:""Marsupila'Liste"";i:807;s:5:""Blanc"";i:808;s:10:""Scoobylist"";i:795;s:17:""Marsupila’Liste"";i:797;s:10:""Scoobylist"";i:796;s:10:""Scoobylist"";}",NULL
"27537","2278","505","2024-12-17 07:33:07","a:9:{i:792;N;i:793;s:10:""Scoobylist"";i:794;N;i:806;s:15:""Marsupila'Liste"";i:807;s:17:""Obi-Wan Keno'List"";i:808;s:10:""Scoobylist"";i:795;s:17:""Marsupila’Liste"";i:797;s:10:""Scoobylist"";i:796;s:10:""Scoobylist"";}",NULL
"28049","1922","505","2024-12-17 11:33:03","a:9:{i:792;N;i:793;s:10:""Scoobylist"";i:794;N;i:806;s:15:""Marsupila'Liste"";i:807;s:17:""Obi-Wan Keno'List"";i:808;s:10:""Scoobylist"";i:795;s:19:""Obi-Wan Keno’List"";i:797;s:10:""Scoobylist"";i:796;s:10:""Scoobylist"";}",NULL
"26514","2464","505","2024-12-16 21:49:29","a:9:{i:792;N;i:793;s:10:""Scoobylist"";i:794;N;i:806;s:15:""Marsupila'Liste"";i:807;s:5:""Blanc"";i:808;s:10:""Scoobylist"";i:795;s:17:""Marsupila’Liste"";i:797;s:10:""Scoobylist"";i:796;s:10:""Scoobylist"";}",NULL
"27284","2691","505","2024-12-16 23:15:11","a:9:{i:792;N;i:793;s:10:""Scoobylist"";i:794;N;i:806;s:15:""Marsupila'Liste"";i:807;s:17:""Obi-Wan Keno'List"";i:808;s:10:""Scoobylist"";i:795;s:17:""Marsupila’Liste"";i:797;s:17:""Marsupila’Liste"";i:796;s:10:""Scoobylist"";}",NULL
"27029","3122","505","2024-12-16 22:30:46","a:9:{i:792;N;i:793;s:17:""Marsupila’Liste"";i:794;N;i:806;s:15:""Marsupila'Liste"";i:807;s:9:""Krocolist"";i:808;s:9:""Krocolist"";i:795;s:17:""Marsupila’Liste"";i:797;s:17:""Marsupila’Liste"";i:796;s:10:""Scoobylist"";}",NULL
"27798","2120","505","2024-12-17 09:54:49","a:9:{i:792;N;i:793;s:5:""Blanc"";i:794;N;i:806;s:15:""Marsupila'Liste"";i:807;s:17:""Obi-Wan Keno'List"";i:808;s:9:""Krocolist"";i:795;s:5:""Blanc"";i:797;s:17:""Marsupila’Liste"";i:796;s:17:""Obi-Wan Keno'List"";}",NULL
"27543","2656","505","2024-12-17 07:36:12","a:9:{i:792;N;i:793;s:17:""Marsupila’Liste"";i:794;N;i:806;s:15:""Marsupila'Liste"";i:807;s:5:""Blanc"";i:808;s:10:""Scoobylist"";i:795;s:17:""Marsupila’Liste"";i:797;s:17:""Marsupila’Liste"";i:796;s:10:""Scoobylist"";}",NULL
"28055","3149","505","2024-12-17 11:34:08","a:9:{i:792;N;i:793;s:10:""Scoobylist"";i:794;N;i:806;s:15:""Marsupila'Liste"";i:807;s:17:""Obi-Wan Keno'List"";i:808;s:10:""Scoobylist"";i:795;s:17:""Marsupila’Liste"";i:797;s:10:""Scoobylist"";i:796;s:10:""Scoobylist"";}",NULL
"27032","2654","505","2024-12-16 22:30:54","a:9:{i:792;N;i:793;s:17:""Marsupila’Liste"";i:794;N;i:806;s:15:""Marsupila'Liste"";i:807;s:17:""Obi-Wan Keno'List"";i:808;s:10:""Scoobylist"";i:795;s:17:""Marsupila’Liste"";i:797;s:17:""Marsupila’Liste"";i:796;s:10:""Scoobylist"";}",NULL
"27800","2979","505","2024-12-17 09:55:12","a:9:{i:792;N;i:793;s:10:""Scoobylist"";i:794;N;i:806;s:15:""Marsupila'Liste"";i:807;s:17:""Obi-Wan Keno'List"";i:808;s:10:""Scoobylist"";i:795;s:17:""Marsupila’Liste"";i:797;s:10:""Scoobylist"";i:796;s:10:""Scoobylist"";}",NULL
"26521","2462","505","2024-12-16 21:49:43","a:9:{i:792;N;i:793;s:10:""Scoobylist"";i:794;N;i:806;s:15:""Marsupila'Liste"";i:807;s:17:""Obi-Wan Keno'List"";i:808;s:10:""Scoobylist"";i:795;s:17:""Marsupila’Liste"";i:797;s:10:""Scoobylist"";i:796;s:10:""Scoobylist"";}",NULL
"26778","2889","505","2024-12-16 22:02:31","a:9:{i:792;N;i:793;s:10:""Scoobylist"";i:794;N;i:806;s:15:""Marsupila'Liste"";i:807;s:17:""Obi-Wan Keno'List"";i:808;s:10:""Scoobylist"";i:795;s:19:""Obi-Wan Keno’List"";i:797;s:10:""Scoobylist"";i:796;s:10:""Scoobylist"";}",NULL
"28059","2747","505","2024-12-17 11:34:49","a:9:{i:792;N;i:793;s:10:""Scoobylist"";i:794;N;i:806;s:15:""Marsupila'Liste"";i:807;s:17:""Obi-Wan Keno'List"";i:808;s:10:""Scoobylist"";i:795;s:17:""Marsupila’Liste"";i:797;s:10:""Scoobylist"";i:796;s:10:""Scoobylist"";}",NULL
"26526","3049","505","2024-12-16 21:49:50","a:9:{i:792;N;i:793;s:10:""Scoobylist"";i:794;N;i:806;s:15:""Marsupila'Liste"";i:807;s:17:""Obi-Wan Keno'List"";i:808;s:10:""Scoobylist"";i:795;s:17:""Marsupila’Liste"";i:797;s:10:""Scoobylist"";i:796;s:10:""Scoobylist"";}",NULL
"26782","1787","505","2024-12-16 22:02:39","a:9:{i:792;N;i:793;s:10:""Scoobylist"";i:794;N;i:806;s:15:""Marsupila'Liste"";i:807;s:17:""Obi-Wan Keno'List"";i:808;s:10:""Scoobylist"";i:795;s:19:""Obi-Wan Keno’List"";i:797;s:10:""Scoobylist"";i:796;s:10:""Scoobylist"";}",NULL
"27295","2589","505","2024-12-16 23:20:25","a:9:{i:792;N;i:793;s:10:""Scoobylist"";i:794;N;i:806;s:15:""Marsupila'Liste"";i:807;s:9:""Krocolist"";i:808;s:9:""Krocolist"";i:795;s:17:""Marsupila’Liste"";i:797;s:10:""Scoobylist"";i:796;s:10:""Scoobylist"";}",NULL
"27551","2188","505","2024-12-17 07:42:16","a:9:{i:792;N;i:793;s:10:""Scoobylist"";i:794;N;i:806;s:15:""Marsupila'Liste"";i:807;s:9:""Krocolist"";i:808;s:10:""Scoobylist"";i:795;s:17:""Marsupila’Liste"";i:797;s:10:""Scoobylist"";i:796;s:10:""Scoobylist"";}",NULL
"26784","2564","505","2024-12-16 22:02:46","a:9:{i:792;N;i:793;s:17:""Marsupila’Liste"";i:794;N;i:806;s:15:""Marsupila'Liste"";i:807;s:17:""Obi-Wan Keno'List"";i:808;s:10:""Scoobylist"";i:795;s:17:""Marsupila’Liste"";i:797;s:10:""Scoobylist"";i:796;s:10:""Scoobylist"";}",NULL
"28065","2134","505","2024-12-17 11:36:48","a:9:{i:792;N;i:793;s:10:""Scoobylist"";i:794;N;i:806;s:15:""Marsupila'Liste"";i:807;s:17:""Obi-Wan Keno'List"";i:808;s:10:""Scoobylist"";i:795;s:17:""Marsupila’Liste"";i:797;s:10:""Scoobylist"";i:796;s:10:""Scoobylist"";}",NULL
"27811","1780","505","2024-12-17 10:05:22","a:9:{i:792;N;i:793;s:17:""Marsupila’Liste"";i:794;N;i:806;s:15:""Marsupila'Liste"";i:807;s:17:""Obi-Wan Keno'List"";i:808;s:10:""Scoobylist"";i:795;s:17:""Marsupila’Liste"";i:797;s:17:""Marsupila’Liste"";i:796;s:10:""Scoobylist"";}",NULL
"26789","3101","505","2024-12-16 22:03:24","a:9:{i:792;N;i:793;s:10:""Scoobylist"";i:794;N;i:806;s:15:""Marsupila'Liste"";i:807;s:5:""Blanc"";i:808;s:10:""Scoobylist"";i:795;s:17:""Marsupila’Liste"";i:797;s:10:""Scoobylist"";i:796;s:10:""Scoobylist"";}",NULL
"27558","3097","505","2024-12-17 07:43:28","a:9:{i:792;N;i:793;s:19:""Obi-Wan Keno’List"";i:794;N;i:806;s:9:""Krocolist"";i:807;s:17:""Obi-Wan Keno'List"";i:808;s:9:""Krocolist"";i:795;s:19:""Obi-Wan Keno’List"";i:797;s:10:""Scoobylist"";i:796;s:17:""Obi-Wan Keno'List"";}",NULL
"26792","2467","505","2024-12-16 22:03:38","a:9:{i:792;N;i:793;s:10:""Scoobylist"";i:794;N;i:806;s:15:""Marsupila'Liste"";i:807;s:5:""Blanc"";i:808;s:10:""Scoobylist"";i:795;s:17:""Marsupila’Liste"";i:797;s:10:""Scoobylist"";i:796;s:10:""Scoobylist"";}",NULL
"27560","2615","505","2024-12-17 07:44:57","a:9:{i:792;N;i:793;s:10:""Scoobylist"";i:794;N;i:806;s:15:""Marsupila'Liste"";i:807;s:17:""Obi-Wan Keno'List"";i:808;s:10:""Scoobylist"";i:795;s:17:""Marsupila’Liste"";i:797;s:10:""Scoobylist"";i:796;s:10:""Scoobylist"";}",NULL
"27817","2344","505","2024-12-17 10:07:19","a:9:{i:792;N;i:793;s:10:""Scoobylist"";i:794;N;i:806;s:15:""Marsupila'Liste"";i:807;s:17:""Obi-Wan Keno'List"";i:808;s:10:""Scoobylist"";i:795;s:19:""Obi-Wan Keno’List"";i:797;s:10:""Scoobylist"";i:796;s:10:""Scoobylist"";}",NULL
"28074","2557","505","2024-12-17 11:38:51","a:9:{i:792;N;i:793;s:10:""Scoobylist"";i:794;N;i:806;s:15:""Marsupila'Liste"";i:807;s:17:""Obi-Wan Keno'List"";i:808;s:10:""Scoobylist"";i:795;s:17:""Marsupila’Liste"";i:797;s:10:""Scoobylist"";i:796;s:10:""Scoobylist"";}",NULL
"26539","1686","505","2024-12-16 21:50:36","a:9:{i:792;N;i:793;s:10:""Scoobylist"";i:794;N;i:806;s:15:""Marsupila'Liste"";i:807;s:17:""Obi-Wan Keno'List"";i:808;s:10:""Scoobylist"";i:795;s:17:""Marsupila’Liste"";i:797;s:10:""Scoobylist"";i:796;s:10:""Scoobylist"";}",NULL
"26795","2509","505","2024-12-16 22:03:48","a:9:{i:792;N;i:793;s:17:""Marsupila’Liste"";i:794;N;i:806;s:15:""Marsupila'Liste"";i:807;s:17:""Obi-Wan Keno'List"";i:808;s:5:""Blanc"";i:795;s:17:""Marsupila’Liste"";i:797;s:17:""Marsupila’Liste"";i:796;s:5:""Blanc"";}",NULL
"26540","2070","505","2024-12-16 21:50:38","a:9:{i:792;N;i:793;s:10:""Scoobylist"";i:794;N;i:806;s:15:""Marsupila'Liste"";i:807;s:5:""Blanc"";i:808;s:10:""Scoobylist"";i:795;s:17:""Marsupila’Liste"";i:797;s:10:""Scoobylist"";i:796;s:10:""Scoobylist"";}",NULL
"26796","1744","505","2024-12-16 22:03:55","a:9:{i:792;N;i:793;s:10:""Scoobylist"";i:794;N;i:806;s:15:""Marsupila'Liste"";i:807;s:17:""Obi-Wan Keno'List"";i:808;s:10:""Scoobylist"";i:795;s:19:""Obi-Wan Keno’List"";i:797;s:10:""Scoobylist"";i:796;s:10:""Scoobylist"";}",NULL
"27308","3060","505","2024-12-16 23:23:28","a:9:{i:792;N;i:793;s:19:""Obi-Wan Keno’List"";i:794;N;i:806;s:15:""Marsupila'Liste"";i:807;s:17:""Obi-Wan Keno'List"";i:808;s:10:""Scoobylist"";i:795;s:19:""Obi-Wan Keno’List"";i:797;s:17:""Marsupila’Liste"";i:796;s:17:""Obi-Wan Keno'List"";}",NULL
"27820","1714","505","2024-12-17 10:08:24","a:9:{i:792;N;i:793;s:10:""Scoobylist"";i:794;N;i:806;s:15:""Marsupila'Liste"";i:807;s:17:""Obi-Wan Keno'List"";i:808;s:10:""Scoobylist"";i:795;s:19:""Obi-Wan Keno’List"";i:797;s:10:""Scoobylist"";i:796;s:10:""Scoobylist"";}",NULL
"27566","1861","505","2024-12-17 07:48:00","a:9:{i:792;N;i:793;s:10:""Scoobylist"";i:794;N;i:806;s:15:""Marsupila'Liste"";i:807;s:17:""Obi-Wan Keno'List"";i:808;s:10:""Scoobylist"";i:795;s:17:""Marsupila’Liste"";i:797;s:10:""Scoobylist"";i:796;s:10:""Scoobylist"";}",NULL
"26799","2749","505","2024-12-16 22:04:08","a:9:{i:792;N;i:793;s:10:""Scoobylist"";i:794;N;i:806;s:15:""Marsupila'Liste"";i:807;s:17:""Obi-Wan Keno'List"";i:808;s:10:""Scoobylist"";i:795;s:17:""Marsupila’Liste"";i:797;s:10:""Scoobylist"";i:796;s:10:""Scoobylist"";}",NULL
"27055","2626","505","2024-12-16 22:32:13","a:9:{i:792;N;i:793;s:10:""Scoobylist"";i:794;N;i:806;s:15:""Marsupila'Liste"";i:807;s:5:""Blanc"";i:808;s:10:""Scoobylist"";i:795;s:17:""Marsupila’Liste"";i:797;s:10:""Scoobylist"";i:796;s:10:""Scoobylist"";}",NULL
"27568","1733","505","2024-12-17 07:48:40","a:9:{i:792;N;i:793;s:10:""Scoobylist"";i:794;N;i:806;s:15:""Marsupila'Liste"";i:807;s:17:""Obi-Wan Keno'List"";i:808;s:10:""Scoobylist"";i:795;s:17:""Marsupila’Liste"";i:797;s:10:""Scoobylist"";i:796;s:10:""Scoobylist"";}",NULL
"27824","2088","505","2024-12-17 10:09:21","a:9:{i:792;N;i:793;s:9:""Krocolist"";i:794;N;i:806;s:9:""Krocolist"";i:807;s:9:""Krocolist"";i:808;s:9:""Krocolist"";i:795;s:17:""Marsupila’Liste"";i:797;s:5:""Blanc"";i:796;s:10:""Scoobylist"";}",NULL
"26801","1839","505","2024-12-16 22:04:24","a:9:{i:792;N;i:793;s:19:""Obi-Wan Keno’List"";i:794;N;i:806;s:5:""Blanc"";i:807;s:17:""Obi-Wan Keno'List"";i:808;s:5:""Blanc"";i:795;s:19:""Obi-Wan Keno’List"";i:797;s:17:""Marsupila’Liste"";i:796;s:17:""Obi-Wan Keno'List"";}",NULL
"28081","1777","505","2024-12-17 11:43:34","a:9:{i:792;N;i:793;s:10:""Scoobylist"";i:794;N;i:806;s:15:""Marsupila'Liste"";i:807;s:5:""Blanc"";i:808;s:10:""Scoobylist"";i:795;s:17:""Marsupila’Liste"";i:797;s:10:""Scoobylist"";i:796;s:10:""Scoobylist"";}",NULL
"26802","2593","505","2024-12-16 22:04:34","a:9:{i:792;N;i:793;s:10:""Scoobylist"";i:794;N;i:806;s:15:""Marsupila'Liste"";i:807;s:17:""Obi-Wan Keno'List"";i:808;s:10:""Scoobylist"";i:795;s:17:""Marsupila’Liste"";i:797;s:10:""Scoobylist"";i:796;s:10:""Scoobylist"";}",NULL
"27314","1853","505","2024-12-16 23:24:00","a:9:{i:792;N;i:793;s:17:""Marsupila’Liste"";i:794;N;i:806;s:15:""Marsupila'Liste"";i:807;s:17:""Obi-Wan Keno'List"";i:808;s:10:""Scoobylist"";i:795;s:17:""Marsupila’Liste"";i:797;s:17:""Marsupila’Liste"";i:796;s:10:""Scoobylist"";}",NULL
"27827","2694","505","2024-12-17 10:10:52","a:9:{i:792;N;i:793;s:10:""Scoobylist"";i:794;N;i:806;s:9:""Krocolist"";i:807;s:9:""Krocolist"";i:808;s:9:""Krocolist"";i:795;s:17:""Marsupila’Liste"";i:797;s:10:""Scoobylist"";i:796;s:10:""Scoobylist"";}",NULL
"27572","2567","505","2024-12-17 07:50:56","a:9:{i:792;N;i:793;s:9:""Krocolist"";i:794;N;i:806;s:9:""Krocolist"";i:807;s:9:""Krocolist"";i:808;s:9:""Krocolist"";i:795;s:5:""Blanc"";i:797;s:10:""Scoobylist"";i:796;s:10:""Scoobylist"";}",NULL
"27573","1903","505","2024-12-17 07:51:27","a:9:{i:792;N;i:793;s:10:""Scoobylist"";i:794;N;i:806;s:5:""Blanc"";i:807;s:5:""Blanc"";i:808;s:10:""Scoobylist"";i:795;s:17:""Marsupila’Liste"";i:797;s:10:""Scoobylist"";i:796;s:10:""Scoobylist"";}",NULL
"28086","1769","505","2024-12-17 11:45:40","a:9:{i:792;N;i:793;s:17:""Marsupila’Liste"";i:794;N;i:806;s:9:""Krocolist"";i:807;s:17:""Obi-Wan Keno'List"";i:808;s:10:""Scoobylist"";i:795;s:17:""Marsupila’Liste"";i:797;s:10:""Scoobylist"";i:796;s:17:""Obi-Wan Keno'List"";}",NULL
"26551","2909","505","2024-12-16 21:51:13","a:9:{i:792;N;i:793;s:10:""Scoobylist"";i:794;N;i:806;s:9:""Krocolist"";i:807;s:9:""Krocolist"";i:808;s:10:""Scoobylist"";i:795;s:17:""Marsupila’Liste"";i:797;s:10:""Scoobylist"";i:796;s:10:""Scoobylist"";}",NULL
"28087","2658","505","2024-12-17 11:45:46","a:9:{i:792;N;i:793;s:10:""Scoobylist"";i:794;N;i:806;s:15:""Marsupila'Liste"";i:807;s:17:""Obi-Wan Keno'List"";i:808;s:10:""Scoobylist"";i:795;s:17:""Marsupila’Liste"";i:797;s:10:""Scoobylist"";i:796;s:10:""Scoobylist"";}",NULL
"26808","2059","505","2024-12-16 22:05:01","a:9:{i:792;N;i:793;s:10:""Scoobylist"";i:794;N;i:806;s:15:""Marsupila'Liste"";i:807;s:17:""Obi-Wan Keno'List"";i:808;s:10:""Scoobylist"";i:795;s:17:""Marsupila’Liste"";i:797;s:10:""Scoobylist"";i:796;s:10:""Scoobylist"";}",NULL
"27064","2677","505","2024-12-16 22:32:55","a:9:{i:792;N;i:793;s:10:""Scoobylist"";i:794;N;i:806;s:15:""Marsupila'Liste"";i:807;s:17:""Obi-Wan Keno'List"";i:808;s:10:""Scoobylist"";i:795;s:17:""Marsupila’Liste"";i:797;s:10:""Scoobylist"";i:796;s:10:""Scoobylist"";}",NULL
"27067","3103","505","2024-12-16 22:33:07","a:9:{i:792;N;i:793;s:17:""Marsupila’Liste"";i:794;N;i:806;s:15:""Marsupila'Liste"";i:807;s:17:""Obi-Wan Keno'List"";i:808;s:10:""Scoobylist"";i:795;s:17:""Marsupila’Liste"";i:797;s:17:""Marsupila’Liste"";i:796;s:10:""Scoobylist"";}",NULL
"28092","2475","505","2024-12-17 11:47:30","a:9:{i:792;N;i:793;s:10:""Scoobylist"";i:794;N;i:806;s:15:""Marsupila'Liste"";i:807;s:5:""Blanc"";i:808;s:10:""Scoobylist"";i:795;s:17:""Marsupila’Liste"";i:797;s:10:""Scoobylist"";i:796;s:10:""Scoobylist"";}",NULL
"27070","2292","505","2024-12-16 22:33:10","a:9:{i:792;N;i:793;s:10:""Scoobylist"";i:794;N;i:806;s:15:""Marsupila'Liste"";i:807;s:17:""Obi-Wan Keno'List"";i:808;s:10:""Scoobylist"";i:795;s:19:""Obi-Wan Keno’List"";i:797;s:10:""Scoobylist"";i:796;s:10:""Scoobylist"";}",NULL
"27326","1736","505","2024-12-16 23:27:14","a:9:{i:792;N;i:793;s:10:""Scoobylist"";i:794;N;i:806;s:15:""Marsupila'Liste"";i:807;s:17:""Obi-Wan Keno'List"";i:808;s:10:""Scoobylist"";i:795;s:17:""Marsupila’Liste"";i:797;s:10:""Scoobylist"";i:796;s:10:""Scoobylist"";}",NULL
"27582","2929","505","2024-12-17 07:56:59","a:9:{i:792;N;i:793;s:19:""Obi-Wan Keno’List"";i:794;N;i:806;s:15:""Marsupila'Liste"";i:807;s:17:""Obi-Wan Keno'List"";i:808;s:10:""Scoobylist"";i:795;s:19:""Obi-Wan Keno’List"";i:797;s:10:""Scoobylist"";i:796;s:17:""Obi-Wan Keno'List"";}",NULL
"27327","3244","505","2024-12-16 23:27:27","a:9:{i:792;N;i:793;s:10:""Scoobylist"";i:794;N;i:806;s:15:""Marsupila'Liste"";i:807;s:17:""Obi-Wan Keno'List"";i:808;s:10:""Scoobylist"";i:795;s:17:""Marsupila’Liste"";i:797;s:10:""Scoobylist"";i:796;s:10:""Scoobylist"";}",NULL
"27584","2675","505","2024-12-17 08:02:19","a:9:{i:792;N;i:793;s:10:""Scoobylist"";i:794;N;i:806;s:15:""Marsupila'Liste"";i:807;s:17:""Obi-Wan Keno'List"";i:808;s:10:""Scoobylist"";i:795;s:17:""Marsupila’Liste"";i:797;s:10:""Scoobylist"";i:796;s:10:""Scoobylist"";}",NULL
"28096","3070","505","2024-12-17 11:48:26","a:9:{i:792;N;i:793;s:17:""Marsupila’Liste"";i:794;N;i:806;s:15:""Marsupila'Liste"";i:807;s:17:""Obi-Wan Keno'List"";i:808;s:10:""Scoobylist"";i:795;s:17:""Marsupila’Liste"";i:797;s:17:""Marsupila’Liste"";i:796;s:10:""Scoobylist"";}",NULL
"27074","2993","505","2024-12-16 22:33:28","a:9:{i:792;N;i:793;s:17:""Marsupila’Liste"";i:794;N;i:806;s:15:""Marsupila'Liste"";i:807;s:5:""Blanc"";i:808;s:10:""Scoobylist"";i:795;s:17:""Marsupila’Liste"";i:797;s:17:""Marsupila’Liste"";i:796;s:10:""Scoobylist"";}",NULL
"28098","1851","505","2024-12-17 11:48:54","a:9:{i:792;N;i:793;s:10:""Scoobylist"";i:794;N;i:806;s:15:""Marsupila'Liste"";i:807;s:17:""Obi-Wan Keno'List"";i:808;s:10:""Scoobylist"";i:795;s:17:""Marsupila’Liste"";i:797;s:10:""Scoobylist"";i:796;s:10:""Scoobylist"";}",NULL
"27843","2672","505","2024-12-17 10:19:32","a:9:{i:792;N;i:793;s:17:""Marsupila’Liste"";i:794;N;i:806;s:15:""Marsupila'Liste"";i:807;s:9:""Krocolist"";i:808;s:10:""Scoobylist"";i:795;s:17:""Marsupila’Liste"";i:797;s:17:""Marsupila’Liste"";i:796;s:10:""Scoobylist"";}",NULL
"26824","2594","505","2024-12-16 22:06:15","a:9:{i:792;N;i:793;s:10:""Scoobylist"";i:794;N;i:806;s:15:""Marsupila'Liste"";i:807;s:17:""Obi-Wan Keno'List"";i:808;s:10:""Scoobylist"";i:795;s:17:""Marsupila’Liste"";i:797;s:10:""Scoobylist"";i:796;s:10:""Scoobylist"";}",NULL
"28104","2780","505","2024-12-17 11:53:04","a:9:{i:792;N;i:793;s:17:""Marsupila’Liste"";i:794;N;i:806;s:15:""Marsupila'Liste"";i:807;s:17:""Obi-Wan Keno'List"";i:808;s:10:""Scoobylist"";i:795;s:17:""Marsupila’Liste"";i:797;s:17:""Marsupila’Liste"";i:796;s:10:""Scoobylist"";}",NULL
"27337","2768","505","2024-12-16 23:31:44","a:9:{i:792;N;i:793;s:10:""Scoobylist"";i:794;N;i:806;s:15:""Marsupila'Liste"";i:807;s:9:""Krocolist"";i:808;s:10:""Scoobylist"";i:795;s:17:""Marsupila’Liste"";i:797;s:10:""Scoobylist"";i:796;s:10:""Scoobylist"";}",NULL
"28105","2646","505","2024-12-17 11:53:35","a:9:{i:792;N;i:793;s:19:""Obi-Wan Keno’List"";i:794;N;i:806;s:15:""Marsupila'Liste"";i:807;s:17:""Obi-Wan Keno'List"";i:808;s:10:""Scoobylist"";i:795;s:19:""Obi-Wan Keno’List"";i:797;s:17:""Marsupila’Liste"";i:796;s:17:""Obi-Wan Keno'List"";}",NULL
"27594","1741","505","2024-12-17 08:04:44","a:9:{i:792;N;i:793;s:17:""Marsupila’Liste"";i:794;N;i:806;s:15:""Marsupila'Liste"";i:807;s:17:""Obi-Wan Keno'List"";i:808;s:10:""Scoobylist"";i:795;s:17:""Marsupila’Liste"";i:797;s:17:""Marsupila’Liste"";i:796;s:17:""Obi-Wan Keno'List"";}",NULL
"26827","3016","505","2024-12-16 22:06:35","a:9:{i:792;N;i:793;s:10:""Scoobylist"";i:794;N;i:806;s:15:""Marsupila'Liste"";i:807;s:5:""Blanc"";i:808;s:10:""Scoobylist"";i:795;s:17:""Marsupila’Liste"";i:797;s:10:""Scoobylist"";i:796;s:10:""Scoobylist"";}",NULL
"26828","2974","505","2024-12-16 22:06:36","a:9:{i:792;N;i:793;s:10:""Scoobylist"";i:794;N;i:806;s:15:""Marsupila'Liste"";i:807;s:17:""Obi-Wan Keno'List"";i:808;s:10:""Scoobylist"";i:795;s:17:""Marsupila’Liste"";i:797;s:10:""Scoobylist"";i:796;s:10:""Scoobylist"";}",NULL
"27340","3034","505","2024-12-16 23:32:05","a:9:{i:792;N;i:793;s:10:""Scoobylist"";i:794;N;i:806;s:15:""Marsupila'Liste"";i:807;s:17:""Obi-Wan Keno'List"";i:808;s:10:""Scoobylist"";i:795;s:17:""Marsupila’Liste"";i:797;s:10:""Scoobylist"";i:796;s:10:""Scoobylist"";}",NULL
"27596","2232","505","2024-12-17 08:05:13","a:9:{i:792;N;i:793;s:10:""Scoobylist"";i:794;N;i:806;s:15:""Marsupila'Liste"";i:807;s:9:""Krocolist"";i:808;s:10:""Scoobylist"";i:795;s:17:""Marsupila’Liste"";i:797;s:10:""Scoobylist"";i:796;s:10:""Scoobylist"";}",NULL
"27086","3092","505","2024-12-16 22:34:13","a:9:{i:792;N;i:793;s:19:""Obi-Wan Keno’List"";i:794;N;i:806;s:15:""Marsupila'Liste"";i:807;s:17:""Obi-Wan Keno'List"";i:808;s:10:""Scoobylist"";i:795;s:19:""Obi-Wan Keno’List"";i:797;s:17:""Marsupila’Liste"";i:796;s:17:""Obi-Wan Keno'List"";}",NULL
"27598","3005","505","2024-12-17 08:05:25","a:9:{i:792;N;i:793;s:10:""Scoobylist"";i:794;N;i:806;s:15:""Marsupila'Liste"";i:807;s:17:""Obi-Wan Keno'List"";i:808;s:10:""Scoobylist"";i:795;s:17:""Marsupila’Liste"";i:797;s:10:""Scoobylist"";i:796;s:10:""Scoobylist"";}",NULL
"27854","3102","505","2024-12-17 10:22:34","a:9:{i:792;N;i:793;s:17:""Marsupila’Liste"";i:794;N;i:806;s:15:""Marsupila'Liste"";i:807;s:17:""Obi-Wan Keno'List"";i:808;s:10:""Scoobylist"";i:795;s:17:""Marsupila’Liste"";i:797;s:17:""Marsupila’Liste"";i:796;s:10:""Scoobylist"";}",NULL
"27600","2668","505","2024-12-17 08:08:41","a:9:{i:792;N;i:793;s:10:""Scoobylist"";i:794;N;i:806;s:9:""Krocolist"";i:807;s:9:""Krocolist"";i:808;s:10:""Scoobylist"";i:795;s:19:""Obi-Wan Keno’List"";i:797;s:10:""Scoobylist"";i:796;s:10:""Scoobylist"";}",NULL
"27857","2590","505","2024-12-17 10:22:49","a:9:{i:792;N;i:793;s:10:""Scoobylist"";i:794;N;i:806;s:15:""Marsupila'Liste"";i:807;s:17:""Obi-Wan Keno'List"";i:808;s:10:""Scoobylist"";i:795;s:17:""Marsupila’Liste"";i:797;s:10:""Scoobylist"";i:796;s:10:""Scoobylist"";}",NULL
"26834","3031","505","2024-12-16 22:07:19","a:9:{i:792;N;i:793;s:10:""Scoobylist"";i:794;N;i:806;s:9:""Krocolist"";i:807;s:9:""Krocolist"";i:808;s:10:""Scoobylist"";i:795;s:5:""Blanc"";i:797;s:10:""Scoobylist"";i:796;s:10:""Scoobylist"";}",NULL
"27603","2487","505","2024-12-17 08:09:55","a:9:{i:792;N;i:793;s:10:""Scoobylist"";i:794;N;i:806;s:15:""Marsupila'Liste"";i:807;s:17:""Obi-Wan Keno'List"";i:808;s:10:""Scoobylist"";i:795;s:17:""Marsupila’Liste"";i:797;s:10:""Scoobylist"";i:796;s:10:""Scoobylist"";}",NULL
"27860","2648","505","2024-12-17 10:23:29","a:9:{i:792;N;i:793;s:9:""Krocolist"";i:794;N;i:806;s:9:""Krocolist"";i:807;s:9:""Krocolist"";i:808;s:9:""Krocolist"";i:795;s:5:""Blanc"";i:797;s:10:""Scoobylist"";i:796;s:10:""Scoobylist"";}",NULL
"26838","3124","505","2024-12-16 22:07:43","a:9:{i:792;N;i:793;s:10:""Scoobylist"";i:794;N;i:806;s:15:""Marsupila'Liste"";i:807;s:17:""Obi-Wan Keno'List"";i:808;s:10:""Scoobylist"";i:795;s:17:""Marsupila’Liste"";i:797;s:10:""Scoobylist"";i:796;s:10:""Scoobylist"";}",NULL
"26839","3161","505","2024-12-16 22:07:45","a:9:{i:792;N;i:793;s:10:""Scoobylist"";i:794;N;i:806;s:15:""Marsupila'Liste"";i:807;s:17:""Obi-Wan Keno'List"";i:808;s:10:""Scoobylist"";i:795;s:17:""Marsupila’Liste"";i:797;s:10:""Scoobylist"";i:796;s:10:""Scoobylist"";}",NULL
"28119","2951","505","2024-12-17 11:56:54","a:9:{i:792;N;i:793;s:19:""Obi-Wan Keno’List"";i:794;N;i:806;s:9:""Krocolist"";i:807;s:17:""Obi-Wan Keno'List"";i:808;s:9:""Krocolist"";i:795;s:19:""Obi-Wan Keno’List"";i:797;s:17:""Marsupila’Liste"";i:796;s:17:""Obi-Wan Keno'List"";}",NULL
"27352","2926","505","2024-12-16 23:33:32","a:9:{i:792;N;i:793;s:17:""Marsupila’Liste"";i:794;N;i:806;s:15:""Marsupila'Liste"";i:807;s:17:""Obi-Wan Keno'List"";i:808;s:10:""Scoobylist"";i:795;s:17:""Marsupila’Liste"";i:797;s:10:""Scoobylist"";i:796;s:10:""Scoobylist"";}",NULL
"28122","2050","505","2024-12-17 11:57:45","a:9:{i:792;N;i:793;s:5:""Blanc"";i:794;N;i:806;s:5:""Blanc"";i:807;s:5:""Blanc"";i:808;s:5:""Blanc"";i:795;s:5:""Blanc"";i:797;s:5:""Blanc"";i:796;s:5:""Blanc"";}",NULL
"26587","2585","505","2024-12-16 21:52:09","a:9:{i:792;N;i:793;s:17:""Marsupila’Liste"";i:794;N;i:806;s:15:""Marsupila'Liste"";i:807;s:5:""Blanc"";i:808;s:10:""Scoobylist"";i:795;s:17:""Marsupila’Liste"";i:797;s:17:""Marsupila’Liste"";i:796;s:5:""Blanc"";}",NULL
"26844","2595","505","2024-12-16 22:08:19","a:9:{i:792;N;i:793;s:10:""Scoobylist"";i:794;N;i:806;s:9:""Krocolist"";i:807;s:9:""Krocolist"";i:808;s:10:""Scoobylist"";i:795;s:17:""Marsupila’Liste"";i:797;s:10:""Scoobylist"";i:796;s:10:""Scoobylist"";}",NULL
"27612","3211","505","2024-12-17 08:13:39","a:9:{i:792;N;i:793;s:19:""Obi-Wan Keno’List"";i:794;N;i:806;s:9:""Krocolist"";i:807;s:17:""Obi-Wan Keno'List"";i:808;s:9:""Krocolist"";i:795;s:19:""Obi-Wan Keno’List"";i:797;s:5:""Blanc"";i:796;s:17:""Obi-Wan Keno'List"";}",NULL
"26846","2162","505","2024-12-16 22:08:26","a:9:{i:792;N;i:793;s:10:""Scoobylist"";i:794;N;i:806;s:15:""Marsupila'Liste"";i:807;s:17:""Obi-Wan Keno'List"";i:808;s:10:""Scoobylist"";i:795;s:17:""Marsupila’Liste"";i:797;s:10:""Scoobylist"";i:796;s:10:""Scoobylist"";}",NULL
"27614","2133","505","2024-12-17 08:14:48","a:9:{i:792;N;i:793;s:9:""Krocolist"";i:794;N;i:806;s:9:""Krocolist"";i:807;s:9:""Krocolist"";i:808;s:9:""Krocolist"";i:795;s:5:""Blanc"";i:797;s:5:""Blanc"";i:796;s:5:""Blanc"";}",NULL
"26847","2231","505","2024-12-16 22:08:28","a:9:{i:792;N;i:793;s:17:""Marsupila’Liste"";i:794;N;i:806;s:15:""Marsupila'Liste"";i:807;s:17:""Obi-Wan Keno'List"";i:808;s:10:""Scoobylist"";i:795;s:17:""Marsupila’Liste"";i:797;s:17:""Marsupila’Liste"";i:796;s:10:""Scoobylist"";}",NULL
"27103","2759","505","2024-12-16 22:36:57","a:9:{i:792;N;i:793;s:19:""Obi-Wan Keno’List"";i:794;N;i:806;s:15:""Marsupila'Liste"";i:807;s:17:""Obi-Wan Keno'List"";i:808;s:10:""Scoobylist"";i:795;s:19:""Obi-Wan Keno’List"";i:797;s:10:""Scoobylist"";i:796;s:17:""Obi-Wan Keno'List"";}",NULL
"27360","2714","505","2024-12-16 23:34:08","a:9:{i:792;N;i:793;s:10:""Scoobylist"";i:794;N;i:806;s:15:""Marsupila'Liste"";i:807;s:17:""Obi-Wan Keno'List"";i:808;s:10:""Scoobylist"";i:795;s:17:""Marsupila’Liste"";i:797;s:10:""Scoobylist"";i:796;s:10:""Scoobylist"";}",NULL
"27874","2068","505","2024-12-17 10:25:42","a:9:{i:792;N;i:793;s:10:""Scoobylist"";i:794;N;i:806;s:15:""Marsupila'Liste"";i:807;s:17:""Obi-Wan Keno'List"";i:808;s:10:""Scoobylist"";i:795;s:17:""Marsupila’Liste"";i:797;s:10:""Scoobylist"";i:796;s:10:""Scoobylist"";}",NULL
"27876","2363","505","2024-12-17 10:26:21","a:9:{i:792;N;i:793;s:10:""Scoobylist"";i:794;N;i:806;s:15:""Marsupila'Liste"";i:807;s:17:""Obi-Wan Keno'List"";i:808;s:10:""Scoobylist"";i:795;s:17:""Marsupila’Liste"";i:797;s:10:""Scoobylist"";i:796;s:10:""Scoobylist"";}",NULL
"26341","2474","505","2024-12-16 11:28:03","a:9:{i:792;N;i:793;s:17:""Marsupila’Liste"";i:794;N;i:806;s:9:""Krocolist"";i:807;s:9:""Krocolist"";i:808;s:9:""Krocolist"";i:795;s:19:""Obi-Wan Keno’List"";i:797;s:5:""Blanc"";i:796;s:10:""Scoobylist"";}","2024-12-16 11:28:29"
"26597","1712","505","2024-12-16 21:52:32","a:9:{i:792;N;i:793;s:10:""Scoobylist"";i:794;N;i:806;s:15:""Marsupila'Liste"";i:807;s:17:""Obi-Wan Keno'List"";i:808;s:10:""Scoobylist"";i:795;s:17:""Marsupila’Liste"";i:797;s:10:""Scoobylist"";i:796;s:10:""Scoobylist"";}",NULL
"26853","2306","505","2024-12-16 22:09:07","a:9:{i:792;N;i:793;s:10:""Scoobylist"";i:794;N;i:806;s:15:""Marsupila'Liste"";i:807;s:17:""Obi-Wan Keno'List"";i:808;s:10:""Scoobylist"";i:795;s:17:""Marsupila’Liste"";i:797;s:10:""Scoobylist"";i:796;s:10:""Scoobylist"";}",NULL
"27109","2556","505","2024-12-16 22:37:31","a:9:{i:792;N;i:793;s:10:""Scoobylist"";i:794;N;i:806;s:15:""Marsupila'Liste"";i:807;s:17:""Obi-Wan Keno'List"";i:808;s:10:""Scoobylist"";i:795;s:17:""Marsupila’Liste"";i:797;s:10:""Scoobylist"";i:796;s:10:""Scoobylist"";}",NULL
"27877","2469","505","2024-12-17 10:26:23","a:9:{i:792;N;i:793;s:17:""Marsupila’Liste"";i:794;N;i:806;s:15:""Marsupila'Liste"";i:807;s:17:""Obi-Wan Keno'List"";i:808;s:10:""Scoobylist"";i:795;s:17:""Marsupila’Liste"";i:797;s:17:""Marsupila’Liste"";i:796;s:10:""Scoobylist"";}",NULL
"26342","2520","505","2024-12-16 11:47:34","a:9:{i:792;N;i:793;s:17:""Marsupila’Liste"";i:794;N;i:806;s:15:""Marsupila'Liste"";i:807;s:5:""Blanc"";i:808;s:10:""Scoobylist"";i:795;s:17:""Marsupila’Liste"";i:797;s:17:""Marsupila’Liste"";i:796;s:5:""Blanc"";}","2024-12-16 14:24:00"
"26854","2520","505","2024-12-16 22:09:09","a:9:{i:792;N;i:793;s:17:""Marsupila’Liste"";i:794;N;i:806;s:15:""Marsupila'Liste"";i:807;s:17:""Obi-Wan Keno'List"";i:808;s:9:""Krocolist"";i:795;s:17:""Marsupila’Liste"";i:797;s:17:""Marsupila’Liste"";i:796;s:17:""Obi-Wan Keno'List"";}",NULL
"27110","2521","505","2024-12-16 22:37:31","a:9:{i:792;N;i:793;s:10:""Scoobylist"";i:794;N;i:806;s:15:""Marsupila'Liste"";i:807;s:17:""Obi-Wan Keno'List"";i:808;s:10:""Scoobylist"";i:795;s:17:""Marsupila’Liste"";i:797;s:10:""Scoobylist"";i:796;s:10:""Scoobylist"";}",NULL
"26343","2724","505","2024-12-16 11:52:07","a:9:{i:792;N;i:793;s:9:""Krocolist"";i:794;N;i:806;s:9:""Krocolist"";i:807;s:5:""Blanc"";i:808;s:10:""Scoobylist"";i:795;s:5:""Blanc"";i:797;s:5:""Blanc"";i:796;s:17:""Obi-Wan Keno'List"";}","2024-12-16 14:24:05"
"27368","2568","505","2024-12-16 23:35:16","a:9:{i:792;N;i:793;s:10:""Scoobylist"";i:794;N;i:806;s:15:""Marsupila'Liste"";i:807;s:17:""Obi-Wan Keno'List"";i:808;s:10:""Scoobylist"";i:795;s:17:""Marsupila’Liste"";i:797;s:10:""Scoobylist"";i:796;s:10:""Scoobylist"";}",NULL
"26857","2892","505","2024-12-16 22:09:43","a:9:{i:792;N;i:793;s:17:""Marsupila’Liste"";i:794;N;i:806;s:15:""Marsupila'Liste"";i:807;s:9:""Krocolist"";i:808;s:9:""Krocolist"";i:795;s:17:""Marsupila’Liste"";i:797;s:17:""Marsupila’Liste"";i:796;s:10:""Scoobylist"";}",NULL
"27115","1854","505","2024-12-16 22:37:46","a:9:{i:792;N;i:793;s:10:""Scoobylist"";i:794;N;i:806;s:15:""Marsupila'Liste"";i:807;s:17:""Obi-Wan Keno'List"";i:808;s:10:""Scoobylist"";i:795;s:17:""Marsupila’Liste"";i:797;s:10:""Scoobylist"";i:796;s:10:""Scoobylist"";}",NULL
"27372","1982","505","2024-12-16 23:38:56","a:9:{i:792;N;i:793;s:10:""Scoobylist"";i:794;N;i:806;s:15:""Marsupila'Liste"";i:807;s:9:""Krocolist"";i:808;s:10:""Scoobylist"";i:795;s:17:""Marsupila’Liste"";i:797;s:10:""Scoobylist"";i:796;s:10:""Scoobylist"";}",NULL
"27374","1894","505","2024-12-16 23:39:31","a:9:{i:792;N;i:793;s:10:""Scoobylist"";i:794;N;i:806;s:15:""Marsupila'Liste"";i:807;s:17:""Obi-Wan Keno'List"";i:808;s:10:""Scoobylist"";i:795;s:17:""Marsupila’Liste"";i:797;s:10:""Scoobylist"";i:796;s:10:""Scoobylist"";}",NULL
"27375","1735","505","2024-12-16 23:39:39","a:9:{i:792;N;i:793;s:10:""Scoobylist"";i:794;N;i:806;s:15:""Marsupila'Liste"";i:807;s:9:""Krocolist"";i:808;s:9:""Krocolist"";i:795;s:17:""Marsupila’Liste"";i:797;s:10:""Scoobylist"";i:796;s:10:""Scoobylist"";}",NULL
"27120","2510","505","2024-12-16 22:38:17","a:9:{i:792;N;i:793;s:10:""Scoobylist"";i:794;N;i:806;s:15:""Marsupila'Liste"";i:807;s:17:""Obi-Wan Keno'List"";i:808;s:10:""Scoobylist"";i:795;s:17:""Marsupila’Liste"";i:797;s:10:""Scoobylist"";i:796;s:10:""Scoobylist"";}",NULL
"27377","2113","505","2024-12-16 23:39:46","a:9:{i:792;N;i:793;s:9:""Krocolist"";i:794;N;i:806;s:15:""Marsupila'Liste"";i:807;s:9:""Krocolist"";i:808;s:9:""Krocolist"";i:795;s:17:""Marsupila’Liste"";i:797;s:17:""Marsupila’Liste"";i:796;s:17:""Obi-Wan Keno'List"";}",NULL
"27633","2690","505","2024-12-17 08:22:41","a:9:{i:792;N;i:793;s:19:""Obi-Wan Keno’List"";i:794;N;i:806;s:15:""Marsupila'Liste"";i:807;s:17:""Obi-Wan Keno'List"";i:808;s:10:""Scoobylist"";i:795;s:19:""Obi-Wan Keno’List"";i:797;s:10:""Scoobylist"";i:796;s:17:""Obi-Wan Keno'List"";}",NULL
"26611","1916","505","2024-12-16 21:53:06","a:9:{i:792;N;i:793;s:10:""Scoobylist"";i:794;N;i:806;s:15:""Marsupila'Liste"";i:807;s:17:""Obi-Wan Keno'List"";i:808;s:10:""Scoobylist"";i:795;s:17:""Marsupila’Liste"";i:797;s:10:""Scoobylist"";i:796;s:10:""Scoobylist"";}",NULL
"27635","2172","505","2024-12-17 08:23:20","a:9:{i:792;N;i:793;s:10:""Scoobylist"";i:794;N;i:806;s:15:""Marsupila'Liste"";i:807;s:17:""Obi-Wan Keno'List"";i:808;s:10:""Scoobylist"";i:795;s:17:""Marsupila’Liste"";i:797;s:10:""Scoobylist"";i:796;s:10:""Scoobylist"";}",NULL
"27891","2584","505","2024-12-17 10:30:23","a:9:{i:792;N;i:793;s:10:""Scoobylist"";i:794;N;i:806;s:15:""Marsupila'Liste"";i:807;s:17:""Obi-Wan Keno'List"";i:808;s:10:""Scoobylist"";i:795;s:17:""Marsupila’Liste"";i:797;s:10:""Scoobylist"";i:796;s:10:""Scoobylist"";}",NULL
"26612","1846","505","2024-12-16 21:53:07","a:9:{i:792;N;i:793;s:10:""Scoobylist"";i:794;N;i:806;s:15:""Marsupila'Liste"";i:807;s:17:""Obi-Wan Keno'List"";i:808;s:10:""Scoobylist"";i:795;s:17:""Marsupila’Liste"";i:797;s:10:""Scoobylist"";i:796;s:10:""Scoobylist"";}",NULL
"26869","3125","505","2024-12-16 22:11:21","a:9:{i:792;N;i:793;s:10:""Scoobylist"";i:794;N;i:806;s:15:""Marsupila'Liste"";i:807;s:17:""Obi-Wan Keno'List"";i:808;s:10:""Scoobylist"";i:795;s:5:""Blanc"";i:797;s:10:""Scoobylist"";i:796;s:10:""Scoobylist"";}",NULL
"26614","1748","505","2024-12-16 21:53:17","a:9:{i:792;N;i:793;s:10:""Scoobylist"";i:794;N;i:806;s:15:""Marsupila'Liste"";i:807;s:17:""Obi-Wan Keno'List"";i:808;s:10:""Scoobylist"";i:795;s:17:""Marsupila’Liste"";i:797;s:10:""Scoobylist"";i:796;s:10:""Scoobylist"";}",NULL
"27894","2553","505","2024-12-17 10:31:15","a:9:{i:792;N;i:793;s:10:""Scoobylist"";i:794;N;i:806;s:15:""Marsupila'Liste"";i:807;s:17:""Obi-Wan Keno'List"";i:808;s:10:""Scoobylist"";i:795;s:17:""Marsupila’Liste"";i:797;s:10:""Scoobylist"";i:796;s:10:""Scoobylist"";}",NULL
"26359","2565","505","2024-12-16 21:45:16","a:9:{i:792;N;i:793;s:10:""Scoobylist"";i:794;N;i:806;s:15:""Marsupila'Liste"";i:807;s:17:""Obi-Wan Keno'List"";i:808;s:10:""Scoobylist"";i:795;s:17:""Marsupila’Liste"";i:797;s:10:""Scoobylist"";i:796;s:10:""Scoobylist"";}",NULL
"26871","2577","505","2024-12-16 22:11:44","a:9:{i:792;N;i:793;s:10:""Scoobylist"";i:794;N;i:806;s:15:""Marsupila'Liste"";i:807;s:5:""Blanc"";i:808;s:10:""Scoobylist"";i:795;s:17:""Marsupila’Liste"";i:797;s:10:""Scoobylist"";i:796;s:10:""Scoobylist"";}",NULL
"27386","2972","505","2024-12-16 23:42:58","a:9:{i:792;N;i:793;s:19:""Obi-Wan Keno’List"";i:794;N;i:806;s:5:""Blanc"";i:807;s:17:""Obi-Wan Keno'List"";i:808;s:10:""Scoobylist"";i:795;s:19:""Obi-Wan Keno’List"";i:797;s:10:""Scoobylist"";i:796;s:17:""Obi-Wan Keno'List"";}",NULL
"26363","2707","505","2024-12-16 21:45:27","a:9:{i:792;N;i:793;s:10:""Scoobylist"";i:794;N;i:806;s:15:""Marsupila'Liste"";i:807;s:17:""Obi-Wan Keno'List"";i:808;s:10:""Scoobylist"";i:795;s:17:""Marsupila’Liste"";i:797;s:10:""Scoobylist"";i:796;s:10:""Scoobylist"";}",NULL
"27899","1727","505","2024-12-17 10:34:05","a:9:{i:792;N;i:793;s:5:""Blanc"";i:794;N;i:806;s:5:""Blanc"";i:807;s:5:""Blanc"";i:808;s:5:""Blanc"";i:795;s:5:""Blanc"";i:797;s:5:""Blanc"";i:796;s:5:""Blanc"";}",NULL
"27132","2599","505","2024-12-16 22:40:18","a:9:{i:792;N;i:793;s:10:""Scoobylist"";i:794;N;i:806;s:15:""Marsupila'Liste"";i:807;s:9:""Krocolist"";i:808;s:10:""Scoobylist"";i:795;s:17:""Marsupila’Liste"";i:797;s:10:""Scoobylist"";i:796;s:10:""Scoobylist"";}",NULL
"26621","2274","505","2024-12-16 21:53:44","a:9:{i:792;N;i:793;s:10:""Scoobylist"";i:794;N;i:806;s:15:""Marsupila'Liste"";i:807;s:17:""Obi-Wan Keno'List"";i:808;s:10:""Scoobylist"";i:795;s:19:""Obi-Wan Keno’List"";i:797;s:10:""Scoobylist"";i:796;s:10:""Scoobylist"";}",NULL
"27389","3000","505","2024-12-16 23:46:33","a:9:{i:792;N;i:793;s:19:""Obi-Wan Keno’List"";i:794;N;i:806;s:9:""Krocolist"";i:807;s:17:""Obi-Wan Keno'List"";i:808;s:10:""Scoobylist"";i:795;s:19:""Obi-Wan Keno’List"";i:797;s:10:""Scoobylist"";i:796;s:17:""Obi-Wan Keno'List"";}",NULL
"26878","2635","505","2024-12-16 22:12:42","a:9:{i:792;N;i:793;s:10:""Scoobylist"";i:794;N;i:806;s:15:""Marsupila'Liste"";i:807;s:5:""Blanc"";i:808;s:10:""Scoobylist"";i:795;s:17:""Marsupila’Liste"";i:797;s:10:""Scoobylist"";i:796;s:10:""Scoobylist"";}",NULL
"27646","2669","505","2024-12-17 08:32:01","a:9:{i:792;N;i:793;s:10:""Scoobylist"";i:794;N;i:806;s:15:""Marsupila'Liste"";i:807;s:17:""Obi-Wan Keno'List"";i:808;s:10:""Scoobylist"";i:795;s:17:""Marsupila’Liste"";i:797;s:10:""Scoobylist"";i:796;s:10:""Scoobylist"";}",NULL
"26623","2562","505","2024-12-16 21:53:49","a:9:{i:792;N;i:793;s:10:""Scoobylist"";i:794;N;i:806;s:15:""Marsupila'Liste"";i:807;s:17:""Obi-Wan Keno'List"";i:808;s:10:""Scoobylist"";i:795;s:17:""Marsupila’Liste"";i:797;s:10:""Scoobylist"";i:796;s:10:""Scoobylist"";}",NULL
