"10317","1715","217","2022-12-15 03:23:43","a:4:{i:416;a:1:{i:0;s:19:""Alerte à Malist'bu"";}i:417;a:1:{i:0;s:21:""Pirates des Caralist'"";}i:418;a:1:{i:0;s:19:""Alerte à Malist'bu"";}i:419;a:1:{i:0;s:19:""Alerte à Malist'bu"";}}",NULL
"10325","2070","217","2022-12-15 06:22:07","a:4:{i:416;a:1:{i:0;s:19:""Alerte à Malist'bu"";}i:417;a:1:{i:0;s:11:""Monopo'list"";}i:418;a:1:{i:0;s:19:""Alerte à Malist'bu"";}i:419;a:1:{i:0;s:19:""Alerte à Malist'bu"";}}",NULL
"10327","2307","217","2022-12-15 06:34:05","a:4:{i:416;a:1:{i:0;s:11:""Monopo'list"";}i:417;a:1:{i:0;s:11:""Monopo'list"";}i:418;a:1:{i:0;s:11:""Monopo'list"";}i:419;a:1:{i:0;s:19:""Alerte à Malist'bu"";}}",NULL
"10329","2061","217","2022-12-15 06:35:38","a:4:{i:416;a:1:{i:0;s:21:""Pirates des Caralist'"";}i:417;a:1:{i:0;s:21:""Pirates des Caralist'"";}i:418;a:1:{i:0;s:19:""Alerte à Malist'bu"";}i:419;a:1:{i:0;s:21:""Pirates des Caralist'"";}}",NULL
"10331","2281","217","2022-12-15 06:51:20","a:4:{i:416;a:1:{i:0;s:11:""Monopo'list"";}i:417;a:1:{i:0;s:11:""Monopo'list"";}i:418;a:1:{i:0;s:11:""Monopo'list"";}i:419;a:1:{i:0;s:21:""Pirates des Caralist'"";}}",NULL
"10334","2185","217","2022-12-15 07:03:32","a:4:{i:416;a:1:{i:0;s:19:""Alerte à Malist'bu"";}i:417;a:1:{i:0;s:11:""Monopo'list"";}i:418;a:1:{i:0;s:19:""Alerte à Malist'bu"";}i:419;a:1:{i:0;s:19:""Alerte à Malist'bu"";}}",NULL
"10336","2236","217","2022-12-15 07:04:21","a:4:{i:416;a:1:{i:0;s:19:""Alerte à Malist'bu"";}i:417;a:1:{i:0;s:21:""Pirates des Caralist'"";}i:418;a:1:{i:0;s:19:""Alerte à Malist'bu"";}i:419;a:1:{i:0;s:19:""Alerte à Malist'bu"";}}",NULL
"10340","1932","217","2022-12-15 07:14:56","a:4:{i:416;a:1:{i:0;s:11:""Monopo'list"";}i:417;a:1:{i:0;s:11:""Monopo'list"";}i:418;a:1:{i:0;s:11:""Monopo'list"";}i:419;a:1:{i:0;s:19:""Alerte à Malist'bu"";}}",NULL
"10343","2217","217","2022-12-15 07:17:13","a:4:{i:416;a:1:{i:0;s:19:""Alerte à Malist'bu"";}i:417;a:1:{i:0;s:21:""Pirates des Caralist'"";}i:418;a:1:{i:0;s:19:""Alerte à Malist'bu"";}i:419;a:1:{i:0;s:19:""Alerte à Malist'bu"";}}",NULL
"10350","1689","217","2022-12-15 07:18:50","a:4:{i:416;a:1:{i:0;s:19:""Alerte à Malist'bu"";}i:417;a:1:{i:0;s:21:""Pirates des Caralist'"";}i:418;a:1:{i:0;s:19:""Alerte à Malist'bu"";}i:419;a:1:{i:0;s:19:""Alerte à Malist'bu"";}}",NULL
"10355","2100","217","2022-12-15 07:23:38","a:4:{i:416;a:1:{i:0;s:19:""Alerte à Malist'bu"";}i:417;a:1:{i:0;s:11:""Monopo'list"";}i:418;a:1:{i:0;s:19:""Alerte à Malist'bu"";}i:419;a:1:{i:0;s:19:""Alerte à Malist'bu"";}}",NULL
"10359","2059","217","2022-12-15 07:27:36","a:4:{i:416;a:1:{i:0;s:19:""Alerte à Malist'bu"";}i:417;a:1:{i:0;s:21:""Pirates des Caralist'"";}i:418;a:1:{i:0;s:19:""Alerte à Malist'bu"";}i:419;a:1:{i:0;s:19:""Alerte à Malist'bu"";}}",NULL
"10363","1704","217","2022-12-15 07:28:32","a:4:{i:416;a:1:{i:0;s:19:""Alerte à Malist'bu"";}i:417;a:1:{i:0;s:11:""Monopo'list"";}i:418;a:1:{i:0;s:19:""Alerte à Malist'bu"";}i:419;a:1:{i:0;s:19:""Alerte à Malist'bu"";}}",NULL
"10365","2223","217","2022-12-15 07:29:26","a:4:{i:416;a:1:{i:0;s:11:""Monopo'list"";}i:417;a:1:{i:0;s:11:""Monopo'list"";}i:418;a:1:{i:0;s:11:""Monopo'list"";}i:419;a:1:{i:0;s:21:""Pirates des Caralist'"";}}",NULL
"10371","2129","217","2022-12-15 07:31:15","a:4:{i:416;a:1:{i:0;s:19:""Alerte à Malist'bu"";}i:417;a:1:{i:0;s:11:""Monopo'list"";}i:418;a:1:{i:0;s:19:""Alerte à Malist'bu"";}i:419;a:1:{i:0;s:19:""Alerte à Malist'bu"";}}",NULL
"10377","1718","217","2022-12-15 07:32:50","a:4:{i:416;a:1:{i:0;s:11:""Monopo'list"";}i:417;a:1:{i:0;s:11:""Monopo'list"";}i:418;a:1:{i:0;s:11:""Monopo'list"";}i:419;a:1:{i:0;s:19:""Alerte à Malist'bu"";}}",NULL
"10378","2291","217","2022-12-15 07:33:30","a:4:{i:416;a:1:{i:0;s:19:""Alerte à Malist'bu"";}i:417;a:1:{i:0;s:21:""Pirates des Caralist'"";}i:418;a:1:{i:0;s:19:""Alerte à Malist'bu"";}i:419;a:1:{i:0;s:19:""Alerte à Malist'bu"";}}",NULL
"10389","2306","217","2022-12-15 07:36:56","a:4:{i:416;a:1:{i:0;s:21:""Pirates des Caralist'"";}i:417;a:1:{i:0;s:21:""Pirates des Caralist'"";}i:418;a:1:{i:0;s:19:""Alerte à Malist'bu"";}i:419;a:1:{i:0;s:21:""Pirates des Caralist'"";}}",NULL
"10392","2295","217","2022-12-15 07:37:31","a:4:{i:416;a:1:{i:0;s:19:""Alerte à Malist'bu"";}i:417;a:1:{i:0;s:21:""Pirates des Caralist'"";}i:418;a:1:{i:0;s:19:""Alerte à Malist'bu"";}i:419;a:1:{i:0;s:19:""Alerte à Malist'bu"";}}",NULL
"10395","2093","217","2022-12-15 07:38:25","a:4:{i:416;a:1:{i:0;s:21:""Pirates des Caralist'"";}i:417;a:1:{i:0;s:21:""Pirates des Caralist'"";}i:418;a:1:{i:0;s:11:""Monopo'list"";}i:419;a:1:{i:0;s:21:""Pirates des Caralist'"";}}",NULL
"10405","2162","217","2022-12-15 07:40:56","a:4:{i:416;a:1:{i:0;s:11:""Monopo'list"";}i:417;a:1:{i:0;s:11:""Monopo'list"";}i:418;a:1:{i:0;s:11:""Monopo'list"";}i:419;a:1:{i:0;s:21:""Pirates des Caralist'"";}}",NULL
"10409","2151","217","2022-12-15 07:43:19","a:4:{i:416;a:1:{i:0;s:19:""Alerte à Malist'bu"";}i:417;a:1:{i:0;s:21:""Pirates des Caralist'"";}i:418;a:1:{i:0;s:19:""Alerte à Malist'bu"";}i:419;a:1:{i:0;s:19:""Alerte à Malist'bu"";}}",NULL
"10413","2130","217","2022-12-15 07:46:50","a:4:{i:416;a:1:{i:0;s:19:""Alerte à Malist'bu"";}i:417;a:1:{i:0;s:21:""Pirates des Caralist'"";}i:418;a:1:{i:0;s:19:""Alerte à Malist'bu"";}i:419;a:1:{i:0;s:19:""Alerte à Malist'bu"";}}",NULL
"10421","2067","217","2022-12-15 07:49:40","a:4:{i:416;a:1:{i:0;s:11:""Monopo'list"";}i:417;a:1:{i:0;s:11:""Monopo'list"";}i:418;a:1:{i:0;s:11:""Monopo'list"";}i:419;a:1:{i:0;s:21:""Pirates des Caralist'"";}}",NULL
"10422","2361","217","2022-12-15 07:49:44","a:4:{i:416;a:1:{i:0;s:19:""Alerte à Malist'bu"";}i:417;a:1:{i:0;s:21:""Pirates des Caralist'"";}i:418;a:1:{i:0;s:19:""Alerte à Malist'bu"";}i:419;a:1:{i:0;s:19:""Alerte à Malist'bu"";}}",NULL
"10432","2278","217","2022-12-15 07:51:51","a:4:{i:416;a:1:{i:0;s:11:""Monopo'list"";}i:417;a:1:{i:0;s:11:""Monopo'list"";}i:418;a:1:{i:0;s:11:""Monopo'list"";}i:419;a:1:{i:0;s:19:""Alerte à Malist'bu"";}}",NULL
"10433","2050","217","2022-12-15 07:52:04","a:4:{i:416;a:1:{i:0;s:21:""Pirates des Caralist'"";}i:417;a:1:{i:0;s:21:""Pirates des Caralist'"";}i:418;a:1:{i:0;s:19:""Alerte à Malist'bu"";}i:419;a:1:{i:0;s:21:""Pirates des Caralist'"";}}",NULL
"10443","2102","217","2022-12-15 07:59:58","a:4:{i:416;a:1:{i:0;s:11:""Monopo'list"";}i:417;a:1:{i:0;s:11:""Monopo'list"";}i:418;a:1:{i:0;s:11:""Monopo'list"";}i:419;a:1:{i:0;s:19:""Alerte à Malist'bu"";}}",NULL
"10455","2284","217","2022-12-15 08:05:08","a:4:{i:416;a:1:{i:0;s:21:""Pirates des Caralist'"";}i:417;a:1:{i:0;s:21:""Pirates des Caralist'"";}i:418;a:1:{i:0;s:19:""Alerte à Malist'bu"";}i:419;a:1:{i:0;s:21:""Pirates des Caralist'"";}}",NULL
"10456","2055","217","2022-12-15 08:05:13","a:4:{i:416;a:1:{i:0;s:11:""Monopo'list"";}i:417;a:1:{i:0;s:11:""Monopo'list"";}i:418;a:1:{i:0;s:11:""Monopo'list"";}i:419;a:1:{i:0;s:21:""Pirates des Caralist'"";}}",NULL
"10458","2268","217","2022-12-15 08:05:43","a:4:{i:416;a:1:{i:0;s:11:""Monopo'list"";}i:417;a:1:{i:0;s:11:""Monopo'list"";}i:418;a:1:{i:0;s:11:""Monopo'list"";}i:419;a:1:{i:0;s:19:""Alerte à Malist'bu"";}}",NULL
"10470","1712","217","2022-12-15 08:08:56","a:4:{i:416;a:1:{i:0;s:19:""Alerte à Malist'bu"";}i:417;a:1:{i:0;s:21:""Pirates des Caralist'"";}i:418;a:1:{i:0;s:19:""Alerte à Malist'bu"";}i:419;a:1:{i:0;s:19:""Alerte à Malist'bu"";}}",NULL
"10475","2282","217","2022-12-15 08:09:54","a:4:{i:416;a:1:{i:0;s:19:""Alerte à Malist'bu"";}i:417;a:1:{i:0;s:21:""Pirates des Caralist'"";}i:418;a:1:{i:0;s:19:""Alerte à Malist'bu"";}i:419;a:1:{i:0;s:19:""Alerte à Malist'bu"";}}",NULL
"10478","2104","217","2022-12-15 08:11:41","a:4:{i:416;a:1:{i:0;s:19:""Alerte à Malist'bu"";}i:417;a:1:{i:0;s:21:""Pirates des Caralist'"";}i:418;a:1:{i:0;s:19:""Alerte à Malist'bu"";}i:419;a:1:{i:0;s:19:""Alerte à Malist'bu"";}}",NULL
"10479","2086","217","2022-12-15 08:11:44","a:4:{i:416;a:1:{i:0;s:11:""Monopo'list"";}i:417;a:1:{i:0;s:21:""Pirates des Caralist'"";}i:418;a:1:{i:0;s:19:""Alerte à Malist'bu"";}i:419;a:1:{i:0;s:19:""Alerte à Malist'bu"";}}",NULL
"10484","2215","217","2022-12-15 08:14:09","a:4:{i:416;a:1:{i:0;s:11:""Monopo'list"";}i:417;a:1:{i:0;s:11:""Monopo'list"";}i:418;a:1:{i:0;s:11:""Monopo'list"";}i:419;a:1:{i:0;s:19:""Alerte à Malist'bu"";}}",NULL
"10491","1826","217","2022-12-15 08:16:45","a:4:{i:416;a:1:{i:0;s:19:""Alerte à Malist'bu"";}i:417;a:1:{i:0;s:21:""Pirates des Caralist'"";}i:418;a:0:{}i:419;a:0:{}}",NULL
"10492","2172","217","2022-12-15 08:16:52","a:4:{i:416;a:1:{i:0;s:19:""Alerte à Malist'bu"";}i:417;a:1:{i:0;s:21:""Pirates des Caralist'"";}i:418;a:1:{i:0;s:19:""Alerte à Malist'bu"";}i:419;a:1:{i:0;s:19:""Alerte à Malist'bu"";}}",NULL
"10497","2120","217","2022-12-15 08:17:16","a:4:{i:416;a:1:{i:0;s:21:""Pirates des Caralist'"";}i:417;a:1:{i:0;s:21:""Pirates des Caralist'"";}i:418;a:1:{i:0;s:11:""Monopo'list"";}i:419;a:1:{i:0;s:21:""Pirates des Caralist'"";}}",NULL
"10506","2328","217","2022-12-15 08:18:14","a:4:{i:416;a:1:{i:0;s:11:""Monopo'list"";}i:417;a:1:{i:0;s:11:""Monopo'list"";}i:418;a:1:{i:0;s:11:""Monopo'list"";}i:419;a:1:{i:0;s:19:""Alerte à Malist'bu"";}}",NULL
"10511","1686","217","2022-12-15 08:18:52","a:4:{i:416;a:1:{i:0;s:19:""Alerte à Malist'bu"";}i:417;a:1:{i:0;s:11:""Monopo'list"";}i:418;a:1:{i:0;s:19:""Alerte à Malist'bu"";}i:419;a:1:{i:0;s:19:""Alerte à Malist'bu"";}}",NULL
"10513","2161","217","2022-12-15 08:19:07","a:4:{i:416;a:1:{i:0;s:19:""Alerte à Malist'bu"";}i:417;a:1:{i:0;s:21:""Pirates des Caralist'"";}i:418;a:1:{i:0;s:19:""Alerte à Malist'bu"";}i:419;a:1:{i:0;s:19:""Alerte à Malist'bu"";}}",NULL
"10518","2345","217","2022-12-15 08:19:16","a:4:{i:416;a:1:{i:0;s:11:""Monopo'list"";}i:417;a:1:{i:0;s:11:""Monopo'list"";}i:418;a:1:{i:0;s:11:""Monopo'list"";}i:419;a:1:{i:0;s:19:""Alerte à Malist'bu"";}}",NULL
"10521","1692","217","2022-12-15 08:19:35","a:4:{i:416;a:1:{i:0;s:19:""Alerte à Malist'bu"";}i:417;a:1:{i:0;s:21:""Pirates des Caralist'"";}i:418;a:1:{i:0;s:19:""Alerte à Malist'bu"";}i:419;a:1:{i:0;s:19:""Alerte à Malist'bu"";}}",NULL
"10525","1791","217","2022-12-15 08:20:06","a:4:{i:416;a:1:{i:0;s:11:""Monopo'list"";}i:417;a:1:{i:0;s:11:""Monopo'list"";}i:418;a:1:{i:0;s:11:""Monopo'list"";}i:419;a:1:{i:0;s:21:""Pirates des Caralist'"";}}",NULL
"10526","1741","217","2022-12-15 08:20:12","a:4:{i:416;a:1:{i:0;s:19:""Alerte à Malist'bu"";}i:417;a:1:{i:0;s:11:""Monopo'list"";}i:418;a:1:{i:0;s:19:""Alerte à Malist'bu"";}i:419;a:1:{i:0;s:19:""Alerte à Malist'bu"";}}",NULL
"10527","1959","217","2022-12-15 08:20:13","a:4:{i:416;a:1:{i:0;s:19:""Alerte à Malist'bu"";}i:417;a:1:{i:0;s:21:""Pirates des Caralist'"";}i:418;a:1:{i:0;s:19:""Alerte à Malist'bu"";}i:419;a:1:{i:0;s:19:""Alerte à Malist'bu"";}}",NULL
"10530","2109","217","2022-12-15 08:20:36","a:4:{i:416;a:1:{i:0;s:21:""Pirates des Caralist'"";}i:417;a:1:{i:0;s:21:""Pirates des Caralist'"";}i:418;a:1:{i:0;s:19:""Alerte à Malist'bu"";}i:419;a:1:{i:0;s:21:""Pirates des Caralist'"";}}",NULL
"10536","2354","217","2022-12-15 08:21:43","a:4:{i:416;a:1:{i:0;s:11:""Monopo'list"";}i:417;a:1:{i:0;s:11:""Monopo'list"";}i:418;a:1:{i:0;s:11:""Monopo'list"";}i:419;a:1:{i:0;s:19:""Alerte à Malist'bu"";}}",NULL
"10543","2344","217","2022-12-15 08:22:13","a:4:{i:416;a:1:{i:0;s:19:""Alerte à Malist'bu"";}i:417;a:1:{i:0;s:21:""Pirates des Caralist'"";}i:418;a:1:{i:0;s:19:""Alerte à Malist'bu"";}i:419;a:1:{i:0;s:19:""Alerte à Malist'bu"";}}",NULL
"10548","1731","217","2022-12-15 08:22:54","a:4:{i:416;a:1:{i:0;s:19:""Alerte à Malist'bu"";}i:417;a:1:{i:0;s:11:""Monopo'list"";}i:418;a:1:{i:0;s:19:""Alerte à Malist'bu"";}i:419;a:1:{i:0;s:19:""Alerte à Malist'bu"";}}",NULL
"10561","1714","217","2022-12-15 08:24:04","a:4:{i:416;a:1:{i:0;s:11:""Monopo'list"";}i:417;a:1:{i:0;s:11:""Monopo'list"";}i:418;a:1:{i:0;s:11:""Monopo'list"";}i:419;a:1:{i:0;s:19:""Alerte à Malist'bu"";}}",NULL
"10565","2316","217","2022-12-15 08:24:25","a:4:{i:416;a:1:{i:0;s:11:""Monopo'list"";}i:417;a:1:{i:0;s:11:""Monopo'list"";}i:418;a:1:{i:0;s:11:""Monopo'list"";}i:419;a:1:{i:0;s:19:""Alerte à Malist'bu"";}}",NULL
"10572","2118","217","2022-12-15 08:24:58","a:4:{i:416;a:1:{i:0;s:19:""Alerte à Malist'bu"";}i:417;a:1:{i:0;s:11:""Monopo'list"";}i:418;a:1:{i:0;s:19:""Alerte à Malist'bu"";}i:419;a:1:{i:0;s:19:""Alerte à Malist'bu"";}}",NULL
"10576","2082","217","2022-12-15 08:25:26","a:4:{i:416;a:1:{i:0;s:19:""Alerte à Malist'bu"";}i:417;a:1:{i:0;s:11:""Monopo'list"";}i:418;a:1:{i:0;s:19:""Alerte à Malist'bu"";}i:419;a:1:{i:0;s:19:""Alerte à Malist'bu"";}}",NULL
"10583","1890","217","2022-12-15 08:26:06","a:4:{i:416;a:1:{i:0;s:11:""Monopo'list"";}i:417;a:1:{i:0;s:11:""Monopo'list"";}i:418;a:1:{i:0;s:11:""Monopo'list"";}i:419;a:1:{i:0;s:19:""Alerte à Malist'bu"";}}",NULL
"10591","2267","217","2022-12-15 08:26:37","a:4:{i:416;a:1:{i:0;s:11:""Monopo'list"";}i:417;a:1:{i:0;s:11:""Monopo'list"";}i:418;a:1:{i:0;s:11:""Monopo'list"";}i:419;a:1:{i:0;s:19:""Alerte à Malist'bu"";}}",NULL
"10594","2062","217","2022-12-15 08:27:02","a:4:{i:416;a:1:{i:0;s:11:""Monopo'list"";}i:417;a:1:{i:0;s:11:""Monopo'list"";}i:418;a:1:{i:0;s:11:""Monopo'list"";}i:419;a:1:{i:0;s:19:""Alerte à Malist'bu"";}}",NULL
"10598","2156","217","2022-12-15 08:27:29","a:4:{i:416;a:1:{i:0;s:21:""Pirates des Caralist'"";}i:417;a:1:{i:0;s:21:""Pirates des Caralist'"";}i:418;a:1:{i:0;s:19:""Alerte à Malist'bu"";}i:419;a:1:{i:0;s:21:""Pirates des Caralist'"";}}",NULL
"10599","2363","217","2022-12-15 08:27:35","a:4:{i:416;a:1:{i:0;s:19:""Alerte à Malist'bu"";}i:417;a:1:{i:0;s:11:""Monopo'list"";}i:418;a:1:{i:0;s:19:""Alerte à Malist'bu"";}i:419;a:1:{i:0;s:19:""Alerte à Malist'bu"";}}",NULL
"10610","1817","217","2022-12-15 08:30:39","a:4:{i:416;a:1:{i:0;s:11:""Monopo'list"";}i:417;a:1:{i:0;s:11:""Monopo'list"";}i:418;a:1:{i:0;s:11:""Monopo'list"";}i:419;a:1:{i:0;s:19:""Alerte à Malist'bu"";}}",NULL
"10616","1735","217","2022-12-15 08:32:32","a:4:{i:416;a:1:{i:0;s:19:""Alerte à Malist'bu"";}i:417;a:1:{i:0;s:11:""Monopo'list"";}i:418;a:1:{i:0;s:19:""Alerte à Malist'bu"";}i:419;a:1:{i:0;s:19:""Alerte à Malist'bu"";}}",NULL
"10617","2206","217","2022-12-15 08:32:38","a:4:{i:416;a:1:{i:0;s:11:""Monopo'list"";}i:417;a:1:{i:0;s:11:""Monopo'list"";}i:418;a:1:{i:0;s:11:""Monopo'list"";}i:419;a:1:{i:0;s:19:""Alerte à Malist'bu"";}}",NULL
"10627","2351","217","2022-12-15 08:33:39","a:4:{i:416;a:1:{i:0;s:11:""Monopo'list"";}i:417;a:1:{i:0;s:11:""Monopo'list"";}i:418;a:1:{i:0;s:11:""Monopo'list"";}i:419;a:1:{i:0;s:19:""Alerte à Malist'bu"";}}",NULL
"10632","2135","217","2022-12-15 08:34:22","a:4:{i:416;a:1:{i:0;s:19:""Alerte à Malist'bu"";}i:417;a:1:{i:0;s:11:""Monopo'list"";}i:418;a:1:{i:0;s:19:""Alerte à Malist'bu"";}i:419;a:1:{i:0;s:19:""Alerte à Malist'bu"";}}",NULL
"10637","2060","217","2022-12-15 08:34:58","a:4:{i:416;a:1:{i:0;s:19:""Alerte à Malist'bu"";}i:417;a:1:{i:0;s:21:""Pirates des Caralist'"";}i:418;a:1:{i:0;s:19:""Alerte à Malist'bu"";}i:419;a:1:{i:0;s:19:""Alerte à Malist'bu"";}}",NULL
"10646","1984","217","2022-12-15 08:35:59","a:4:{i:416;a:1:{i:0;s:19:""Alerte à Malist'bu"";}i:417;a:1:{i:0;s:21:""Pirates des Caralist'"";}i:418;a:1:{i:0;s:19:""Alerte à Malist'bu"";}i:419;a:1:{i:0;s:19:""Alerte à Malist'bu"";}}",NULL
"10660","2132","217","2022-12-15 08:40:32","a:4:{i:416;a:1:{i:0;s:19:""Alerte à Malist'bu"";}i:417;a:1:{i:0;s:21:""Pirates des Caralist'"";}i:418;a:1:{i:0;s:19:""Alerte à Malist'bu"";}i:419;a:1:{i:0;s:19:""Alerte à Malist'bu"";}}",NULL
"10662","2201","217","2022-12-15 08:41:16","a:4:{i:416;a:1:{i:0;s:21:""Pirates des Caralist'"";}i:417;a:1:{i:0;s:21:""Pirates des Caralist'"";}i:418;a:1:{i:0;s:19:""Alerte à Malist'bu"";}i:419;a:1:{i:0;s:21:""Pirates des Caralist'"";}}",NULL
"10665","1862","217","2022-12-15 08:41:37","a:4:{i:416;a:1:{i:0;s:11:""Monopo'list"";}i:417;a:1:{i:0;s:11:""Monopo'list"";}i:418;a:1:{i:0;s:11:""Monopo'list"";}i:419;a:1:{i:0;s:19:""Alerte à Malist'bu"";}}",NULL
"10670","2116","217","2022-12-15 08:42:17","a:4:{i:416;a:1:{i:0;s:19:""Alerte à Malist'bu"";}i:417;a:1:{i:0;s:21:""Pirates des Caralist'"";}i:418;a:1:{i:0;s:19:""Alerte à Malist'bu"";}i:419;a:1:{i:0;s:19:""Alerte à Malist'bu"";}}",NULL
"10680","2290","217","2022-12-15 08:44:58","a:4:{i:416;a:1:{i:0;s:19:""Alerte à Malist'bu"";}i:417;a:0:{}i:418;a:1:{i:0;s:19:""Alerte à Malist'bu"";}i:419;a:1:{i:0;s:19:""Alerte à Malist'bu"";}}",NULL
"10682","1351","217","2022-12-15 08:45:21","a:4:{i:416;a:1:{i:0;s:11:""Monopo'list"";}i:417;a:1:{i:0;s:11:""Monopo'list"";}i:418;a:1:{i:0;s:11:""Monopo'list"";}i:419;a:1:{i:0;s:19:""Alerte à Malist'bu"";}}",NULL
"10684","2077","217","2022-12-15 08:46:08","a:4:{i:416;a:1:{i:0;s:11:""Monopo'list"";}i:417;a:1:{i:0;s:11:""Monopo'list"";}i:418;a:1:{i:0;s:11:""Monopo'list"";}i:419;a:1:{i:0;s:19:""Alerte à Malist'bu"";}}",NULL
"10691","1759","217","2022-12-15 08:47:31","a:4:{i:416;a:1:{i:0;s:19:""Alerte à Malist'bu"";}i:417;a:1:{i:0;s:11:""Monopo'list"";}i:418;a:1:{i:0;s:19:""Alerte à Malist'bu"";}i:419;a:1:{i:0;s:19:""Alerte à Malist'bu"";}}",NULL
"10697","1760","217","2022-12-15 08:48:07","a:4:{i:416;a:1:{i:0;s:19:""Alerte à Malist'bu"";}i:417;a:1:{i:0;s:11:""Monopo'list"";}i:418;a:1:{i:0;s:19:""Alerte à Malist'bu"";}i:419;a:1:{i:0;s:19:""Alerte à Malist'bu"";}}",NULL
"10699","1323","217","2022-12-15 08:48:20","a:4:{i:416;a:1:{i:0;s:19:""Alerte à Malist'bu"";}i:417;a:1:{i:0;s:11:""Monopo'list"";}i:418;a:1:{i:0;s:19:""Alerte à Malist'bu"";}i:419;a:1:{i:0;s:19:""Alerte à Malist'bu"";}}",NULL
"10700","2364","217","2022-12-15 08:48:21","a:4:{i:416;a:1:{i:0;s:21:""Pirates des Caralist'"";}i:417;a:1:{i:0;s:21:""Pirates des Caralist'"";}i:418;a:1:{i:0;s:11:""Monopo'list"";}i:419;a:1:{i:0;s:21:""Pirates des Caralist'"";}}",NULL
"10701","2134","217","2022-12-15 08:48:24","a:4:{i:416;a:1:{i:0;s:19:""Alerte à Malist'bu"";}i:417;a:1:{i:0;s:21:""Pirates des Caralist'"";}i:418;a:1:{i:0;s:19:""Alerte à Malist'bu"";}i:419;a:1:{i:0;s:19:""Alerte à Malist'bu"";}}",NULL
"10704","2058","217","2022-12-15 08:48:39","a:4:{i:416;a:1:{i:0;s:11:""Monopo'list"";}i:417;a:1:{i:0;s:11:""Monopo'list"";}i:418;a:1:{i:0;s:11:""Monopo'list"";}i:419;a:1:{i:0;s:19:""Alerte à Malist'bu"";}}",NULL
"10715","1879","217","2022-12-15 08:49:21","a:4:{i:416;a:1:{i:0;s:11:""Monopo'list"";}i:417;a:1:{i:0;s:11:""Monopo'list"";}i:418;a:1:{i:0;s:19:""Alerte à Malist'bu"";}i:419;a:1:{i:0;s:21:""Pirates des Caralist'"";}}",NULL
"10719","2274","217","2022-12-15 08:49:57","a:4:{i:416;a:1:{i:0;s:11:""Monopo'list"";}i:417;a:1:{i:0;s:11:""Monopo'list"";}i:418;a:1:{i:0;s:11:""Monopo'list"";}i:419;a:1:{i:0;s:21:""Pirates des Caralist'"";}}",NULL
"10724","2235","217","2022-12-15 08:52:06","a:4:{i:416;a:1:{i:0;s:21:""Pirates des Caralist'"";}i:417;a:1:{i:0;s:21:""Pirates des Caralist'"";}i:418;a:1:{i:0;s:19:""Alerte à Malist'bu"";}i:419;a:1:{i:0;s:21:""Pirates des Caralist'"";}}",NULL
"10725","2325","217","2022-12-15 08:52:42","a:4:{i:416;a:1:{i:0;s:19:""Alerte à Malist'bu"";}i:417;a:1:{i:0;s:21:""Pirates des Caralist'"";}i:418;a:1:{i:0;s:19:""Alerte à Malist'bu"";}i:419;a:1:{i:0;s:19:""Alerte à Malist'bu"";}}",NULL
"10731","1728","217","2022-12-15 08:55:55","a:4:{i:416;a:1:{i:0;s:11:""Monopo'list"";}i:417;a:1:{i:0;s:11:""Monopo'list"";}i:418;a:1:{i:0;s:11:""Monopo'list"";}i:419;a:1:{i:0;s:19:""Alerte à Malist'bu"";}}",NULL
"10736","2178","217","2022-12-15 08:57:37","a:4:{i:416;a:1:{i:0;s:19:""Alerte à Malist'bu"";}i:417;a:1:{i:0;s:21:""Pirates des Caralist'"";}i:418;a:1:{i:0;s:19:""Alerte à Malist'bu"";}i:419;a:1:{i:0;s:19:""Alerte à Malist'bu"";}}",NULL
"10746","1548","217","2022-12-15 09:02:23","a:4:{i:416;a:1:{i:0;s:19:""Alerte à Malist'bu"";}i:417;a:1:{i:0;s:11:""Monopo'list"";}i:418;a:1:{i:0;s:19:""Alerte à Malist'bu"";}i:419;a:1:{i:0;s:19:""Alerte à Malist'bu"";}}",NULL
"10747","2373","217","2022-12-15 09:02:26","a:4:{i:416;a:1:{i:0;s:19:""Alerte à Malist'bu"";}i:417;a:1:{i:0;s:21:""Pirates des Caralist'"";}i:418;a:1:{i:0;s:19:""Alerte à Malist'bu"";}i:419;a:1:{i:0;s:19:""Alerte à Malist'bu"";}}",NULL
"10753","1458","217","2022-12-15 09:03:18","a:4:{i:416;a:1:{i:0;s:19:""Alerte à Malist'bu"";}i:417;a:1:{i:0;s:11:""Monopo'list"";}i:418;a:1:{i:0;s:19:""Alerte à Malist'bu"";}i:419;a:1:{i:0;s:19:""Alerte à Malist'bu"";}}",NULL
"10769","1360","217","2022-12-15 09:06:24","a:4:{i:416;a:1:{i:0;s:11:""Monopo'list"";}i:417;a:1:{i:0;s:11:""Monopo'list"";}i:418;a:1:{i:0;s:11:""Monopo'list"";}i:419;a:1:{i:0;s:19:""Alerte à Malist'bu"";}}",NULL
"10772","2088","217","2022-12-15 09:07:21","a:4:{i:416;a:1:{i:0;s:11:""Monopo'list"";}i:417;a:1:{i:0;s:11:""Monopo'list"";}i:418;a:1:{i:0;s:11:""Monopo'list"";}i:419;a:1:{i:0;s:19:""Alerte à Malist'bu"";}}",NULL
"10784","1780","217","2022-12-15 09:12:49","a:4:{i:416;a:1:{i:0;s:19:""Alerte à Malist'bu"";}i:417;a:1:{i:0;s:21:""Pirates des Caralist'"";}i:418;a:1:{i:0;s:19:""Alerte à Malist'bu"";}i:419;a:1:{i:0;s:19:""Alerte à Malist'bu"";}}",NULL
"10792","2232","217","2022-12-15 09:15:04","a:4:{i:416;a:1:{i:0;s:11:""Monopo'list"";}i:417;a:1:{i:0;s:11:""Monopo'list"";}i:418;a:1:{i:0;s:11:""Monopo'list"";}i:419;a:1:{i:0;s:21:""Pirates des Caralist'"";}}",NULL
"10803","2181","217","2022-12-15 09:21:54","a:4:{i:416;a:1:{i:0;s:11:""Monopo'list"";}i:417;a:1:{i:0;s:11:""Monopo'list"";}i:418;a:1:{i:0;s:11:""Monopo'list"";}i:419;a:1:{i:0;s:21:""Pirates des Caralist'"";}}",NULL
"10804","1581","217","2022-12-15 09:22:09","a:4:{i:416;a:1:{i:0;s:11:""Monopo'list"";}i:417;a:1:{i:0;s:11:""Monopo'list"";}i:418;a:1:{i:0;s:19:""Alerte à Malist'bu"";}i:419;a:1:{i:0;s:19:""Alerte à Malist'bu"";}}",NULL
"10812","1894","217","2022-12-15 09:24:07","a:4:{i:416;a:1:{i:0;s:11:""Monopo'list"";}i:417;a:1:{i:0;s:11:""Monopo'list"";}i:418;a:1:{i:0;s:11:""Monopo'list"";}i:419;a:1:{i:0;s:19:""Alerte à Malist'bu"";}}",NULL
"10815","1854","217","2022-12-15 09:24:42","a:4:{i:416;a:1:{i:0;s:19:""Alerte à Malist'bu"";}i:417;a:1:{i:0;s:11:""Monopo'list"";}i:418;a:1:{i:0;s:19:""Alerte à Malist'bu"";}i:419;a:1:{i:0;s:19:""Alerte à Malist'bu"";}}",NULL
"10816","2152","217","2022-12-15 09:24:43","a:4:{i:416;a:1:{i:0;s:19:""Alerte à Malist'bu"";}i:417;a:1:{i:0;s:11:""Monopo'list"";}i:418;a:1:{i:0;s:19:""Alerte à Malist'bu"";}i:419;a:1:{i:0;s:19:""Alerte à Malist'bu"";}}",NULL
"10820","1522","217","2022-12-15 09:25:09","a:4:{i:416;a:1:{i:0;s:21:""Pirates des Caralist'"";}i:417;a:1:{i:0;s:21:""Pirates des Caralist'"";}i:418;a:1:{i:0;s:11:""Monopo'list"";}i:419;a:1:{i:0;s:21:""Pirates des Caralist'"";}}",NULL
"10822","2297","217","2022-12-15 09:25:39","a:4:{i:416;a:1:{i:0;s:11:""Monopo'list"";}i:417;a:1:{i:0;s:11:""Monopo'list"";}i:418;a:1:{i:0;s:11:""Monopo'list"";}i:419;a:1:{i:0;s:21:""Pirates des Caralist'"";}}",NULL
"10825","1016","217","2022-12-15 09:26:24","a:4:{i:416;a:1:{i:0;s:19:""Alerte à Malist'bu"";}i:417;a:1:{i:0;s:11:""Monopo'list"";}i:418;a:1:{i:0;s:19:""Alerte à Malist'bu"";}i:419;a:1:{i:0;s:19:""Alerte à Malist'bu"";}}",NULL
"10830","2180","217","2022-12-15 09:28:54","a:4:{i:416;a:1:{i:0;s:19:""Alerte à Malist'bu"";}i:417;a:1:{i:0;s:21:""Pirates des Caralist'"";}i:418;a:1:{i:0;s:19:""Alerte à Malist'bu"";}i:419;a:1:{i:0;s:19:""Alerte à Malist'bu"";}}",NULL
"10835","1841","217","2022-12-15 09:30:06","a:4:{i:416;a:1:{i:0;s:19:""Alerte à Malist'bu"";}i:417;a:1:{i:0;s:21:""Pirates des Caralist'"";}i:418;a:1:{i:0;s:19:""Alerte à Malist'bu"";}i:419;a:1:{i:0;s:19:""Alerte à Malist'bu"";}}",NULL
"10841","1434","217","2022-12-15 09:31:39","a:4:{i:416;a:1:{i:0;s:19:""Alerte à Malist'bu"";}i:417;a:1:{i:0;s:21:""Pirates des Caralist'"";}i:418;a:1:{i:0;s:19:""Alerte à Malist'bu"";}i:419;a:1:{i:0;s:19:""Alerte à Malist'bu"";}}",NULL
"10842","1373","217","2022-12-15 09:31:53","a:4:{i:416;a:1:{i:0;s:19:""Alerte à Malist'bu"";}i:417;a:1:{i:0;s:11:""Monopo'list"";}i:418;a:1:{i:0;s:19:""Alerte à Malist'bu"";}i:419;a:1:{i:0;s:19:""Alerte à Malist'bu"";}}",NULL
"10846","1546","217","2022-12-15 09:32:38","a:4:{i:416;a:1:{i:0;s:11:""Monopo'list"";}i:417;a:1:{i:0;s:11:""Monopo'list"";}i:418;a:1:{i:0;s:11:""Monopo'list"";}i:419;a:1:{i:0;s:21:""Pirates des Caralist'"";}}",NULL
"10852","1406","217","2022-12-15 09:34:12","a:4:{i:416;a:1:{i:0;s:11:""Monopo'list"";}i:417;a:1:{i:0;s:11:""Monopo'list"";}i:418;a:1:{i:0;s:11:""Monopo'list"";}i:419;a:1:{i:0;s:19:""Alerte à Malist'bu"";}}",NULL
"10853","2176","217","2022-12-15 09:34:20","a:4:{i:416;a:1:{i:0;s:11:""Monopo'list"";}i:417;a:1:{i:0;s:11:""Monopo'list"";}i:418;a:1:{i:0;s:11:""Monopo'list"";}i:419;a:1:{i:0;s:19:""Alerte à Malist'bu"";}}",NULL
"10864","1307","217","2022-12-15 09:36:10","a:4:{i:416;a:1:{i:0;s:11:""Monopo'list"";}i:417;a:1:{i:0;s:11:""Monopo'list"";}i:418;a:1:{i:0;s:11:""Monopo'list"";}i:419;a:1:{i:0;s:19:""Alerte à Malist'bu"";}}",NULL
"10868","1318","217","2022-12-15 09:37:16","a:4:{i:416;a:1:{i:0;s:19:""Alerte à Malist'bu"";}i:417;a:1:{i:0;s:11:""Monopo'list"";}i:418;a:1:{i:0;s:19:""Alerte à Malist'bu"";}i:419;a:1:{i:0;s:19:""Alerte à Malist'bu"";}}",NULL
"10873","2234","217","2022-12-15 09:41:54","a:4:{i:416;a:1:{i:0;s:21:""Pirates des Caralist'"";}i:417;a:1:{i:0;s:21:""Pirates des Caralist'"";}i:418;a:1:{i:0;s:19:""Alerte à Malist'bu"";}i:419;a:1:{i:0;s:21:""Pirates des Caralist'"";}}",NULL
"10881","1483","217","2022-12-15 09:44:14","a:4:{i:416;a:1:{i:0;s:11:""Monopo'list"";}i:417;a:1:{i:0;s:11:""Monopo'list"";}i:418;a:1:{i:0;s:11:""Monopo'list"";}i:419;a:1:{i:0;s:19:""Alerte à Malist'bu"";}}",NULL
"10883","1709","217","2022-12-15 09:44:54","a:4:{i:416;a:1:{i:0;s:19:""Alerte à Malist'bu"";}i:417;a:1:{i:0;s:11:""Monopo'list"";}i:418;a:1:{i:0;s:19:""Alerte à Malist'bu"";}i:419;a:1:{i:0;s:19:""Alerte à Malist'bu"";}}",NULL
"10884","1828","217","2022-12-15 09:45:12","a:4:{i:416;a:1:{i:0;s:19:""Alerte à Malist'bu"";}i:417;a:1:{i:0;s:11:""Monopo'list"";}i:418;a:1:{i:0;s:19:""Alerte à Malist'bu"";}i:419;a:1:{i:0;s:19:""Alerte à Malist'bu"";}}",NULL
"10888","1725","217","2022-12-15 09:47:29","a:4:{i:416;a:1:{i:0;s:11:""Monopo'list"";}i:417;a:1:{i:0;s:11:""Monopo'list"";}i:418;a:1:{i:0;s:19:""Alerte à Malist'bu"";}i:419;a:1:{i:0;s:19:""Alerte à Malist'bu"";}}",NULL
"10894","2264","217","2022-12-15 09:48:47","a:4:{i:416;a:1:{i:0;s:11:""Monopo'list"";}i:417;a:1:{i:0;s:11:""Monopo'list"";}i:418;a:1:{i:0;s:11:""Monopo'list"";}i:419;a:1:{i:0;s:21:""Pirates des Caralist'"";}}",NULL
"10896","1805","217","2022-12-15 09:50:03","a:4:{i:416;a:1:{i:0;s:11:""Monopo'list"";}i:417;a:1:{i:0;s:11:""Monopo'list"";}i:418;a:2:{i:0;s:11:""Monopo'list"";i:1;s:19:""Alerte à Malist'bu"";}i:419;a:1:{i:0;s:19:""Alerte à Malist'bu"";}}",NULL
"10902","2288","217","2022-12-15 09:51:17","a:4:{i:416;a:1:{i:0;s:21:""Pirates des Caralist'"";}i:417;a:1:{i:0;s:21:""Pirates des Caralist'"";}i:418;a:1:{i:0;s:11:""Monopo'list"";}i:419;a:1:{i:0;s:21:""Pirates des Caralist'"";}}",NULL
"10905","1876","217","2022-12-15 09:51:31","a:4:{i:416;a:1:{i:0;s:19:""Alerte à Malist'bu"";}i:417;a:1:{i:0;s:11:""Monopo'list"";}i:418;a:1:{i:0;s:19:""Alerte à Malist'bu"";}i:419;a:1:{i:0;s:19:""Alerte à Malist'bu"";}}",NULL
"10909","1824","217","2022-12-15 09:52:50","a:4:{i:416;a:1:{i:0;s:19:""Alerte à Malist'bu"";}i:417;a:1:{i:0;s:11:""Monopo'list"";}i:418;a:1:{i:0;s:19:""Alerte à Malist'bu"";}i:419;a:1:{i:0;s:19:""Alerte à Malist'bu"";}}",NULL
"10911","1693","217","2022-12-15 09:54:08","a:4:{i:416;a:1:{i:0;s:19:""Alerte à Malist'bu"";}i:417;a:1:{i:0;s:11:""Monopo'list"";}i:418;a:1:{i:0;s:19:""Alerte à Malist'bu"";}i:419;a:1:{i:0;s:19:""Alerte à Malist'bu"";}}",NULL
"10921","2092","217","2022-12-15 10:00:30","a:4:{i:416;a:1:{i:0;s:11:""Monopo'list"";}i:417;a:1:{i:0;s:11:""Monopo'list"";}i:418;a:1:{i:0;s:19:""Alerte à Malist'bu"";}i:419;a:1:{i:0;s:19:""Alerte à Malist'bu"";}}",NULL
"10924","1829","217","2022-12-15 10:01:32","a:4:{i:416;a:1:{i:0;s:11:""Monopo'list"";}i:417;a:1:{i:0;s:11:""Monopo'list"";}i:418;a:1:{i:0;s:11:""Monopo'list"";}i:419;a:1:{i:0;s:21:""Pirates des Caralist'"";}}",NULL
"10925","2233","217","2022-12-15 10:02:03","a:4:{i:416;a:1:{i:0;s:11:""Monopo'list"";}i:417;a:1:{i:0;s:11:""Monopo'list"";}i:418;a:1:{i:0;s:11:""Monopo'list"";}i:419;a:1:{i:0;s:21:""Pirates des Caralist'"";}}",NULL
"10928","1744","217","2022-12-15 10:03:01","a:4:{i:416;a:1:{i:0;s:19:""Alerte à Malist'bu"";}i:417;a:1:{i:0;s:21:""Pirates des Caralist'"";}i:418;a:1:{i:0;s:19:""Alerte à Malist'bu"";}i:419;a:1:{i:0;s:19:""Alerte à Malist'bu"";}}",NULL
"10931","2292","217","2022-12-15 10:03:53","a:4:{i:416;a:1:{i:0;s:11:""Monopo'list"";}i:417;a:1:{i:0;s:11:""Monopo'list"";}i:418;a:1:{i:0;s:11:""Monopo'list"";}i:419;a:1:{i:0;s:21:""Pirates des Caralist'"";}}",NULL
"10941","1403","217","2022-12-15 10:05:38","a:4:{i:416;a:1:{i:0;s:19:""Alerte à Malist'bu"";}i:417;a:1:{i:0;s:11:""Monopo'list"";}i:418;a:1:{i:0;s:19:""Alerte à Malist'bu"";}i:419;a:1:{i:0;s:19:""Alerte à Malist'bu"";}}",NULL
"10948","2164","217","2022-12-15 10:08:13","a:4:{i:416;a:1:{i:0;s:11:""Monopo'list"";}i:417;a:1:{i:0;s:11:""Monopo'list"";}i:418;a:1:{i:0;s:11:""Monopo'list"";}i:419;a:1:{i:0;s:19:""Alerte à Malist'bu"";}}",NULL
"10950","2358","217","2022-12-15 10:08:48","a:4:{i:416;a:1:{i:0;s:11:""Monopo'list"";}i:417;a:1:{i:0;s:11:""Monopo'list"";}i:418;a:1:{i:0;s:11:""Monopo'list"";}i:419;a:1:{i:0;s:19:""Alerte à Malist'bu"";}}",NULL
"10955","2188","217","2022-12-15 10:10:02","a:4:{i:416;a:1:{i:0;s:11:""Monopo'list"";}i:417;a:1:{i:0;s:11:""Monopo'list"";}i:418;a:1:{i:0;s:11:""Monopo'list"";}i:419;a:1:{i:0;s:19:""Alerte à Malist'bu"";}}",NULL
"10957","1819","217","2022-12-15 10:10:20","a:4:{i:416;a:1:{i:0;s:19:""Alerte à Malist'bu"";}i:417;a:1:{i:0;s:11:""Monopo'list"";}i:418;a:1:{i:0;s:19:""Alerte à Malist'bu"";}i:419;a:1:{i:0;s:19:""Alerte à Malist'bu"";}}",NULL
"10959","2312","217","2022-12-15 10:10:38","a:4:{i:416;a:1:{i:0;s:11:""Monopo'list"";}i:417;a:1:{i:0;s:11:""Monopo'list"";}i:418;a:1:{i:0;s:11:""Monopo'list"";}i:419;a:1:{i:0;s:19:""Alerte à Malist'bu"";}}",NULL
"10965","2309","217","2022-12-15 10:11:14","a:4:{i:416;a:1:{i:0;s:11:""Monopo'list"";}i:417;a:1:{i:0;s:11:""Monopo'list"";}i:418;a:1:{i:0;s:11:""Monopo'list"";}i:419;a:1:{i:0;s:21:""Pirates des Caralist'"";}}",NULL
"10967","2273","217","2022-12-15 10:11:19","a:4:{i:416;a:1:{i:0;s:11:""Monopo'list"";}i:417;a:0:{}i:418;a:0:{}i:419;a:1:{i:0;s:19:""Alerte à Malist'bu"";}}",NULL
"10977","2298","217","2022-12-15 10:12:49","a:4:{i:416;a:1:{i:0;s:19:""Alerte à Malist'bu"";}i:417;a:1:{i:0;s:21:""Pirates des Caralist'"";}i:418;a:1:{i:0;s:19:""Alerte à Malist'bu"";}i:419;a:1:{i:0;s:19:""Alerte à Malist'bu"";}}",NULL
"10979","2304","217","2022-12-15 10:13:26","a:4:{i:416;a:1:{i:0;s:21:""Pirates des Caralist'"";}i:417;a:1:{i:0;s:21:""Pirates des Caralist'"";}i:418;a:1:{i:0;s:11:""Monopo'list"";}i:419;a:1:{i:0;s:21:""Pirates des Caralist'"";}}",NULL
"10992","1743","217","2022-12-15 10:16:17","a:4:{i:416;a:1:{i:0;s:19:""Alerte à Malist'bu"";}i:417;a:1:{i:0;s:11:""Monopo'list"";}i:418;a:1:{i:0;s:19:""Alerte à Malist'bu"";}i:419;a:1:{i:0;s:19:""Alerte à Malist'bu"";}}",NULL
"11006","1875","217","2022-12-15 10:19:12","a:4:{i:416;a:1:{i:0;s:19:""Alerte à Malist'bu"";}i:417;a:1:{i:0;s:21:""Pirates des Caralist'"";}i:418;a:1:{i:0;s:19:""Alerte à Malist'bu"";}i:419;a:1:{i:0;s:19:""Alerte à Malist'bu"";}}",NULL
"11009","2173","217","2022-12-15 10:19:40","a:4:{i:416;a:1:{i:0;s:11:""Monopo'list"";}i:417;a:1:{i:0;s:11:""Monopo'list"";}i:418;a:1:{i:0;s:11:""Monopo'list"";}i:419;a:1:{i:0;s:19:""Alerte à Malist'bu"";}}",NULL
"11015","1804","217","2022-12-15 10:20:35","a:4:{i:416;a:1:{i:0;s:19:""Alerte à Malist'bu"";}i:417;a:1:{i:0;s:11:""Monopo'list"";}i:418;a:1:{i:0;s:19:""Alerte à Malist'bu"";}i:419;a:1:{i:0;s:19:""Alerte à Malist'bu"";}}",NULL
"11016","1696","217","2022-12-15 10:20:38","a:4:{i:416;a:1:{i:0;s:11:""Monopo'list"";}i:417;a:1:{i:0;s:11:""Monopo'list"";}i:418;a:1:{i:0;s:11:""Monopo'list"";}i:419;a:1:{i:0;s:19:""Alerte à Malist'bu"";}}",NULL
"11017","1792","217","2022-12-15 10:20:45","a:4:{i:416;a:1:{i:0;s:11:""Monopo'list"";}i:417;a:1:{i:0;s:11:""Monopo'list"";}i:418;a:1:{i:0;s:11:""Monopo'list"";}i:419;a:1:{i:0;s:19:""Alerte à Malist'bu"";}}",NULL
"11018","2144","217","2022-12-15 10:20:52","a:4:{i:416;a:1:{i:0;s:19:""Alerte à Malist'bu"";}i:417;a:1:{i:0;s:11:""Monopo'list"";}i:418;a:1:{i:0;s:19:""Alerte à Malist'bu"";}i:419;a:1:{i:0;s:19:""Alerte à Malist'bu"";}}",NULL
"11028","2133","217","2022-12-15 10:23:39","a:4:{i:416;a:1:{i:0;s:21:""Pirates des Caralist'"";}i:417;a:1:{i:0;s:21:""Pirates des Caralist'"";}i:418;a:1:{i:0;s:11:""Monopo'list"";}i:419;a:1:{i:0;s:21:""Pirates des Caralist'"";}}",NULL
"11030","2113","217","2022-12-15 10:24:16","a:4:{i:416;a:1:{i:0;s:11:""Monopo'list"";}i:417;a:1:{i:0;s:11:""Monopo'list"";}i:418;a:1:{i:0;s:11:""Monopo'list"";}i:419;a:1:{i:0;s:19:""Alerte à Malist'bu"";}}",NULL
"11031","1721","217","2022-12-15 10:24:29","a:4:{i:416;a:1:{i:0;s:19:""Alerte à Malist'bu"";}i:417;a:1:{i:0;s:21:""Pirates des Caralist'"";}i:418;a:1:{i:0;s:19:""Alerte à Malist'bu"";}i:419;a:1:{i:0;s:19:""Alerte à Malist'bu"";}}",NULL
"11033","1852","217","2022-12-15 10:24:57","a:4:{i:416;a:1:{i:0;s:19:""Alerte à Malist'bu"";}i:417;a:1:{i:0;s:11:""Monopo'list"";}i:418;a:1:{i:0;s:19:""Alerte à Malist'bu"";}i:419;a:1:{i:0;s:19:""Alerte à Malist'bu"";}}",NULL
"11039","1407","217","2022-12-15 10:27:24","a:4:{i:416;a:1:{i:0;s:11:""Monopo'list"";}i:417;a:1:{i:0;s:11:""Monopo'list"";}i:418;a:1:{i:0;s:11:""Monopo'list"";}i:419;a:1:{i:0;s:19:""Alerte à Malist'bu"";}}",NULL
"11042","2296","217","2022-12-15 10:28:30","a:4:{i:416;a:1:{i:0;s:11:""Monopo'list"";}i:417;a:1:{i:0;s:11:""Monopo'list"";}i:418;a:1:{i:0;s:11:""Monopo'list"";}i:419;a:1:{i:0;s:21:""Pirates des Caralist'"";}}",NULL
"11044","1965","217","2022-12-15 10:30:33","a:4:{i:416;a:1:{i:0;s:11:""Monopo'list"";}i:417;a:1:{i:0;s:11:""Monopo'list"";}i:418;a:1:{i:0;s:11:""Monopo'list"";}i:419;a:1:{i:0;s:21:""Pirates des Caralist'"";}}",NULL
"11046","1903","217","2022-12-15 10:31:15","a:4:{i:416;a:1:{i:0;s:19:""Alerte à Malist'bu"";}i:417;a:1:{i:0;s:21:""Pirates des Caralist'"";}i:418;a:1:{i:0;s:19:""Alerte à Malist'bu"";}i:419;a:1:{i:0;s:19:""Alerte à Malist'bu"";}}",NULL
"11061","981","217","2022-12-15 10:33:55","a:4:{i:416;a:1:{i:0;s:19:""Alerte à Malist'bu"";}i:417;a:1:{i:0;s:11:""Monopo'list"";}i:418;a:1:{i:0;s:19:""Alerte à Malist'bu"";}i:419;a:1:{i:0;s:19:""Alerte à Malist'bu"";}}",NULL
"11068","2114","217","2022-12-15 10:35:07","a:4:{i:416;a:1:{i:0;s:19:""Alerte à Malist'bu"";}i:417;a:1:{i:0;s:21:""Pirates des Caralist'"";}i:418;a:1:{i:0;s:19:""Alerte à Malist'bu"";}i:419;a:1:{i:0;s:19:""Alerte à Malist'bu"";}}",NULL
"11069","1398","217","2022-12-15 10:35:08","a:4:{i:416;a:1:{i:0;s:19:""Alerte à Malist'bu"";}i:417;a:1:{i:0;s:11:""Monopo'list"";}i:418;a:1:{i:0;s:19:""Alerte à Malist'bu"";}i:419;a:1:{i:0;s:19:""Alerte à Malist'bu"";}}",NULL
"11076","2075","217","2022-12-15 10:36:03","a:4:{i:416;a:1:{i:0;s:11:""Monopo'list"";}i:417;a:1:{i:0;s:11:""Monopo'list"";}i:418;a:1:{i:0;s:11:""Monopo'list"";}i:419;a:1:{i:0;s:21:""Pirates des Caralist'"";}}",NULL
"11078","1708","217","2022-12-15 10:36:21","a:4:{i:416;a:1:{i:0;s:19:""Alerte à Malist'bu"";}i:417;a:1:{i:0;s:11:""Monopo'list"";}i:418;a:1:{i:0;s:19:""Alerte à Malist'bu"";}i:419;a:1:{i:0;s:19:""Alerte à Malist'bu"";}}",NULL
"11081","2231","217","2022-12-15 10:36:52","a:4:{i:416;a:1:{i:0;s:21:""Pirates des Caralist'"";}i:417;a:1:{i:0;s:21:""Pirates des Caralist'"";}i:418;a:1:{i:0;s:11:""Monopo'list"";}i:419;a:1:{i:0;s:21:""Pirates des Caralist'"";}}",NULL
"11082","1506","217","2022-12-15 10:36:56","a:4:{i:416;a:1:{i:0;s:19:""Alerte à Malist'bu"";}i:417;a:1:{i:0;s:11:""Monopo'list"";}i:418;a:1:{i:0;s:19:""Alerte à Malist'bu"";}i:419;a:1:{i:0;s:19:""Alerte à Malist'bu"";}}",NULL
"11084","1884","217","2022-12-15 10:37:34","a:4:{i:416;a:1:{i:0;s:11:""Monopo'list"";}i:417;a:1:{i:0;s:11:""Monopo'list"";}i:418;a:1:{i:0;s:11:""Monopo'list"";}i:419;a:1:{i:0;s:19:""Alerte à Malist'bu"";}}",NULL
"11104","1880","217","2022-12-15 10:40:34","a:4:{i:416;a:1:{i:0;s:19:""Alerte à Malist'bu"";}i:417;a:1:{i:0;s:21:""Pirates des Caralist'"";}i:418;a:1:{i:0;s:19:""Alerte à Malist'bu"";}i:419;a:1:{i:0;s:19:""Alerte à Malist'bu"";}}",NULL
"11111","2126","217","2022-12-15 10:44:01","a:4:{i:416;a:1:{i:0;s:19:""Alerte à Malist'bu"";}i:417;a:1:{i:0;s:21:""Pirates des Caralist'"";}i:418;a:1:{i:0;s:19:""Alerte à Malist'bu"";}i:419;a:1:{i:0;s:19:""Alerte à Malist'bu"";}}",NULL
"11122","1869","217","2022-12-15 10:47:54","a:4:{i:416;a:1:{i:0;s:19:""Alerte à Malist'bu"";}i:417;a:1:{i:0;s:11:""Monopo'list"";}i:418;a:1:{i:0;s:19:""Alerte à Malist'bu"";}i:419;a:1:{i:0;s:19:""Alerte à Malist'bu"";}}",NULL
"11123","2356","217","2022-12-15 10:48:18","a:4:{i:416;a:1:{i:0;s:11:""Monopo'list"";}i:417;a:1:{i:0;s:11:""Monopo'list"";}i:418;a:1:{i:0;s:11:""Monopo'list"";}i:419;a:1:{i:0;s:21:""Pirates des Caralist'"";}}",NULL
"11144","2063","217","2022-12-15 10:55:56","a:4:{i:416;a:1:{i:0;s:19:""Alerte à Malist'bu"";}i:417;a:1:{i:0;s:21:""Pirates des Caralist'"";}i:418;a:1:{i:0;s:19:""Alerte à Malist'bu"";}i:419;a:1:{i:0;s:19:""Alerte à Malist'bu"";}}",NULL
"11156","2160","217","2022-12-15 11:01:34","a:4:{i:416;a:1:{i:0;s:19:""Alerte à Malist'bu"";}i:417;a:1:{i:0;s:21:""Pirates des Caralist'"";}i:418;a:1:{i:0;s:19:""Alerte à Malist'bu"";}i:419;a:1:{i:0;s:19:""Alerte à Malist'bu"";}}",NULL
"11166","2303","217","2022-12-15 11:04:19","a:4:{i:416;a:1:{i:0;s:21:""Pirates des Caralist'"";}i:417;a:1:{i:0;s:21:""Pirates des Caralist'"";}i:418;a:1:{i:0;s:19:""Alerte à Malist'bu"";}i:419;a:1:{i:0;s:21:""Pirates des Caralist'"";}}",NULL
"11170","898","217","2022-12-15 11:05:31","a:4:{i:416;a:1:{i:0;s:11:""Monopo'list"";}i:417;a:1:{i:0;s:11:""Monopo'list"";}i:418;a:1:{i:0;s:11:""Monopo'list"";}i:419;a:1:{i:0;s:21:""Pirates des Caralist'"";}}",NULL
"11173","998","217","2022-12-15 11:06:05","a:4:{i:416;a:1:{i:0;s:19:""Alerte à Malist'bu"";}i:417;a:1:{i:0;s:21:""Pirates des Caralist'"";}i:418;a:1:{i:0;s:19:""Alerte à Malist'bu"";}i:419;a:1:{i:0;s:19:""Alerte à Malist'bu"";}}",NULL
"11175","1384","217","2022-12-15 11:06:30","a:4:{i:416;a:1:{i:0;s:19:""Alerte à Malist'bu"";}i:417;a:1:{i:0;s:11:""Monopo'list"";}i:418;a:1:{i:0;s:19:""Alerte à Malist'bu"";}i:419;a:1:{i:0;s:19:""Alerte à Malist'bu"";}}",NULL
"11180","886","217","2022-12-15 11:08:18","a:4:{i:416;a:1:{i:0;s:19:""Alerte à Malist'bu"";}i:417;a:1:{i:0;s:11:""Monopo'list"";}i:418;a:1:{i:0;s:11:""Monopo'list"";}i:419;a:1:{i:0;s:19:""Alerte à Malist'bu"";}}",NULL
"11183","1763","217","2022-12-15 11:09:15","a:4:{i:416;a:1:{i:0;s:19:""Alerte à Malist'bu"";}i:417;a:1:{i:0;s:21:""Pirates des Caralist'"";}i:418;a:1:{i:0;s:19:""Alerte à Malist'bu"";}i:419;a:1:{i:0;s:19:""Alerte à Malist'bu"";}}",NULL
"11184","1098","217","2022-12-15 11:09:38","a:4:{i:416;a:1:{i:0;s:19:""Alerte à Malist'bu"";}i:417;a:1:{i:0;s:11:""Monopo'list"";}i:418;a:1:{i:0;s:19:""Alerte à Malist'bu"";}i:419;a:1:{i:0;s:19:""Alerte à Malist'bu"";}}",NULL
"11189","1050","217","2022-12-15 11:13:38","a:4:{i:416;a:1:{i:0;s:19:""Alerte à Malist'bu"";}i:417;a:1:{i:0;s:11:""Monopo'list"";}i:418;a:1:{i:0;s:19:""Alerte à Malist'bu"";}i:419;a:1:{i:0;s:19:""Alerte à Malist'bu"";}}",NULL
"11192","1314","217","2022-12-15 11:14:35","a:4:{i:416;a:1:{i:0;s:11:""Monopo'list"";}i:417;a:1:{i:0;s:11:""Monopo'list"";}i:418;a:1:{i:0;s:11:""Monopo'list"";}i:419;a:1:{i:0;s:21:""Pirates des Caralist'"";}}",NULL
"11193","876","217","2022-12-15 11:15:03","a:4:{i:416;a:1:{i:0;s:19:""Alerte à Malist'bu"";}i:417;a:1:{i:0;s:11:""Monopo'list"";}i:418;a:1:{i:0;s:19:""Alerte à Malist'bu"";}i:419;a:1:{i:0;s:19:""Alerte à Malist'bu"";}}",NULL
"11194","1777","217","2022-12-15 11:15:39","a:4:{i:416;a:1:{i:0;s:19:""Alerte à Malist'bu"";}i:417;a:1:{i:0;s:21:""Pirates des Caralist'"";}i:418;a:1:{i:0;s:19:""Alerte à Malist'bu"";}i:419;a:1:{i:0;s:19:""Alerte à Malist'bu"";}}",NULL
"11195","2212","217","2022-12-15 11:15:48","a:4:{i:416;a:1:{i:0;s:19:""Alerte à Malist'bu"";}i:417;a:1:{i:0;s:11:""Monopo'list"";}i:418;a:1:{i:0;s:19:""Alerte à Malist'bu"";}i:419;a:1:{i:0;s:19:""Alerte à Malist'bu"";}}",NULL
"11198","1422","217","2022-12-15 11:16:51","a:4:{i:416;a:1:{i:0;s:11:""Monopo'list"";}i:417;a:1:{i:0;s:11:""Monopo'list"";}i:418;a:1:{i:0;s:11:""Monopo'list"";}i:419;a:1:{i:0;s:19:""Alerte à Malist'bu"";}}",NULL
"11200","1748","217","2022-12-15 11:17:24","a:4:{i:416;a:1:{i:0;s:19:""Alerte à Malist'bu"";}i:417;a:1:{i:0;s:11:""Monopo'list"";}i:418;a:1:{i:0;s:19:""Alerte à Malist'bu"";}i:419;a:1:{i:0;s:19:""Alerte à Malist'bu"";}}",NULL
"11204","1827","217","2022-12-15 11:17:44","a:4:{i:416;a:1:{i:0;s:19:""Alerte à Malist'bu"";}i:417;a:1:{i:0;s:11:""Monopo'list"";}i:418;a:1:{i:0;s:19:""Alerte à Malist'bu"";}i:419;a:1:{i:0;s:19:""Alerte à Malist'bu"";}}",NULL
"11215","1698","217","2022-12-15 11:19:48","a:4:{i:416;a:1:{i:0;s:11:""Monopo'list"";}i:417;a:1:{i:0;s:11:""Monopo'list"";}i:418;a:1:{i:0;s:11:""Monopo'list"";}i:419;a:1:{i:0;s:19:""Alerte à Malist'bu"";}}",NULL
"11225","1867","217","2022-12-15 11:22:07","a:4:{i:416;a:1:{i:0;s:19:""Alerte à Malist'bu"";}i:417;a:1:{i:0;s:21:""Pirates des Caralist'"";}i:418;a:1:{i:0;s:19:""Alerte à Malist'bu"";}i:419;a:1:{i:0;s:19:""Alerte à Malist'bu"";}}",NULL
"11230","2071","217","2022-12-15 11:22:45","a:4:{i:416;a:1:{i:0;s:19:""Alerte à Malist'bu"";}i:417;a:1:{i:0;s:21:""Pirates des Caralist'"";}i:418;a:1:{i:0;s:19:""Alerte à Malist'bu"";}i:419;a:1:{i:0;s:19:""Alerte à Malist'bu"";}}",NULL
"11231","1703","217","2022-12-15 11:23:10","a:4:{i:416;a:1:{i:0;s:11:""Monopo'list"";}i:417;a:1:{i:0;s:11:""Monopo'list"";}i:418;a:1:{i:0;s:11:""Monopo'list"";}i:419;a:1:{i:0;s:19:""Alerte à Malist'bu"";}}",NULL
"11235","1851","217","2022-12-15 11:24:39","a:4:{i:416;a:1:{i:0;s:19:""Alerte à Malist'bu"";}i:417;a:1:{i:0;s:21:""Pirates des Caralist'"";}i:418;a:1:{i:0;s:19:""Alerte à Malist'bu"";}i:419;a:1:{i:0;s:19:""Alerte à Malist'bu"";}}",NULL
"11237","1853","217","2022-12-15 11:26:14","a:4:{i:416;a:1:{i:0;s:19:""Alerte à Malist'bu"";}i:417;a:1:{i:0;s:21:""Pirates des Caralist'"";}i:418;a:1:{i:0;s:19:""Alerte à Malist'bu"";}i:419;a:1:{i:0;s:19:""Alerte à Malist'bu"";}}",NULL
"11244","1391","217","2022-12-15 11:28:49","a:4:{i:416;a:1:{i:0;s:19:""Alerte à Malist'bu"";}i:417;a:1:{i:0;s:21:""Pirates des Caralist'"";}i:418;a:1:{i:0;s:19:""Alerte à Malist'bu"";}i:419;a:1:{i:0;s:19:""Alerte à Malist'bu"";}}",NULL
"11248","1799","217","2022-12-15 11:30:05","a:4:{i:416;a:1:{i:0;s:19:""Alerte à Malist'bu"";}i:417;a:1:{i:0;s:21:""Pirates des Caralist'"";}i:418;a:1:{i:0;s:19:""Alerte à Malist'bu"";}i:419;a:1:{i:0;s:19:""Alerte à Malist'bu"";}}",NULL
"11259","1839","217","2022-12-15 11:33:42","a:4:{i:416;a:1:{i:0;s:19:""Alerte à Malist'bu"";}i:417;a:1:{i:0;s:21:""Pirates des Caralist'"";}i:418;a:1:{i:0;s:19:""Alerte à Malist'bu"";}i:419;a:1:{i:0;s:19:""Alerte à Malist'bu"";}}",NULL
"11270","1954","217","2022-12-15 11:34:46","a:4:{i:416;a:1:{i:0;s:11:""Monopo'list"";}i:417;a:1:{i:0;s:11:""Monopo'list"";}i:418;a:1:{i:0;s:11:""Monopo'list"";}i:419;a:1:{i:0;s:19:""Alerte à Malist'bu"";}}",NULL
"11285","1836","217","2022-12-15 11:36:19","a:4:{i:416;a:1:{i:0;s:19:""Alerte à Malist'bu"";}i:417;a:1:{i:0;s:21:""Pirates des Caralist'"";}i:418;a:1:{i:0;s:19:""Alerte à Malist'bu"";}i:419;a:1:{i:0;s:19:""Alerte à Malist'bu"";}}",NULL
"11286","2068","217","2022-12-15 11:36:23","a:4:{i:416;a:1:{i:0;s:21:""Pirates des Caralist'"";}i:417;a:1:{i:0;s:21:""Pirates des Caralist'"";}i:418;a:1:{i:0;s:19:""Alerte à Malist'bu"";}i:419;a:1:{i:0;s:21:""Pirates des Caralist'"";}}",NULL
"11289","2293","217","2022-12-15 11:36:26","a:4:{i:416;a:1:{i:0;s:19:""Alerte à Malist'bu"";}i:417;a:1:{i:0;s:21:""Pirates des Caralist'"";}i:418;a:1:{i:0;s:19:""Alerte à Malist'bu"";}i:419;a:1:{i:0;s:19:""Alerte à Malist'bu"";}}",NULL
"11301","2315","217","2022-12-15 11:37:55","a:4:{i:416;a:1:{i:0;s:19:""Alerte à Malist'bu"";}i:417;a:1:{i:0;s:11:""Monopo'list"";}i:418;a:1:{i:0;s:19:""Alerte à Malist'bu"";}i:419;a:1:{i:0;s:19:""Alerte à Malist'bu"";}}",NULL
"11305","867","217","2022-12-15 11:38:55","a:4:{i:416;a:1:{i:0;s:19:""Alerte à Malist'bu"";}i:417;a:1:{i:0;s:21:""Pirates des Caralist'"";}i:418;a:1:{i:0;s:19:""Alerte à Malist'bu"";}i:419;a:1:{i:0;s:19:""Alerte à Malist'bu"";}}",NULL
"11313","1392","217","2022-12-15 11:40:22","a:4:{i:416;a:1:{i:0;s:19:""Alerte à Malist'bu"";}i:417;a:0:{}i:418;a:1:{i:0;s:19:""Alerte à Malist'bu"";}i:419;a:1:{i:0;s:19:""Alerte à Malist'bu"";}}",NULL
"11318","1733","217","2022-12-15 11:42:16","a:4:{i:416;a:1:{i:0;s:19:""Alerte à Malist'bu"";}i:417;a:1:{i:0;s:11:""Monopo'list"";}i:418;a:1:{i:0;s:19:""Alerte à Malist'bu"";}i:419;a:1:{i:0;s:19:""Alerte à Malist'bu"";}}",NULL
"11319","1753","217","2022-12-15 11:42:32","a:4:{i:416;a:1:{i:0;s:19:""Alerte à Malist'bu"";}i:417;a:1:{i:0;s:11:""Monopo'list"";}i:418;a:1:{i:0;s:19:""Alerte à Malist'bu"";}i:419;a:1:{i:0;s:19:""Alerte à Malist'bu"";}}",NULL
"11328","2371","217","2022-12-15 11:46:02","a:4:{i:416;a:1:{i:0;s:19:""Alerte à Malist'bu"";}i:417;a:1:{i:0;s:11:""Monopo'list"";}i:418;a:1:{i:0;s:19:""Alerte à Malist'bu"";}i:419;a:1:{i:0;s:19:""Alerte à Malist'bu"";}}",NULL
"11329","1723","217","2022-12-15 11:46:06","a:4:{i:416;a:1:{i:0;s:11:""Monopo'list"";}i:417;a:1:{i:0;s:11:""Monopo'list"";}i:418;a:1:{i:0;s:19:""Alerte à Malist'bu"";}i:419;a:1:{i:0;s:19:""Alerte à Malist'bu"";}}",NULL
"11344","1299","217","2022-12-15 11:52:10","a:4:{i:416;a:1:{i:0;s:19:""Alerte à Malist'bu"";}i:417;a:1:{i:0;s:11:""Monopo'list"";}i:418;a:1:{i:0;s:19:""Alerte à Malist'bu"";}i:419;a:1:{i:0;s:19:""Alerte à Malist'bu"";}}",NULL
"11352","1341","217","2022-12-15 11:57:06","a:4:{i:416;a:1:{i:0;s:11:""Monopo'list"";}i:417;a:1:{i:0;s:11:""Monopo'list"";}i:418;a:1:{i:0;s:11:""Monopo'list"";}i:419;a:1:{i:0;s:19:""Alerte à Malist'bu"";}}",NULL
"11359","1920","217","2022-12-15 12:00:30","a:4:{i:416;a:1:{i:0;s:19:""Alerte à Malist'bu"";}i:417;a:1:{i:0;s:11:""Monopo'list"";}i:418;a:1:{i:0;s:19:""Alerte à Malist'bu"";}i:419;a:1:{i:0;s:19:""Alerte à Malist'bu"";}}",NULL
"11373","1702","217","2022-12-15 12:02:57","a:4:{i:416;a:1:{i:0;s:19:""Alerte à Malist'bu"";}i:417;a:1:{i:0;s:11:""Monopo'list"";}i:418;a:1:{i:0;s:19:""Alerte à Malist'bu"";}i:419;a:1:{i:0;s:19:""Alerte à Malist'bu"";}}",NULL
"11376","1778","217","2022-12-15 12:03:19","a:4:{i:416;a:1:{i:0;s:19:""Alerte à Malist'bu"";}i:417;a:1:{i:0;s:21:""Pirates des Caralist'"";}i:418;a:1:{i:0;s:19:""Alerte à Malist'bu"";}i:419;a:1:{i:0;s:19:""Alerte à Malist'bu"";}}",NULL
"11384","1746","217","2022-12-15 12:04:05","a:4:{i:416;a:1:{i:0;s:19:""Alerte à Malist'bu"";}i:417;a:1:{i:0;s:21:""Pirates des Caralist'"";}i:418;a:1:{i:0;s:19:""Alerte à Malist'bu"";}i:419;a:1:{i:0;s:19:""Alerte à Malist'bu"";}}",NULL
"11398","1795","217","2022-12-15 12:06:19","a:4:{i:416;a:1:{i:0;s:19:""Alerte à Malist'bu"";}i:417;a:1:{i:0;s:11:""Monopo'list"";}i:418;a:1:{i:0;s:19:""Alerte à Malist'bu"";}i:419;a:1:{i:0;s:19:""Alerte à Malist'bu"";}}",NULL
"11401","1456","217","2022-12-15 12:06:27","a:4:{i:416;a:1:{i:0;s:11:""Monopo'list"";}i:417;a:1:{i:0;s:11:""Monopo'list"";}i:418;a:1:{i:0;s:11:""Monopo'list"";}i:419;a:1:{i:0;s:19:""Alerte à Malist'bu"";}}",NULL
"11406","1781","217","2022-12-15 12:07:50","a:4:{i:416;a:1:{i:0;s:19:""Alerte à Malist'bu"";}i:417;a:1:{i:0;s:21:""Pirates des Caralist'"";}i:418;a:1:{i:0;s:19:""Alerte à Malist'bu"";}i:419;a:1:{i:0;s:19:""Alerte à Malist'bu"";}}",NULL
"11407","1324","217","2022-12-15 12:08:08","a:4:{i:416;a:1:{i:0;s:19:""Alerte à Malist'bu"";}i:417;a:1:{i:0;s:21:""Pirates des Caralist'"";}i:418;a:1:{i:0;s:19:""Alerte à Malist'bu"";}i:419;a:1:{i:0;s:19:""Alerte à Malist'bu"";}}",NULL
"11412","1860","217","2022-12-15 12:08:46","a:4:{i:416;a:1:{i:0;s:19:""Alerte à Malist'bu"";}i:417;a:1:{i:0;s:21:""Pirates des Caralist'"";}i:418;a:1:{i:0;s:19:""Alerte à Malist'bu"";}i:419;a:1:{i:0;s:19:""Alerte à Malist'bu"";}}",NULL
"11415","1736","217","2022-12-15 12:09:19","a:4:{i:416;a:1:{i:0;s:11:""Monopo'list"";}i:417;a:1:{i:0;s:11:""Monopo'list"";}i:418;a:1:{i:0;s:19:""Alerte à Malist'bu"";}i:419;a:1:{i:0;s:19:""Alerte à Malist'bu"";}}",NULL
"11419","1394","217","2022-12-15 12:10:03","a:4:{i:416;a:1:{i:0;s:19:""Alerte à Malist'bu"";}i:417;a:1:{i:0;s:21:""Pirates des Caralist'"";}i:418;a:1:{i:0;s:19:""Alerte à Malist'bu"";}i:419;a:1:{i:0;s:19:""Alerte à Malist'bu"";}}",NULL
"11421","1348","217","2022-12-15 12:10:26","a:4:{i:416;a:1:{i:0;s:11:""Monopo'list"";}i:417;a:1:{i:0;s:11:""Monopo'list"";}i:418;a:1:{i:0;s:11:""Monopo'list"";}i:419;a:1:{i:0;s:19:""Alerte à Malist'bu"";}}",NULL
"11424","1701","217","2022-12-15 12:10:41","a:4:{i:416;a:1:{i:0;s:11:""Monopo'list"";}i:417;a:1:{i:0;s:11:""Monopo'list"";}i:418;a:1:{i:0;s:19:""Alerte à Malist'bu"";}i:419;a:1:{i:0;s:19:""Alerte à Malist'bu"";}}",NULL
"11433","1365","217","2022-12-15 12:13:00","a:4:{i:416;a:1:{i:0;s:11:""Monopo'list"";}i:417;a:0:{}i:418;a:0:{}i:419;a:1:{i:0;s:19:""Alerte à Malist'bu"";}}",NULL
"11437","1300","217","2022-12-15 12:15:23","a:4:{i:416;a:1:{i:0;s:19:""Alerte à Malist'bu"";}i:417;a:1:{i:0;s:11:""Monopo'list"";}i:418;a:1:{i:0;s:19:""Alerte à Malist'bu"";}i:419;a:1:{i:0;s:19:""Alerte à Malist'bu"";}}",NULL
"11444","1313","217","2022-12-15 12:18:13","a:4:{i:416;a:1:{i:0;s:11:""Monopo'list"";}i:417;a:1:{i:0;s:11:""Monopo'list"";}i:418;a:1:{i:0;s:11:""Monopo'list"";}i:419;a:1:{i:0;s:19:""Alerte à Malist'bu"";}}",NULL
"11447","2155","217","2022-12-15 12:19:29","a:4:{i:416;a:1:{i:0;s:11:""Monopo'list"";}i:417;a:1:{i:0;s:11:""Monopo'list"";}i:418;a:1:{i:0;s:11:""Monopo'list"";}i:419;a:1:{i:0;s:19:""Alerte à Malist'bu"";}}",NULL
"11454","1939","217","2022-12-15 12:20:51","a:4:{i:416;a:1:{i:0;s:19:""Alerte à Malist'bu"";}i:417;a:1:{i:0;s:21:""Pirates des Caralist'"";}i:418;a:1:{i:0;s:19:""Alerte à Malist'bu"";}i:419;a:1:{i:0;s:19:""Alerte à Malist'bu"";}}",NULL
"11461","1916","217","2022-12-15 12:22:28","a:4:{i:416;a:1:{i:0;s:19:""Alerte à Malist'bu"";}i:417;a:1:{i:0;s:21:""Pirates des Caralist'"";}i:418;a:1:{i:0;s:19:""Alerte à Malist'bu"";}i:419;a:1:{i:0;s:19:""Alerte à Malist'bu"";}}",NULL
"11468","1705","217","2022-12-15 12:23:54","a:4:{i:416;a:1:{i:0;s:19:""Alerte à Malist'bu"";}i:417;a:1:{i:0;s:21:""Pirates des Caralist'"";}i:418;a:1:{i:0;s:19:""Alerte à Malist'bu"";}i:419;a:1:{i:0;s:19:""Alerte à Malist'bu"";}}",NULL
"11469","1514","217","2022-12-15 12:23:56","a:4:{i:416;a:1:{i:0;s:19:""Alerte à Malist'bu"";}i:417;a:1:{i:0;s:21:""Pirates des Caralist'"";}i:418;a:1:{i:0;s:19:""Alerte à Malist'bu"";}i:419;a:1:{i:0;s:19:""Alerte à Malist'bu"";}}",NULL
"11473","2222","217","2022-12-15 12:24:24","a:4:{i:416;a:1:{i:0;s:21:""Pirates des Caralist'"";}i:417;a:1:{i:0;s:21:""Pirates des Caralist'"";}i:418;a:1:{i:0;s:19:""Alerte à Malist'bu"";}i:419;a:1:{i:0;s:21:""Pirates des Caralist'"";}}",NULL
"11478","1806","217","2022-12-15 12:25:15","a:4:{i:416;a:1:{i:0;s:19:""Alerte à Malist'bu"";}i:417;a:1:{i:0;s:11:""Monopo'list"";}i:418;a:1:{i:0;s:19:""Alerte à Malist'bu"";}i:419;a:1:{i:0;s:19:""Alerte à Malist'bu"";}}",NULL
"11479","1769","217","2022-12-15 12:25:31","a:4:{i:416;a:1:{i:0;s:19:""Alerte à Malist'bu"";}i:417;a:1:{i:0;s:21:""Pirates des Caralist'"";}i:418;a:1:{i:0;s:19:""Alerte à Malist'bu"";}i:419;a:1:{i:0;s:19:""Alerte à Malist'bu"";}}",NULL
"11483","1787","217","2022-12-15 12:26:14","a:4:{i:416;a:1:{i:0;s:19:""Alerte à Malist'bu"";}i:417;a:1:{i:0;s:21:""Pirates des Caralist'"";}i:418;a:1:{i:0;s:19:""Alerte à Malist'bu"";}i:419;a:1:{i:0;s:19:""Alerte à Malist'bu"";}}",NULL
"11485","1502","217","2022-12-15 12:26:48","a:4:{i:416;a:1:{i:0;s:21:""Pirates des Caralist'"";}i:417;a:1:{i:0;s:21:""Pirates des Caralist'"";}i:418;a:1:{i:0;s:19:""Alerte à Malist'bu"";}i:419;a:1:{i:0;s:21:""Pirates des Caralist'"";}}",NULL
"11491","1339","217","2022-12-15 12:28:28","a:4:{i:416;a:1:{i:0;s:19:""Alerte à Malist'bu"";}i:417;a:1:{i:0;s:11:""Monopo'list"";}i:418;a:1:{i:0;s:19:""Alerte à Malist'bu"";}i:419;a:1:{i:0;s:19:""Alerte à Malist'bu"";}}",NULL
"11494","1326","217","2022-12-15 12:28:42","a:4:{i:416;a:1:{i:0;s:19:""Alerte à Malist'bu"";}i:417;a:1:{i:0;s:11:""Monopo'list"";}i:418;a:1:{i:0;s:19:""Alerte à Malist'bu"";}i:419;a:1:{i:0;s:19:""Alerte à Malist'bu"";}}",NULL
"11501","1530","217","2022-12-15 12:29:49","a:4:{i:416;a:1:{i:0;s:19:""Alerte à Malist'bu"";}i:417;a:1:{i:0;s:21:""Pirates des Caralist'"";}i:418;a:1:{i:0;s:19:""Alerte à Malist'bu"";}i:419;a:1:{i:0;s:19:""Alerte à Malist'bu"";}}",NULL
"11507","1325","217","2022-12-15 12:31:06","a:4:{i:416;a:1:{i:0;s:19:""Alerte à Malist'bu"";}i:417;a:2:{i:0;s:11:""Monopo'list"";i:1;s:21:""Pirates des Caralist'"";}i:418;a:1:{i:0;s:19:""Alerte à Malist'bu"";}i:419;a:1:{i:0;s:19:""Alerte à Malist'bu"";}}",NULL
"11526","1752","217","2022-12-15 12:36:51","a:4:{i:416;a:1:{i:0;s:19:""Alerte à Malist'bu"";}i:417;a:1:{i:0;s:11:""Monopo'list"";}i:418;a:1:{i:0;s:19:""Alerte à Malist'bu"";}i:419;a:1:{i:0;s:19:""Alerte à Malist'bu"";}}",NULL
"11528","1393","217","2022-12-15 12:37:04","a:4:{i:416;a:1:{i:0;s:19:""Alerte à Malist'bu"";}i:417;a:1:{i:0;s:21:""Pirates des Caralist'"";}i:418;a:1:{i:0;s:19:""Alerte à Malist'bu"";}i:419;a:1:{i:0;s:19:""Alerte à Malist'bu"";}}",NULL
"11529","1711","217","2022-12-15 12:37:08","a:4:{i:416;a:1:{i:0;s:19:""Alerte à Malist'bu"";}i:417;a:1:{i:0;s:11:""Monopo'list"";}i:418;a:1:{i:0;s:19:""Alerte à Malist'bu"";}i:419;a:1:{i:0;s:19:""Alerte à Malist'bu"";}}",NULL
"11533","1404","217","2022-12-15 12:40:54","a:4:{i:416;a:1:{i:0;s:19:""Alerte à Malist'bu"";}i:417;a:1:{i:0;s:11:""Monopo'list"";}i:418;a:1:{i:0;s:19:""Alerte à Malist'bu"";}i:419;a:1:{i:0;s:19:""Alerte à Malist'bu"";}}",NULL
"11534","1925","217","2022-12-15 12:41:14","a:4:{i:416;a:1:{i:0;s:11:""Monopo'list"";}i:417;a:1:{i:0;s:11:""Monopo'list"";}i:418;a:1:{i:0;s:11:""Monopo'list"";}i:419;a:1:{i:0;s:19:""Alerte à Malist'bu"";}}",NULL
"11546","1982","217","2022-12-15 12:47:35","a:4:{i:416;a:1:{i:0;s:19:""Alerte à Malist'bu"";}i:417;a:1:{i:0;s:11:""Monopo'list"";}i:418;a:1:{i:0;s:19:""Alerte à Malist'bu"";}i:419;a:1:{i:0;s:19:""Alerte à Malist'bu"";}}",NULL
"11555","2127","217","2022-12-15 12:49:55","a:4:{i:416;a:1:{i:0;s:19:""Alerte à Malist'bu"";}i:417;a:1:{i:0;s:11:""Monopo'list"";}i:418;a:1:{i:0;s:19:""Alerte à Malist'bu"";}i:419;a:1:{i:0;s:19:""Alerte à Malist'bu"";}}",NULL
"11559","2330","217","2022-12-15 12:51:06","a:4:{i:416;a:1:{i:0;s:11:""Monopo'list"";}i:417;a:1:{i:0;s:11:""Monopo'list"";}i:418;a:1:{i:0;s:11:""Monopo'list"";}i:419;a:1:{i:0;s:21:""Pirates des Caralist'"";}}",NULL
"11566","2179","217","2022-12-15 12:54:27","a:4:{i:416;a:1:{i:0;s:19:""Alerte à Malist'bu"";}i:417;a:1:{i:0;s:21:""Pirates des Caralist'"";}i:418;a:1:{i:0;s:19:""Alerte à Malist'bu"";}i:419;a:1:{i:0;s:19:""Alerte à Malist'bu"";}}",NULL
"11571","1026","217","2022-12-15 12:55:43","a:4:{i:416;a:1:{i:0;s:19:""Alerte à Malist'bu"";}i:417;a:1:{i:0;s:11:""Monopo'list"";}i:418;a:1:{i:0;s:19:""Alerte à Malist'bu"";}i:419;a:1:{i:0;s:19:""Alerte à Malist'bu"";}}",NULL
"11572","1846","217","2022-12-15 12:56:16","a:4:{i:416;a:1:{i:0;s:19:""Alerte à Malist'bu"";}i:417;a:1:{i:0;s:11:""Monopo'list"";}i:418;a:1:{i:0;s:19:""Alerte à Malist'bu"";}i:419;a:1:{i:0;s:19:""Alerte à Malist'bu"";}}",NULL
"11582","825","217","2022-12-15 12:59:36","a:4:{i:416;a:1:{i:0;s:19:""Alerte à Malist'bu"";}i:417;a:1:{i:0;s:21:""Pirates des Caralist'"";}i:418;a:1:{i:0;s:19:""Alerte à Malist'bu"";}i:419;a:1:{i:0;s:19:""Alerte à Malist'bu"";}}",NULL
"11589","1803","217","2022-12-15 13:04:08","a:4:{i:416;a:1:{i:0;s:11:""Monopo'list"";}i:417;a:1:{i:0;s:11:""Monopo'list"";}i:418;a:1:{i:0;s:11:""Monopo'list"";}i:419;a:1:{i:0;s:19:""Alerte à Malist'bu"";}}",NULL
"11602","1885","217","2022-12-15 13:10:13","a:4:{i:416;a:1:{i:0;s:11:""Monopo'list"";}i:417;a:1:{i:0;s:11:""Monopo'list"";}i:418;a:1:{i:0;s:11:""Monopo'list"";}i:419;a:1:{i:0;s:19:""Alerte à Malist'bu"";}}",NULL
"11607","1727","217","2022-12-15 13:12:16","a:4:{i:416;a:1:{i:0;s:19:""Alerte à Malist'bu"";}i:417;a:1:{i:0;s:21:""Pirates des Caralist'"";}i:418;a:1:{i:0;s:19:""Alerte à Malist'bu"";}i:419;a:1:{i:0;s:19:""Alerte à Malist'bu"";}}",NULL
"11619","1808","217","2022-12-15 13:16:18","a:4:{i:416;a:1:{i:0;s:19:""Alerte à Malist'bu"";}i:417;a:1:{i:0;s:21:""Pirates des Caralist'"";}i:418;a:1:{i:0;s:19:""Alerte à Malist'bu"";}i:419;a:1:{i:0;s:19:""Alerte à Malist'bu"";}}",NULL
"11628","2218","217","2022-12-15 13:20:44","a:4:{i:416;a:1:{i:0;s:11:""Monopo'list"";}i:417;a:0:{}i:418;a:0:{}i:419;a:1:{i:0;s:19:""Alerte à Malist'bu"";}}",NULL
"11633","1868","217","2022-12-15 13:23:25","a:4:{i:416;a:1:{i:0;s:19:""Alerte à Malist'bu"";}i:417;a:1:{i:0;s:21:""Pirates des Caralist'"";}i:418;a:1:{i:0;s:19:""Alerte à Malist'bu"";}i:419;a:1:{i:0;s:19:""Alerte à Malist'bu"";}}",NULL
"11641","1004","217","2022-12-15 13:26:29","a:4:{i:416;a:1:{i:0;s:19:""Alerte à Malist'bu"";}i:417;a:1:{i:0;s:11:""Monopo'list"";}i:418;a:1:{i:0;s:11:""Monopo'list"";}i:419;a:1:{i:0;s:19:""Alerte à Malist'bu"";}}",NULL
"11647","1488","217","2022-12-15 13:27:09","a:4:{i:416;a:1:{i:0;s:19:""Alerte à Malist'bu"";}i:417;a:1:{i:0;s:11:""Monopo'list"";}i:418;a:1:{i:0;s:11:""Monopo'list"";}i:419;a:1:{i:0;s:19:""Alerte à Malist'bu"";}}",NULL
"11656","1688","217","2022-12-15 13:28:40","a:4:{i:416;a:1:{i:0;s:11:""Monopo'list"";}i:417;a:1:{i:0;s:11:""Monopo'list"";}i:418;a:1:{i:0;s:11:""Monopo'list"";}i:419;a:1:{i:0;s:19:""Alerte à Malist'bu"";}}",NULL
"11657","1541","217","2022-12-15 13:28:58","a:4:{i:416;a:1:{i:0;s:11:""Monopo'list"";}i:417;a:1:{i:0;s:11:""Monopo'list"";}i:418;a:1:{i:0;s:11:""Monopo'list"";}i:419;a:1:{i:0;s:19:""Alerte à Malist'bu"";}}",NULL
"11659","1864","217","2022-12-15 13:29:13","a:4:{i:416;a:1:{i:0;s:19:""Alerte à Malist'bu"";}i:417;a:1:{i:0;s:21:""Pirates des Caralist'"";}i:418;a:1:{i:0;s:19:""Alerte à Malist'bu"";}i:419;a:1:{i:0;s:19:""Alerte à Malist'bu"";}}",NULL
"11662","1521","217","2022-12-15 13:29:30","a:4:{i:416;a:1:{i:0;s:11:""Monopo'list"";}i:417;a:1:{i:0;s:11:""Monopo'list"";}i:418;a:1:{i:0;s:11:""Monopo'list"";}i:419;a:1:{i:0;s:21:""Pirates des Caralist'"";}}",NULL
"11668","1724","217","2022-12-15 13:30:13","a:4:{i:416;a:1:{i:0;s:19:""Alerte à Malist'bu"";}i:417;a:1:{i:0;s:21:""Pirates des Caralist'"";}i:418;a:1:{i:0;s:19:""Alerte à Malist'bu"";}i:419;a:1:{i:0;s:19:""Alerte à Malist'bu"";}}",NULL
"11669","1842","217","2022-12-15 13:30:19","a:4:{i:416;a:1:{i:0;s:19:""Alerte à Malist'bu"";}i:417;a:1:{i:0;s:21:""Pirates des Caralist'"";}i:418;a:1:{i:0;s:19:""Alerte à Malist'bu"";}i:419;a:1:{i:0;s:19:""Alerte à Malist'bu"";}}",NULL
"11670","1487","217","2022-12-15 13:30:21","a:4:{i:416;a:1:{i:0;s:11:""Monopo'list"";}i:417;a:1:{i:0;s:11:""Monopo'list"";}i:418;a:1:{i:0;s:11:""Monopo'list"";}i:419;a:1:{i:0;s:19:""Alerte à Malist'bu"";}}",NULL
"11691","1350","217","2022-12-15 13:39:52","a:4:{i:416;a:1:{i:0;s:19:""Alerte à Malist'bu"";}i:417;a:1:{i:0;s:21:""Pirates des Caralist'"";}i:418;a:1:{i:0;s:19:""Alerte à Malist'bu"";}i:419;a:1:{i:0;s:19:""Alerte à Malist'bu"";}}",NULL
"11692","1327","217","2022-12-15 13:40:13","a:4:{i:416;a:1:{i:0;s:11:""Monopo'list"";}i:417;a:1:{i:0;s:21:""Pirates des Caralist'"";}i:418;a:1:{i:0;s:11:""Monopo'list"";}i:419;a:1:{i:0;s:21:""Pirates des Caralist'"";}}",NULL
"11705","1812","217","2022-12-15 13:46:43","a:4:{i:416;a:1:{i:0;s:19:""Alerte à Malist'bu"";}i:417;a:1:{i:0;s:21:""Pirates des Caralist'"";}i:418;a:1:{i:0;s:19:""Alerte à Malist'bu"";}i:419;a:1:{i:0;s:19:""Alerte à Malist'bu"";}}",NULL
"11708","1492","217","2022-12-15 13:48:08","a:4:{i:416;a:1:{i:0;s:19:""Alerte à Malist'bu"";}i:417;a:1:{i:0;s:11:""Monopo'list"";}i:418;a:1:{i:0;s:19:""Alerte à Malist'bu"";}i:419;a:1:{i:0;s:19:""Alerte à Malist'bu"";}}",NULL
"11716","1511","217","2022-12-15 13:52:09","a:4:{i:416;a:1:{i:0;s:19:""Alerte à Malist'bu"";}i:417;a:1:{i:0;s:11:""Monopo'list"";}i:418;a:1:{i:0;s:19:""Alerte à Malist'bu"";}i:419;a:1:{i:0;s:19:""Alerte à Malist'bu"";}}",NULL
"11729","2335","217","2022-12-15 13:57:20","a:4:{i:416;a:1:{i:0;s:11:""Monopo'list"";}i:417;a:1:{i:0;s:11:""Monopo'list"";}i:418;a:1:{i:0;s:11:""Monopo'list"";}i:419;a:1:{i:0;s:19:""Alerte à Malist'bu"";}}",NULL
"11730","1447","217","2022-12-15 13:57:38","a:4:{i:416;a:1:{i:0;s:11:""Monopo'list"";}i:417;a:1:{i:0;s:11:""Monopo'list"";}i:418;a:1:{i:0;s:11:""Monopo'list"";}i:419;a:0:{}}",NULL
"11739","1850","217","2022-12-15 14:09:02","a:4:{i:416;a:1:{i:0;s:19:""Alerte à Malist'bu"";}i:417;a:1:{i:0;s:11:""Monopo'list"";}i:418;a:1:{i:0;s:19:""Alerte à Malist'bu"";}i:419;a:1:{i:0;s:19:""Alerte à Malist'bu"";}}",NULL
"11749","892","217","2022-12-15 14:14:33","a:4:{i:416;a:1:{i:0;s:11:""Monopo'list"";}i:417;a:1:{i:0;s:11:""Monopo'list"";}i:418;a:1:{i:0;s:11:""Monopo'list"";}i:419;a:1:{i:0;s:19:""Alerte à Malist'bu"";}}",NULL
"11750","1771","217","2022-12-15 14:15:29","a:4:{i:416;a:1:{i:0;s:11:""Monopo'list"";}i:417;a:0:{}i:418;a:0:{}i:419;a:1:{i:0;s:19:""Alerte à Malist'bu"";}}",NULL
"11759","1694","217","2022-12-15 14:18:22","a:4:{i:416;a:1:{i:0;s:19:""Alerte à Malist'bu"";}i:417;a:1:{i:0;s:21:""Pirates des Caralist'"";}i:418;a:1:{i:0;s:19:""Alerte à Malist'bu"";}i:419;a:1:{i:0;s:19:""Alerte à Malist'bu"";}}",NULL
"11763","1774","217","2022-12-15 14:22:40","a:4:{i:416;a:1:{i:0;s:19:""Alerte à Malist'bu"";}i:417;a:1:{i:0;s:21:""Pirates des Caralist'"";}i:418;a:1:{i:0;s:19:""Alerte à Malist'bu"";}i:419;a:1:{i:0;s:19:""Alerte à Malist'bu"";}}",NULL
"11764","1087","217","2022-12-15 14:23:20","a:4:{i:416;a:1:{i:0;s:19:""Alerte à Malist'bu"";}i:417;a:1:{i:0;s:11:""Monopo'list"";}i:418;a:1:{i:0;s:19:""Alerte à Malist'bu"";}i:419;a:1:{i:0;s:19:""Alerte à Malist'bu"";}}",NULL
"11765","1091","217","2022-12-15 14:23:20","a:4:{i:416;a:1:{i:0;s:19:""Alerte à Malist'bu"";}i:417;a:1:{i:0;s:21:""Pirates des Caralist'"";}i:418;a:1:{i:0;s:19:""Alerte à Malist'bu"";}i:419;a:1:{i:0;s:19:""Alerte à Malist'bu"";}}",NULL
"11769","1861","217","2022-12-15 14:24:41","a:4:{i:416;a:1:{i:0;s:19:""Alerte à Malist'bu"";}i:417;a:1:{i:0;s:11:""Monopo'list"";}i:418;a:1:{i:0;s:19:""Alerte à Malist'bu"";}i:419;a:1:{i:0;s:19:""Alerte à Malist'bu"";}}",NULL
"11774","1296","217","2022-12-15 14:26:31","a:4:{i:416;a:1:{i:0;s:19:""Alerte à Malist'bu"";}i:417;a:1:{i:0;s:11:""Monopo'list"";}i:418;a:1:{i:0;s:19:""Alerte à Malist'bu"";}i:419;a:1:{i:0;s:19:""Alerte à Malist'bu"";}}",NULL
"11783","1549","217","2022-12-15 14:30:03","a:4:{i:416;a:1:{i:0;s:19:""Alerte à Malist'bu"";}i:417;a:1:{i:0;s:21:""Pirates des Caralist'"";}i:418;a:1:{i:0;s:19:""Alerte à Malist'bu"";}i:419;a:1:{i:0;s:19:""Alerte à Malist'bu"";}}",NULL
"11789","1343","217","2022-12-15 14:33:19","a:4:{i:416;a:1:{i:0;s:19:""Alerte à Malist'bu"";}i:417;a:1:{i:0;s:11:""Monopo'list"";}i:418;a:1:{i:0;s:19:""Alerte à Malist'bu"";}i:419;a:1:{i:0;s:19:""Alerte à Malist'bu"";}}",NULL
"11790","2391","217","2022-12-15 14:34:10","a:4:{i:416;a:1:{i:0;s:21:""Pirates des Caralist'"";}i:417;a:1:{i:0;s:21:""Pirates des Caralist'"";}i:418;a:1:{i:0;s:11:""Monopo'list"";}i:419;a:1:{i:0;s:21:""Pirates des Caralist'"";}}",NULL
"11792","909","217","2022-12-15 14:34:20","a:4:{i:416;a:1:{i:0;s:19:""Alerte à Malist'bu"";}i:417;a:1:{i:0;s:21:""Pirates des Caralist'"";}i:418;a:1:{i:0;s:19:""Alerte à Malist'bu"";}i:419;a:1:{i:0;s:19:""Alerte à Malist'bu"";}}",NULL
"11798","1739","217","2022-12-15 14:35:24","a:4:{i:416;a:1:{i:0;s:19:""Alerte à Malist'bu"";}i:417;a:1:{i:0;s:11:""Monopo'list"";}i:418;a:1:{i:0;s:19:""Alerte à Malist'bu"";}i:419;a:1:{i:0;s:19:""Alerte à Malist'bu"";}}",NULL
"11801","1802","217","2022-12-15 14:35:41","a:4:{i:416;a:1:{i:0;s:19:""Alerte à Malist'bu"";}i:417;a:1:{i:0;s:21:""Pirates des Caralist'"";}i:418;a:1:{i:0;s:19:""Alerte à Malist'bu"";}i:419;a:1:{i:0;s:19:""Alerte à Malist'bu"";}}",NULL
"11804","1768","217","2022-12-15 14:38:00","a:4:{i:416;a:1:{i:0;s:19:""Alerte à Malist'bu"";}i:417;a:1:{i:0;s:11:""Monopo'list"";}i:418;a:1:{i:0;s:19:""Alerte à Malist'bu"";}i:419;a:1:{i:0;s:19:""Alerte à Malist'bu"";}}",NULL
"11808","1943","217","2022-12-15 14:40:07","a:4:{i:416;a:1:{i:0;s:19:""Alerte à Malist'bu"";}i:417;a:1:{i:0;s:21:""Pirates des Caralist'"";}i:418;a:1:{i:0;s:19:""Alerte à Malist'bu"";}i:419;a:1:{i:0;s:19:""Alerte à Malist'bu"";}}",NULL
"11822","1898","217","2022-12-15 14:47:19","a:4:{i:416;a:1:{i:0;s:11:""Monopo'list"";}i:417;a:1:{i:0;s:11:""Monopo'list"";}i:418;a:1:{i:0;s:11:""Monopo'list"";}i:419;a:1:{i:0;s:19:""Alerte à Malist'bu"";}}",NULL
"11823","1390","217","2022-12-15 14:47:24","a:4:{i:416;a:1:{i:0;s:19:""Alerte à Malist'bu"";}i:417;a:1:{i:0;s:11:""Monopo'list"";}i:418;a:1:{i:0;s:19:""Alerte à Malist'bu"";}i:419;a:1:{i:0;s:19:""Alerte à Malist'bu"";}}",NULL
"11824","843","217","2022-12-15 14:47:44","a:4:{i:416;a:1:{i:0;s:11:""Monopo'list"";}i:417;a:1:{i:0;s:11:""Monopo'list"";}i:418;a:1:{i:0;s:11:""Monopo'list"";}i:419;a:1:{i:0;s:19:""Alerte à Malist'bu"";}}",NULL
"11827","1446","217","2022-12-15 14:51:24","a:4:{i:416;a:1:{i:0;s:19:""Alerte à Malist'bu"";}i:417;a:1:{i:0;s:11:""Monopo'list"";}i:418;a:1:{i:0;s:19:""Alerte à Malist'bu"";}i:419;a:1:{i:0;s:19:""Alerte à Malist'bu"";}}",NULL
"11828","841","217","2022-12-15 14:53:51","a:4:{i:416;a:1:{i:0;s:19:""Alerte à Malist'bu"";}i:417;a:1:{i:0;s:11:""Monopo'list"";}i:418;a:1:{i:0;s:19:""Alerte à Malist'bu"";}i:419;a:1:{i:0;s:19:""Alerte à Malist'bu"";}}",NULL
"11833","1756","217","2022-12-15 14:59:06","a:4:{i:416;a:1:{i:0;s:19:""Alerte à Malist'bu"";}i:417;a:1:{i:0;s:21:""Pirates des Caralist'"";}i:418;a:1:{i:0;s:19:""Alerte à Malist'bu"";}i:419;a:1:{i:0;s:19:""Alerte à Malist'bu"";}}",NULL
"11835","1919","217","2022-12-15 14:59:58","a:4:{i:416;a:1:{i:0;s:19:""Alerte à Malist'bu"";}i:417;a:1:{i:0;s:11:""Monopo'list"";}i:418;a:1:{i:0;s:19:""Alerte à Malist'bu"";}i:419;a:1:{i:0;s:19:""Alerte à Malist'bu"";}}",NULL
"11842","900","217","2022-12-15 15:03:18","a:4:{i:416;a:1:{i:0;s:19:""Alerte à Malist'bu"";}i:417;a:1:{i:0;s:21:""Pirates des Caralist'"";}i:418;a:1:{i:0;s:19:""Alerte à Malist'bu"";}i:419;a:1:{i:0;s:19:""Alerte à Malist'bu"";}}",NULL
"11844","1103","217","2022-12-15 15:03:49","a:4:{i:416;a:1:{i:0;s:19:""Alerte à Malist'bu"";}i:417;a:1:{i:0;s:11:""Monopo'list"";}i:418;a:1:{i:0;s:19:""Alerte à Malist'bu"";}i:419;a:1:{i:0;s:19:""Alerte à Malist'bu"";}}",NULL
"11845","1847","217","2022-12-15 15:03:49","a:4:{i:416;a:1:{i:0;s:11:""Monopo'list"";}i:417;a:1:{i:0;s:11:""Monopo'list"";}i:418;a:1:{i:0;s:11:""Monopo'list"";}i:419;a:1:{i:0;s:19:""Alerte à Malist'bu"";}}",NULL
"11851","1815","217","2022-12-15 15:06:13","a:4:{i:416;a:1:{i:0;s:11:""Monopo'list"";}i:417;a:1:{i:0;s:11:""Monopo'list"";}i:418;a:1:{i:0;s:11:""Monopo'list"";}i:419;a:1:{i:0;s:19:""Alerte à Malist'bu"";}}",NULL
"11855","1974","217","2022-12-15 15:07:28","a:4:{i:416;a:1:{i:0;s:11:""Monopo'list"";}i:417;a:1:{i:0;s:11:""Monopo'list"";}i:418;a:1:{i:0;s:11:""Monopo'list"";}i:419;a:1:{i:0;s:19:""Alerte à Malist'bu"";}}",NULL
"11857","1333","217","2022-12-15 15:08:22","a:4:{i:416;a:1:{i:0;s:19:""Alerte à Malist'bu"";}i:417;a:1:{i:0;s:21:""Pirates des Caralist'"";}i:418;a:1:{i:0;s:19:""Alerte à Malist'bu"";}i:419;a:1:{i:0;s:19:""Alerte à Malist'bu"";}}",NULL
"11859","1440","217","2022-12-15 15:08:56","a:4:{i:416;a:1:{i:0;s:19:""Alerte à Malist'bu"";}i:417;a:1:{i:0;s:21:""Pirates des Caralist'"";}i:418;a:1:{i:0;s:19:""Alerte à Malist'bu"";}i:419;a:1:{i:0;s:19:""Alerte à Malist'bu"";}}",NULL
"11860","2105","217","2022-12-15 15:10:28","a:4:{i:416;a:1:{i:0;s:11:""Monopo'list"";}i:417;a:1:{i:0;s:11:""Monopo'list"";}i:418;a:1:{i:0;s:11:""Monopo'list"";}i:419;a:1:{i:0;s:19:""Alerte à Malist'bu"";}}",NULL
"11866","1931","217","2022-12-15 15:22:43","a:4:{i:416;a:1:{i:0;s:19:""Alerte à Malist'bu"";}i:417;a:1:{i:0;s:21:""Pirates des Caralist'"";}i:418;a:1:{i:0;s:19:""Alerte à Malist'bu"";}i:419;a:1:{i:0;s:19:""Alerte à Malist'bu"";}}",NULL
"11867","1897","217","2022-12-15 15:25:05","a:4:{i:416;a:1:{i:0;s:11:""Monopo'list"";}i:417;a:1:{i:0;s:11:""Monopo'list"";}i:418;a:1:{i:0;s:19:""Alerte à Malist'bu"";}i:419;a:1:{i:0;s:19:""Alerte à Malist'bu"";}}",NULL
"11873","1292","217","2022-12-15 15:36:42","a:4:{i:416;a:1:{i:0;s:11:""Monopo'list"";}i:417;a:1:{i:0;s:11:""Monopo'list"";}i:418;a:1:{i:0;s:11:""Monopo'list"";}i:419;a:1:{i:0;s:19:""Alerte à Malist'bu"";}}",NULL
"11874","1996","217","2022-12-15 15:38:19","a:4:{i:416;a:1:{i:0;s:19:""Alerte à Malist'bu"";}i:417;a:1:{i:0;s:21:""Pirates des Caralist'"";}i:418;a:1:{i:0;s:19:""Alerte à Malist'bu"";}i:419;a:1:{i:0;s:19:""Alerte à Malist'bu"";}}",NULL
"11879","1408","217","2022-12-15 15:42:55","a:4:{i:416;a:1:{i:0;s:19:""Alerte à Malist'bu"";}i:417;a:1:{i:0;s:11:""Monopo'list"";}i:418;a:1:{i:0;s:19:""Alerte à Malist'bu"";}i:419;a:1:{i:0;s:19:""Alerte à Malist'bu"";}}",NULL
"11880","1359","217","2022-12-15 15:43:24","a:4:{i:416;a:1:{i:0;s:19:""Alerte à Malist'bu"";}i:417;a:1:{i:0;s:21:""Pirates des Caralist'"";}i:418;a:1:{i:0;s:19:""Alerte à Malist'bu"";}i:419;a:1:{i:0;s:19:""Alerte à Malist'bu"";}}",NULL
"11888","1830","217","2022-12-15 15:48:14","a:4:{i:416;a:1:{i:0;s:19:""Alerte à Malist'bu"";}i:417;a:1:{i:0;s:21:""Pirates des Caralist'"";}i:418;a:1:{i:0;s:19:""Alerte à Malist'bu"";}i:419;a:1:{i:0;s:19:""Alerte à Malist'bu"";}}",NULL
"11890","847","217","2022-12-15 15:50:08","a:4:{i:416;a:1:{i:0;s:19:""Alerte à Malist'bu"";}i:417;a:1:{i:0;s:21:""Pirates des Caralist'"";}i:418;a:1:{i:0;s:19:""Alerte à Malist'bu"";}i:419;a:1:{i:0;s:19:""Alerte à Malist'bu"";}}",NULL
"11891","1883","217","2022-12-15 15:50:37","a:4:{i:416;a:1:{i:0;s:11:""Monopo'list"";}i:417;a:1:{i:0;s:11:""Monopo'list"";}i:418;a:1:{i:0;s:11:""Monopo'list"";}i:419;a:1:{i:0;s:21:""Pirates des Caralist'"";}}",NULL
"11896","2213","217","2022-12-15 15:51:33","a:4:{i:416;a:1:{i:0;s:11:""Monopo'list"";}i:417;a:1:{i:0;s:11:""Monopo'list"";}i:418;a:1:{i:0;s:11:""Monopo'list"";}i:419;a:1:{i:0;s:19:""Alerte à Malist'bu"";}}",NULL
"11917","1809","217","2022-12-15 16:07:54","a:4:{i:416;a:1:{i:0;s:19:""Alerte à Malist'bu"";}i:417;a:1:{i:0;s:21:""Pirates des Caralist'"";}i:418;a:1:{i:0;s:19:""Alerte à Malist'bu"";}i:419;a:1:{i:0;s:19:""Alerte à Malist'bu"";}}",NULL
"11922","1785","217","2022-12-15 16:13:30","a:4:{i:416;a:1:{i:0;s:19:""Alerte à Malist'bu"";}i:417;a:1:{i:0;s:11:""Monopo'list"";}i:418;a:1:{i:0;s:19:""Alerte à Malist'bu"";}i:419;a:1:{i:0;s:19:""Alerte à Malist'bu"";}}",NULL
"11928","1585","217","2022-12-15 16:23:07","a:4:{i:416;a:1:{i:0;s:19:""Alerte à Malist'bu"";}i:417;a:1:{i:0;s:11:""Monopo'list"";}i:418;a:1:{i:0;s:19:""Alerte à Malist'bu"";}i:419;a:1:{i:0;s:19:""Alerte à Malist'bu"";}}",NULL
