"26880","3050","506","2024-12-16 22:13:17","a:6:{i:798;N;i:799;s:25:""Les Zinzins de List'Space"";i:800;N;i:801;s:9:""Brazilist"";i:802;s:25:""Les Zinzins de List'Space"";i:803;s:25:""Les Zinzins de List'Space"";}",NULL
"26625","2928","506","2024-12-16 21:53:52","a:6:{i:798;N;i:799;s:9:""Brazilist"";i:800;N;i:801;s:9:""Brazilist"";i:802;s:16:""List'Diana Jones"";i:803;s:9:""Brazilist"";}",NULL
"27905","2322","506","2024-12-17 10:35:16","a:6:{i:798;N;i:799;s:9:""Brazilist"";i:800;N;i:801;s:9:""Brazilist"";i:802;s:25:""Les Zinzins de List'Space"";i:803;s:9:""Brazilist"";}",NULL
"27138","3083","506","2024-12-16 22:40:59","a:6:{i:798;N;i:799;s:25:""Les Zinzins de List'Space"";i:800;N;i:801;s:9:""Brazilist"";i:802;s:25:""Les Zinzins de List'Space"";i:803;s:25:""Les Zinzins de List'Space"";}",NULL
"26885","2086","506","2024-12-16 22:13:57","a:6:{i:798;N;i:799;s:16:""List'Diana Jones"";i:800;N;i:801;s:16:""List'Diana Jones"";i:802;s:16:""List'Diana Jones"";i:803;s:25:""Les Zinzins de List'Space"";}",NULL
"27653","2749","506","2024-12-17 08:34:44","a:6:{i:798;N;i:799;s:25:""Les Zinzins de List'Space"";i:800;N;i:801;s:9:""Brazilist"";i:802;s:25:""Les Zinzins de List'Space"";i:803;s:25:""Les Zinzins de List'Space"";}",NULL
"27909","1727","506","2024-12-17 10:36:10","a:6:{i:798;N;i:799;s:9:""Brazilist"";i:800;N;i:801;s:9:""Brazilist"";i:802;s:25:""Les Zinzins de List'Space"";i:803;s:9:""Brazilist"";}",NULL
"26374","2342","506","2024-12-16 21:45:46","a:6:{i:798;N;i:799;s:25:""Les Zinzins de List'Space"";i:800;N;i:801;s:16:""List'Diana Jones"";i:802;s:25:""Les Zinzins de List'Space"";i:803;s:25:""Les Zinzins de List'Space"";}",NULL
"26886","2967","506","2024-12-16 22:14:02","a:6:{i:798;N;i:799;s:9:""Brazilist"";i:800;N;i:801;s:9:""Brazilist"";i:802;s:25:""Les Zinzins de List'Space"";i:803;s:9:""Brazilist"";}",NULL
"27655","2746","506","2024-12-17 08:35:08","a:6:{i:798;N;i:799;s:25:""Les Zinzins de List'Space"";i:800;N;i:801;s:16:""List'Diana Jones"";i:802;s:25:""Les Zinzins de List'Space"";i:803;s:25:""Les Zinzins de List'Space"";}",NULL
"26378","3109","506","2024-12-16 21:45:53","a:6:{i:798;N;i:799;s:9:""Brazilist"";i:800;N;i:801;s:9:""Brazilist"";i:802;s:16:""List'Diana Jones"";i:803;s:9:""Brazilist"";}",NULL
"27403","3057","506","2024-12-16 23:59:16","a:6:{i:798;N;i:799;s:9:""Brazilist"";i:800;N;i:801;s:9:""Brazilist"";i:802;s:25:""Les Zinzins de List'Space"";i:803;s:9:""Brazilist"";}",NULL
"26636","2901","506","2024-12-16 21:54:36","a:6:{i:798;N;i:799;s:25:""Les Zinzins de List'Space"";i:800;N;i:801;s:16:""List'Diana Jones"";i:802;s:25:""Les Zinzins de List'Space"";i:803;s:25:""Les Zinzins de List'Space"";}",NULL
"27404","3166","506","2024-12-16 23:59:17","a:6:{i:798;N;i:799;s:16:""List'Diana Jones"";i:800;N;i:801;s:16:""List'Diana Jones"";i:802;s:16:""List'Diana Jones"";i:803;s:25:""Les Zinzins de List'Space"";}",NULL
"26381","3108","506","2024-12-16 21:46:03","a:6:{i:798;N;i:799;s:9:""Brazilist"";i:800;N;i:801;s:9:""Brazilist"";i:802;s:25:""Les Zinzins de List'Space"";i:803;s:9:""Brazilist"";}",NULL
"26382","2893","506","2024-12-16 21:46:07","a:6:{i:798;N;i:799;s:25:""Les Zinzins de List'Space"";i:800;N;i:801;s:9:""Brazilist"";i:802;s:25:""Les Zinzins de List'Space"";i:803;s:25:""Les Zinzins de List'Space"";}",NULL
"26638","3041","506","2024-12-16 21:54:38","a:6:{i:798;N;i:799;s:16:""List'Diana Jones"";i:800;N;i:801;s:16:""List'Diana Jones"";i:802;s:16:""List'Diana Jones"";i:803;s:25:""Les Zinzins de List'Space"";}",NULL
"26894","2976","506","2024-12-16 22:14:34","a:6:{i:798;N;i:799;s:25:""Les Zinzins de List'Space"";i:800;N;i:801;s:9:""Brazilist"";i:802;s:25:""Les Zinzins de List'Space"";i:803;s:25:""Les Zinzins de List'Space"";}",NULL
"26383","2707","506","2024-12-16 21:46:07","a:6:{i:798;N;i:799;s:9:""Brazilist"";i:800;N;i:801;s:9:""Brazilist"";i:802;s:25:""Les Zinzins de List'Space"";i:803;s:9:""Brazilist"";}",NULL
"27407","2492","506","2024-12-17 00:00:16","a:6:{i:798;N;i:799;s:9:""Brazilist"";i:800;N;i:801;s:9:""Brazilist"";i:802;s:25:""Les Zinzins de List'Space"";i:803;s:9:""Brazilist"";}",NULL
"26899","2953","506","2024-12-16 22:15:07","a:6:{i:798;N;i:799;s:16:""List'Diana Jones"";i:800;N;i:801;s:16:""List'Diana Jones"";i:802;s:16:""List'Diana Jones"";i:803;s:9:""Brazilist"";}",NULL
"26644","2895","506","2024-12-16 21:54:47","a:6:{i:798;N;i:799;s:25:""Les Zinzins de List'Space"";i:800;N;i:801;s:16:""List'Diana Jones"";i:802;s:25:""Les Zinzins de List'Space"";i:803;s:25:""Les Zinzins de List'Space"";}",NULL
"27668","2494","506","2024-12-17 08:39:06","a:6:{i:798;N;i:799;s:25:""Les Zinzins de List'Space"";i:800;N;i:801;s:16:""List'Diana Jones"";i:802;s:25:""Les Zinzins de List'Space"";i:803;s:25:""Les Zinzins de List'Space"";}",NULL
"27413","3229","506","2024-12-17 00:06:06","a:6:{i:798;N;i:799;s:9:""Brazilist"";i:800;N;i:801;s:9:""Brazilist"";i:802;s:25:""Les Zinzins de List'Space"";i:803;s:25:""Les Zinzins de List'Space"";}",NULL
"27925","3203","506","2024-12-17 10:41:52","a:6:{i:798;N;i:799;s:9:""Brazilist"";i:800;N;i:801;s:9:""Brazilist"";i:802;s:25:""Les Zinzins de List'Space"";i:803;s:9:""Brazilist"";}",NULL
"27158","3035","506","2024-12-16 22:43:40","a:6:{i:798;N;i:799;s:9:""Brazilist"";i:800;N;i:801;s:9:""Brazilist"";i:802;s:16:""List'Diana Jones"";i:803;s:9:""Brazilist"";}",NULL
"26391","2896","506","2024-12-16 21:46:17","a:6:{i:798;N;i:799;s:25:""Les Zinzins de List'Space"";i:800;N;i:801;s:9:""Brazilist"";i:802;s:25:""Les Zinzins de List'Space"";i:803;s:25:""Les Zinzins de List'Space"";}",NULL
"26903","2456","506","2024-12-16 22:15:33","a:6:{i:798;N;i:799;s:25:""Les Zinzins de List'Space"";i:800;N;i:801;s:9:""Brazilist"";i:802;s:25:""Les Zinzins de List'Space"";i:803;s:25:""Les Zinzins de List'Space"";}",NULL
"27159","2185","506","2024-12-16 22:43:45","a:6:{i:798;N;i:799;s:9:""Brazilist"";i:800;N;i:801;s:9:""Brazilist"";i:802;s:16:""List'Diana Jones"";i:803;s:9:""Brazilist"";}",NULL
"27160","2927","506","2024-12-16 22:43:50","a:6:{i:798;N;i:799;s:9:""Brazilist"";i:800;N;i:801;s:9:""Brazilist"";i:802;s:16:""List'Diana Jones"";i:803;s:9:""Brazilist"";}",NULL
"27928","3192","506","2024-12-17 10:45:44","a:6:{i:798;N;i:799;s:25:""Les Zinzins de List'Space"";i:800;N;i:801;s:9:""Brazilist"";i:802;s:25:""Les Zinzins de List'Space"";i:803;s:25:""Les Zinzins de List'Space"";}",NULL
"26395","2644","506","2024-12-16 21:46:23","a:6:{i:798;N;i:799;s:9:""Brazilist"";i:800;N;i:801;s:9:""Brazilist"";i:802;s:16:""List'Diana Jones"";i:803;s:9:""Brazilist"";}",NULL
"27677","2636","506","2024-12-17 08:41:12","a:6:{i:798;N;i:799;s:9:""Brazilist"";i:800;N;i:801;s:9:""Brazilist"";i:802;s:25:""Les Zinzins de List'Space"";i:803;s:9:""Brazilist"";}",NULL
"27933","3093","506","2024-12-17 10:47:23","a:6:{i:798;N;i:799;s:25:""Les Zinzins de List'Space"";i:800;N;i:801;s:9:""Brazilist"";i:802;s:25:""Les Zinzins de List'Space"";i:803;s:25:""Les Zinzins de List'Space"";}",NULL
"26398","3127","506","2024-12-16 21:46:25","a:6:{i:798;N;i:799;s:25:""Les Zinzins de List'Space"";i:800;N;i:801;s:9:""Brazilist"";i:802;s:25:""Les Zinzins de List'Space"";i:803;s:25:""Les Zinzins de List'Space"";}",NULL
"26654","2743","506","2024-12-16 21:55:16","a:6:{i:798;N;i:799;s:9:""Brazilist"";i:800;N;i:801;s:9:""Brazilist"";i:802;s:25:""Les Zinzins de List'Space"";i:803;s:9:""Brazilist"";}",NULL
"27422","2684","506","2024-12-17 00:10:39","a:6:{i:798;N;i:799;s:9:""Brazilist"";i:800;N;i:801;s:9:""Brazilist"";i:802;s:25:""Les Zinzins de List'Space"";i:803;s:9:""Brazilist"";}",NULL
"27423","2500","506","2024-12-17 00:10:51","a:6:{i:798;N;i:799;s:9:""Brazilist"";i:800;N;i:801;s:9:""Brazilist"";i:802;s:25:""Les Zinzins de List'Space"";i:803;s:9:""Brazilist"";}",NULL
"27679","2466","506","2024-12-17 08:41:54","a:6:{i:798;N;i:799;s:25:""Les Zinzins de List'Space"";i:800;N;i:801;s:16:""List'Diana Jones"";i:802;s:25:""Les Zinzins de List'Space"";i:803;s:25:""Les Zinzins de List'Space"";}",NULL
"27168","3056","506","2024-12-16 22:44:33","a:6:{i:798;N;i:799;s:9:""Brazilist"";i:800;N;i:801;s:9:""Brazilist"";i:802;s:25:""Les Zinzins de List'Space"";i:803;s:9:""Brazilist"";}",NULL
"26913","3184","506","2024-12-16 22:17:00","a:6:{i:798;N;i:799;s:25:""Les Zinzins de List'Space"";i:800;N;i:801;s:9:""Brazilist"";i:802;s:25:""Les Zinzins de List'Space"";i:803;s:25:""Les Zinzins de List'Space"";}",NULL
"27938","3013","506","2024-12-17 10:49:24","a:6:{i:798;N;i:799;s:25:""Les Zinzins de List'Space"";i:800;N;i:801;s:9:""Brazilist"";i:802;s:25:""Les Zinzins de List'Space"";i:803;s:25:""Les Zinzins de List'Space"";}",NULL
"26918","3164","506","2024-12-16 22:17:32","a:6:{i:798;N;i:799;s:9:""Brazilist"";i:800;N;i:801;s:9:""Brazilist"";i:802;s:25:""Les Zinzins de List'Space"";i:803;s:9:""Brazilist"";}",NULL
"27942","3144","506","2024-12-17 10:51:33","a:6:{i:798;N;i:799;s:16:""List'Diana Jones"";i:800;N;i:801;s:16:""List'Diana Jones"";i:802;s:16:""List'Diana Jones"";i:803;s:9:""Brazilist"";}",NULL
"27687","2507","506","2024-12-17 08:44:06","a:6:{i:798;N;i:799;s:9:""Brazilist"";i:800;N;i:801;s:9:""Brazilist"";i:802;s:25:""Les Zinzins de List'Space"";i:803;s:9:""Brazilist"";}",NULL
"27943","3207","506","2024-12-17 10:51:50","a:6:{i:798;N;i:799;s:25:""Les Zinzins de List'Space"";i:800;N;i:801;s:9:""Brazilist"";i:802;s:25:""Les Zinzins de List'Space"";i:803;s:25:""Les Zinzins de List'Space"";}",NULL
"27432","3191","506","2024-12-17 00:15:44","a:6:{i:798;N;i:799;s:25:""Les Zinzins de List'Space"";i:800;N;i:801;s:9:""Brazilist"";i:802;s:25:""Les Zinzins de List'Space"";i:803;s:25:""Les Zinzins de List'Space"";}",NULL
"27688","2943","506","2024-12-17 08:45:12","a:6:{i:798;N;i:799;s:25:""Les Zinzins de List'Space"";i:800;N;i:801;s:9:""Brazilist"";i:802;s:25:""Les Zinzins de List'Space"";i:803;s:25:""Les Zinzins de List'Space"";}",NULL
"27944","3000","506","2024-12-17 10:52:38","a:6:{i:798;N;i:799;s:25:""Les Zinzins de List'Space"";i:800;N;i:801;s:16:""List'Diana Jones"";i:802;s:25:""Les Zinzins de List'Space"";i:803;s:25:""Les Zinzins de List'Space"";}",NULL
"27177","3099","506","2024-12-16 22:48:40","a:6:{i:798;N;i:799;s:9:""Brazilist"";i:800;N;i:801;s:9:""Brazilist"";i:802;s:25:""Les Zinzins de List'Space"";i:803;s:9:""Brazilist"";}",NULL
"26411","2969","506","2024-12-16 21:46:42","a:6:{i:798;N;i:799;s:25:""Les Zinzins de List'Space"";i:800;N;i:801;s:9:""Brazilist"";i:802;s:25:""Les Zinzins de List'Space"";i:803;s:25:""Les Zinzins de List'Space"";}",NULL
"27691","2664","506","2024-12-17 08:46:42","a:6:{i:798;N;i:799;s:25:""Les Zinzins de List'Space"";i:800;N;i:801;s:9:""Brazilist"";i:802;s:25:""Les Zinzins de List'Space"";i:803;s:5:""Blanc"";}",NULL
"26412","2990","506","2024-12-16 21:46:43","a:6:{i:798;N;i:799;s:25:""Les Zinzins de List'Space"";i:800;N;i:801;s:16:""List'Diana Jones"";i:802;s:25:""Les Zinzins de List'Space"";i:803;s:25:""Les Zinzins de List'Space"";}",NULL
"26670","2515","506","2024-12-16 21:55:54","a:6:{i:798;N;i:799;s:9:""Brazilist"";i:800;N;i:801;s:9:""Brazilist"";i:802;s:25:""Les Zinzins de List'Space"";i:803;s:9:""Brazilist"";}",NULL
"27182","3159","506","2024-12-16 22:48:56","a:6:{i:798;N;i:799;s:25:""Les Zinzins de List'Space"";i:800;N;i:801;s:9:""Brazilist"";i:802;s:25:""Les Zinzins de List'Space"";i:803;s:25:""Les Zinzins de List'Space"";}",NULL
"26671","2581","506","2024-12-16 21:55:58","a:6:{i:798;N;i:799;s:9:""Brazilist"";i:800;N;i:801;s:9:""Brazilist"";i:802;s:25:""Les Zinzins de List'Space"";i:803;s:9:""Brazilist"";}",NULL
"26927","2946","506","2024-12-16 22:18:59","a:6:{i:798;N;i:799;s:9:""Brazilist"";i:800;N;i:801;s:9:""Brazilist"";i:802;s:25:""Les Zinzins de List'Space"";i:803;s:9:""Brazilist"";}",NULL
"27697","2679","506","2024-12-17 08:50:24","a:6:{i:798;N;i:799;s:25:""Les Zinzins de List'Space"";i:800;N;i:801;s:9:""Brazilist"";i:802;s:25:""Les Zinzins de List'Space"";i:803;s:25:""Les Zinzins de List'Space"";}",NULL
"26674","2736","506","2024-12-16 21:56:03","a:6:{i:798;N;i:799;s:9:""Brazilist"";i:800;N;i:801;s:9:""Brazilist"";i:802;s:25:""Les Zinzins de List'Space"";i:803;s:9:""Brazilist"";}",NULL
"26931","3062","506","2024-12-16 22:19:08","a:6:{i:798;N;i:799;s:25:""Les Zinzins de List'Space"";i:800;N;i:801;s:9:""Brazilist"";i:802;s:25:""Les Zinzins de List'Space"";i:803;s:25:""Les Zinzins de List'Space"";}",NULL
"27188","3046","506","2024-12-16 22:49:35","a:6:{i:798;N;i:799;s:16:""List'Diana Jones"";i:800;N;i:801;s:16:""List'Diana Jones"";i:802;s:16:""List'Diana Jones"";i:803;s:9:""Brazilist"";}",NULL
"26421","3100","506","2024-12-16 21:47:02","a:6:{i:798;N;i:799;s:9:""Brazilist"";i:800;N;i:801;s:9:""Brazilist"";i:802;s:16:""List'Diana Jones"";i:803;s:9:""Brazilist"";}",NULL
"27701","2689","506","2024-12-17 08:52:54","a:6:{i:798;N;i:799;s:25:""Les Zinzins de List'Space"";i:800;N;i:801;s:9:""Brazilist"";i:802;s:25:""Les Zinzins de List'Space"";i:803;s:25:""Les Zinzins de List'Space"";}",NULL
"26934","2457","506","2024-12-16 22:19:20","a:6:{i:798;N;i:799;s:25:""Les Zinzins de List'Space"";i:800;N;i:801;s:9:""Brazilist"";i:802;s:25:""Les Zinzins de List'Space"";i:803;s:25:""Les Zinzins de List'Space"";}",NULL
"27702","2716","506","2024-12-17 08:53:19","a:6:{i:798;N;i:799;s:25:""Les Zinzins de List'Space"";i:800;N;i:801;s:9:""Brazilist"";i:802;s:25:""Les Zinzins de List'Space"";i:803;s:25:""Les Zinzins de List'Space"";}",NULL
"27447","2934","506","2024-12-17 00:28:13","a:6:{i:798;N;i:799;s:25:""Les Zinzins de List'Space"";i:800;N;i:801;s:16:""List'Diana Jones"";i:802;s:25:""Les Zinzins de List'Space"";i:803;s:25:""Les Zinzins de List'Space"";}",NULL
"27703","2645","506","2024-12-17 08:54:18","a:6:{i:798;N;i:799;s:9:""Brazilist"";i:800;N;i:801;s:9:""Brazilist"";i:802;s:25:""Les Zinzins de List'Space"";i:803;s:9:""Brazilist"";}",NULL
"26936","2554","506","2024-12-16 22:19:26","a:6:{i:798;N;i:799;s:25:""Les Zinzins de List'Space"";i:800;N;i:801;s:9:""Brazilist"";i:802;s:25:""Les Zinzins de List'Space"";i:803;s:25:""Les Zinzins de List'Space"";}",NULL
"27960","2537","506","2024-12-17 10:58:35","a:6:{i:798;N;i:799;s:25:""Les Zinzins de List'Space"";i:800;N;i:801;s:9:""Brazilist"";i:802;s:25:""Les Zinzins de List'Space"";i:803;s:25:""Les Zinzins de List'Space"";}",NULL
"27450","2081","506","2024-12-17 00:32:53","a:6:{i:798;N;i:799;s:9:""Brazilist"";i:800;N;i:801;s:9:""Brazilist"";i:802;s:25:""Les Zinzins de List'Space"";i:803;s:9:""Brazilist"";}",NULL
"26428","3047","506","2024-12-16 21:47:14","a:6:{i:798;N;i:799;s:9:""Brazilist"";i:800;N;i:801;s:9:""Brazilist"";i:802;s:25:""Les Zinzins de List'Space"";i:803;s:9:""Brazilist"";}",NULL
"27196","3077","506","2024-12-16 22:51:25","a:6:{i:798;N;i:799;s:16:""List'Diana Jones"";i:800;N;i:801;s:16:""List'Diana Jones"";i:802;s:16:""List'Diana Jones"";i:803;s:25:""Les Zinzins de List'Space"";}",NULL
"27964","2569","506","2024-12-17 11:00:59","a:6:{i:798;N;i:799;s:9:""Brazilist"";i:800;N;i:801;s:9:""Brazilist"";i:802;s:25:""Les Zinzins de List'Space"";i:803;s:9:""Brazilist"";}",NULL
"27197","3061","506","2024-12-16 22:51:40","a:6:{i:798;N;i:799;s:25:""Les Zinzins de List'Space"";i:800;N;i:801;s:9:""Brazilist"";i:802;s:25:""Les Zinzins de List'Space"";i:803;s:25:""Les Zinzins de List'Space"";}",NULL
"27709","2558","506","2024-12-17 08:55:31","a:6:{i:798;N;i:799;s:9:""Brazilist"";i:800;N;i:801;s:9:""Brazilist"";i:802;s:25:""Les Zinzins de List'Space"";i:803;s:9:""Brazilist"";}",NULL
"27710","3224","506","2024-12-17 08:55:33","a:6:{i:798;N;i:799;s:16:""List'Diana Jones"";i:800;N;i:801;s:16:""List'Diana Jones"";i:802;s:16:""List'Diana Jones"";i:803;s:25:""Les Zinzins de List'Space"";}",NULL
"27712","3053","506","2024-12-17 08:56:13","a:6:{i:798;N;i:799;s:16:""List'Diana Jones"";i:800;N;i:801;s:16:""List'Diana Jones"";i:802;s:16:""List'Diana Jones"";i:803;s:25:""Les Zinzins de List'Space"";}",NULL
"26689","2911","506","2024-12-16 21:56:35","a:6:{i:798;N;i:799;s:16:""List'Diana Jones"";i:800;N;i:801;s:16:""List'Diana Jones"";i:802;s:16:""List'Diana Jones"";i:803;s:25:""Les Zinzins de List'Space"";}",NULL
"27969","2470","506","2024-12-17 11:01:55","a:6:{i:798;N;i:799;s:16:""List'Diana Jones"";i:800;N;i:801;s:16:""List'Diana Jones"";i:802;s:16:""List'Diana Jones"";i:803;s:9:""Brazilist"";}",NULL
"26946","2914","506","2024-12-16 22:20:43","a:6:{i:798;N;i:799;s:16:""List'Diana Jones"";i:800;N;i:801;s:16:""List'Diana Jones"";i:802;s:16:""List'Diana Jones"";i:803;s:25:""Les Zinzins de List'Space"";}",NULL
"27202","2903","506","2024-12-16 22:52:58","a:6:{i:798;N;i:799;s:25:""Les Zinzins de List'Space"";i:800;N;i:801;s:9:""Brazilist"";i:802;s:25:""Les Zinzins de List'Space"";i:803;s:25:""Les Zinzins de List'Space"";}",NULL
"26435","3178","506","2024-12-16 21:47:27","a:6:{i:798;N;i:799;s:16:""List'Diana Jones"";i:800;N;i:801;s:16:""List'Diana Jones"";i:802;s:16:""List'Diana Jones"";i:803;s:9:""Brazilist"";}",NULL
"27203","2975","506","2024-12-16 22:53:07","a:6:{i:798;N;i:799;s:25:""Les Zinzins de List'Space"";i:800;N;i:801;s:9:""Brazilist"";i:802;s:25:""Les Zinzins de List'Space"";i:803;s:25:""Les Zinzins de List'Space"";}",NULL
"26436","3172","506","2024-12-16 21:47:28","a:6:{i:798;N;i:799;s:25:""Les Zinzins de List'Space"";i:800;N;i:801;s:9:""Brazilist"";i:802;s:25:""Les Zinzins de List'Space"";i:803;s:25:""Les Zinzins de List'Space"";}",NULL
"26948","2346","506","2024-12-16 22:21:21","a:6:{i:798;N;i:799;s:16:""List'Diana Jones"";i:800;N;i:801;s:16:""List'Diana Jones"";i:802;s:16:""List'Diana Jones"";i:803;s:25:""Les Zinzins de List'Space"";}",NULL
"26437","2980","506","2024-12-16 21:47:29","a:6:{i:798;N;i:799;s:25:""Les Zinzins de List'Space"";i:800;N;i:801;s:9:""Brazilist"";i:802;s:25:""Les Zinzins de List'Space"";i:803;s:25:""Les Zinzins de List'Space"";}",NULL
"27718","3179","506","2024-12-17 08:59:19","a:6:{i:798;N;i:799;s:25:""Les Zinzins de List'Space"";i:800;N;i:801;s:16:""List'Diana Jones"";i:802;s:25:""Les Zinzins de List'Space"";i:803;s:25:""Les Zinzins de List'Space"";}",NULL
"26439","2333","506","2024-12-16 21:47:29","a:6:{i:798;N;i:799;s:9:""Brazilist"";i:800;N;i:801;s:9:""Brazilist"";i:802;s:25:""Les Zinzins de List'Space"";i:803;s:9:""Brazilist"";}",NULL
"26951","3048","506","2024-12-16 22:21:51","a:6:{i:798;N;i:799;s:25:""Les Zinzins de List'Space"";i:800;N;i:801;s:9:""Brazilist"";i:802;s:25:""Les Zinzins de List'Space"";i:803;s:25:""Les Zinzins de List'Space"";}",NULL
"27720","2493","506","2024-12-17 08:59:42","a:6:{i:798;N;i:799;s:9:""Brazilist"";i:800;N;i:801;s:9:""Brazilist"";i:802;s:25:""Les Zinzins de List'Space"";i:803;s:9:""Brazilist"";}",NULL
"27976","2600","506","2024-12-17 11:04:25","a:6:{i:798;N;i:799;s:9:""Brazilist"";i:800;N;i:801;s:9:""Brazilist"";i:802;s:25:""Les Zinzins de List'Space"";i:803;s:9:""Brazilist"";}",NULL
"26441","3076","506","2024-12-16 21:47:34","a:6:{i:798;N;i:799;s:16:""List'Diana Jones"";i:800;N;i:801;s:16:""List'Diana Jones"";i:802;s:16:""List'Diana Jones"";i:803;s:25:""Les Zinzins de List'Space"";}",NULL
"27465","3006","506","2024-12-17 00:57:21","a:6:{i:798;N;i:799;s:25:""Les Zinzins de List'Space"";i:800;N;i:801;s:9:""Brazilist"";i:802;s:16:""List'Diana Jones"";i:803;s:9:""Brazilist"";}",NULL
"26954","3038","506","2024-12-16 22:22:17","a:6:{i:798;N;i:799;s:25:""Les Zinzins de List'Space"";i:800;N;i:801;s:9:""Brazilist"";i:802;s:25:""Les Zinzins de List'Space"";i:803;s:25:""Les Zinzins de List'Space"";}",NULL
"27978","2478","506","2024-12-17 11:06:20","a:6:{i:798;N;i:799;s:9:""Brazilist"";i:800;N;i:801;s:9:""Brazilist"";i:802;s:16:""List'Diana Jones"";i:803;s:9:""Brazilist"";}",NULL
"27211","2481","506","2024-12-16 22:54:17","a:6:{i:798;N;i:799;s:16:""List'Diana Jones"";i:800;N;i:801;s:16:""List'Diana Jones"";i:802;s:16:""List'Diana Jones"";i:803;s:9:""Brazilist"";}",NULL
"26444","2948","506","2024-12-16 21:47:36","a:6:{i:798;N;i:799;s:25:""Les Zinzins de List'Space"";i:800;N;i:801;s:9:""Brazilist"";i:802;s:25:""Les Zinzins de List'Space"";i:803;s:25:""Les Zinzins de List'Space"";}",NULL
"27984","3168","506","2024-12-17 11:07:52","a:6:{i:798;N;i:799;s:25:""Les Zinzins de List'Space"";i:800;N;i:801;s:16:""List'Diana Jones"";i:802;s:25:""Les Zinzins de List'Space"";i:803;s:25:""Les Zinzins de List'Space"";}",NULL
"27729","2568","506","2024-12-17 09:06:43","a:6:{i:798;N;i:799;s:25:""Les Zinzins de List'Space"";i:800;N;i:801;s:9:""Brazilist"";i:802;s:25:""Les Zinzins de List'Space"";i:803;s:25:""Les Zinzins de List'Space"";}",NULL
"26706","2546","506","2024-12-16 21:57:00","a:6:{i:798;N;i:799;s:25:""Les Zinzins de List'Space"";i:800;N;i:801;s:9:""Brazilist"";i:802;s:25:""Les Zinzins de List'Space"";i:803;s:25:""Les Zinzins de List'Space"";}",NULL
"27218","3078","506","2024-12-16 22:55:35","a:6:{i:798;N;i:799;s:25:""Les Zinzins de List'Space"";i:800;N;i:801;s:9:""Brazilist"";i:802;s:25:""Les Zinzins de List'Space"";i:803;s:25:""Les Zinzins de List'Space"";}",NULL
"27474","3037","506","2024-12-17 01:01:06","a:6:{i:798;N;i:799;s:9:""Brazilist"";i:800;N;i:801;s:9:""Brazilist"";i:802;s:25:""Les Zinzins de List'Space"";i:803;s:9:""Brazilist"";}",NULL
"27730","2462","506","2024-12-17 09:06:44","a:6:{i:798;N;i:799;s:25:""Les Zinzins de List'Space"";i:800;N;i:801;s:9:""Brazilist"";i:802;s:25:""Les Zinzins de List'Space"";i:803;s:25:""Les Zinzins de List'Space"";}",NULL
"26708","3156","506","2024-12-16 21:57:08","a:6:{i:798;N;i:799;s:9:""Brazilist"";i:800;N;i:801;s:9:""Brazilist"";i:802;s:25:""Les Zinzins de List'Space"";i:803;s:9:""Brazilist"";}",NULL
"27732","2936","506","2024-12-17 09:07:01","a:6:{i:798;N;i:799;s:25:""Les Zinzins de List'Space"";i:800;N;i:801;s:16:""List'Diana Jones"";i:802;s:5:""Blanc"";i:803;s:25:""Les Zinzins de List'Space"";}",NULL
"27477","3098","506","2024-12-17 01:02:55","a:6:{i:798;N;i:799;s:9:""Brazilist"";i:800;N;i:801;s:9:""Brazilist"";i:802;s:16:""List'Diana Jones"";i:803;s:9:""Brazilist"";}",NULL
"27989","2465","506","2024-12-17 11:09:54","a:6:{i:798;N;i:799;s:9:""Brazilist"";i:800;N;i:801;s:9:""Brazilist"";i:802;s:25:""Les Zinzins de List'Space"";i:803;s:9:""Brazilist"";}",NULL
"26967","2713","506","2024-12-16 22:24:25","a:6:{i:798;N;i:799;s:9:""Brazilist"";i:800;N;i:801;s:9:""Brazilist"";i:802;s:25:""Les Zinzins de List'Space"";i:803;s:9:""Brazilist"";}",NULL
"27223","3170","506","2024-12-16 22:56:51","a:6:{i:798;N;i:799;s:16:""List'Diana Jones"";i:800;N;i:801;s:16:""List'Diana Jones"";i:802;s:16:""List'Diana Jones"";i:803;s:5:""Blanc"";}",NULL
"27480","3114","506","2024-12-17 01:06:59","a:6:{i:798;N;i:799;s:25:""Les Zinzins de List'Space"";i:800;N;i:801;s:9:""Brazilist"";i:802;s:25:""Les Zinzins de List'Space"";i:803;s:25:""Les Zinzins de List'Space"";}",NULL
"27993","2757","506","2024-12-17 11:12:24","a:6:{i:798;N;i:799;s:25:""Les Zinzins de List'Space"";i:800;N;i:801;s:9:""Brazilist"";i:802;s:25:""Les Zinzins de List'Space"";i:803;s:25:""Les Zinzins de List'Space"";}",NULL
"27226","2734","506","2024-12-16 22:57:42","a:6:{i:798;N;i:799;s:9:""Brazilist"";i:800;N;i:801;s:9:""Brazilist"";i:802;s:25:""Les Zinzins de List'Space"";i:803;s:9:""Brazilist"";}",NULL
"27994","2617","506","2024-12-17 11:12:48","a:6:{i:798;N;i:799;s:9:""Brazilist"";i:800;N;i:801;s:9:""Brazilist"";i:802;s:16:""List'Diana Jones"";i:803;s:9:""Brazilist"";}",NULL
"26459","2963","506","2024-12-16 21:47:57","a:6:{i:798;N;i:799;s:16:""List'Diana Jones"";i:800;N;i:801;s:16:""List'Diana Jones"";i:802;s:16:""List'Diana Jones"";i:803;s:9:""Brazilist"";}",NULL
"27483","2957","506","2024-12-17 01:09:07","a:6:{i:798;N;i:799;s:9:""Brazilist"";i:800;N;i:801;s:9:""Brazilist"";i:802;s:5:""Blanc"";i:803;s:9:""Brazilist"";}",NULL
"26716","2542","506","2024-12-16 21:57:38","a:6:{i:798;N;i:799;s:9:""Brazilist"";i:800;N;i:801;s:9:""Brazilist"";i:802;s:25:""Les Zinzins de List'Space"";i:803;s:9:""Brazilist"";}",NULL
"27486","3096","506","2024-12-17 01:11:14","a:6:{i:798;N;i:799;s:25:""Les Zinzins de List'Space"";i:800;N;i:801;s:9:""Brazilist"";i:802;s:25:""Les Zinzins de List'Space"";i:803;s:25:""Les Zinzins de List'Space"";}",NULL
"27231","2695","506","2024-12-16 22:58:14","a:6:{i:798;N;i:799;s:25:""Les Zinzins de List'Space"";i:800;N;i:801;s:9:""Brazilist"";i:802;s:25:""Les Zinzins de List'Space"";i:803;s:25:""Les Zinzins de List'Space"";}",NULL
"26464","3141","506","2024-12-16 21:48:04","a:6:{i:798;N;i:799;s:9:""Brazilist"";i:800;N;i:801;s:9:""Brazilist"";i:802;s:25:""Les Zinzins de List'Space"";i:803;s:9:""Brazilist"";}",NULL
"26720","2916","506","2024-12-16 21:57:56","a:6:{i:798;N;i:799;s:25:""Les Zinzins de List'Space"";i:800;N;i:801;s:9:""Brazilist"";i:802;s:25:""Les Zinzins de List'Space"";i:803;s:25:""Les Zinzins de List'Space"";}",NULL
"27489","2555","506","2024-12-17 01:14:02","a:6:{i:798;N;i:799;s:25:""Les Zinzins de List'Space"";i:800;N;i:801;s:9:""Brazilist"";i:802;s:25:""Les Zinzins de List'Space"";i:803;s:25:""Les Zinzins de List'Space"";}",NULL
"26978","3187","506","2024-12-16 22:25:24","a:6:{i:798;N;i:799;s:9:""Brazilist"";i:800;N;i:801;s:9:""Brazilist"";i:802;s:25:""Les Zinzins de List'Space"";i:803;s:9:""Brazilist"";}",NULL
"27746","3232","506","2024-12-17 09:18:01","a:6:{i:798;N;i:799;s:16:""List'Diana Jones"";i:800;N;i:801;s:16:""List'Diana Jones"";i:802;s:16:""List'Diana Jones"";i:803;s:5:""Blanc"";}",NULL
"27235","2705","506","2024-12-16 22:59:04","a:6:{i:798;N;i:799;s:25:""Les Zinzins de List'Space"";i:800;N;i:801;s:9:""Brazilist"";i:802;s:25:""Les Zinzins de List'Space"";i:803;s:25:""Les Zinzins de List'Space"";}",NULL
"26980","3143","506","2024-12-16 22:25:49","a:6:{i:798;N;i:799;s:16:""List'Diana Jones"";i:800;N;i:801;s:16:""List'Diana Jones"";i:802;s:16:""List'Diana Jones"";i:803;s:5:""Blanc"";}",NULL
"28005","3189","506","2024-12-17 11:16:41","a:6:{i:798;N;i:799;s:16:""List'Diana Jones"";i:800;N;i:801;s:16:""List'Diana Jones"";i:802;s:16:""List'Diana Jones"";i:803;s:5:""Blanc"";}",NULL
"27494","2923","506","2024-12-17 01:20:56","a:6:{i:798;N;i:799;s:25:""Les Zinzins de List'Space"";i:800;N;i:801;s:16:""List'Diana Jones"";i:802;s:25:""Les Zinzins de List'Space"";i:803;s:25:""Les Zinzins de List'Space"";}",NULL
"28006","3107","506","2024-12-17 11:16:56","a:6:{i:798;N;i:799;s:9:""Brazilist"";i:800;N;i:801;s:9:""Brazilist"";i:802;s:25:""Les Zinzins de List'Space"";i:803;s:9:""Brazilist"";}",NULL
"26471","3004","506","2024-12-16 21:48:13","a:6:{i:798;N;i:799;s:9:""Brazilist"";i:800;N;i:801;s:9:""Brazilist"";i:802;s:25:""Les Zinzins de List'Space"";i:803;s:9:""Brazilist"";}",NULL
"26727","2904","506","2024-12-16 21:58:34","a:6:{i:798;N;i:799;s:16:""List'Diana Jones"";i:800;N;i:801;s:16:""List'Diana Jones"";i:802;s:16:""List'Diana Jones"";i:803;s:9:""Brazilist"";}",NULL
"26473","2924","506","2024-12-16 21:48:20","a:6:{i:798;N;i:799;s:25:""Les Zinzins de List'Space"";i:800;N;i:801;s:9:""Brazilist"";i:802;s:25:""Les Zinzins de List'Space"";i:803;s:25:""Les Zinzins de List'Space"";}",NULL
"27753","2477","506","2024-12-17 09:23:11","a:6:{i:798;N;i:799;s:9:""Brazilist"";i:800;N;i:801;s:9:""Brazilist"";i:802;s:25:""Les Zinzins de List'Space"";i:803;s:9:""Brazilist"";}",NULL
"28009","2601","506","2024-12-17 11:18:30","a:6:{i:798;N;i:799;s:16:""List'Diana Jones"";i:800;N;i:801;s:16:""List'Diana Jones"";i:802;s:16:""List'Diana Jones"";i:803;s:9:""Brazilist"";}",NULL
"26986","2593","506","2024-12-16 22:26:04","a:6:{i:798;N;i:799;s:25:""Les Zinzins de List'Space"";i:800;N;i:801;s:16:""List'Diana Jones"";i:802;s:25:""Les Zinzins de List'Space"";i:803;s:25:""Les Zinzins de List'Space"";}",NULL
"27498","2463","506","2024-12-17 01:37:36","a:6:{i:798;N;i:799;s:9:""Brazilist"";i:800;N;i:801;s:9:""Brazilist"";i:802;s:16:""List'Diana Jones"";i:803;s:9:""Brazilist"";}",NULL
"27243","3147","506","2024-12-16 23:02:37","a:6:{i:798;N;i:799;s:25:""Les Zinzins de List'Space"";i:800;N;i:801;s:16:""List'Diana Jones"";i:802;s:25:""Les Zinzins de List'Space"";i:803;s:25:""Les Zinzins de List'Space"";}",NULL
"26732","2968","506","2024-12-16 21:58:54","a:6:{i:798;N;i:799;s:25:""Les Zinzins de List'Space"";i:800;N;i:801;s:9:""Brazilist"";i:802;s:25:""Les Zinzins de List'Space"";i:803;s:25:""Les Zinzins de List'Space"";}",NULL
"26478","2468","506","2024-12-16 21:48:29","a:6:{i:798;N;i:799;s:9:""Brazilist"";i:800;N;i:801;s:9:""Brazilist"";i:802;s:25:""Les Zinzins de List'Space"";i:803;s:9:""Brazilist"";}",NULL
"27759","2087","506","2024-12-17 09:26:04","a:6:{i:798;N;i:799;s:9:""Brazilist"";i:800;N;i:801;s:9:""Brazilist"";i:802;s:25:""Les Zinzins de List'Space"";i:803;s:9:""Brazilist"";}",NULL
"27760","2651","506","2024-12-17 09:26:18","a:6:{i:798;N;i:799;s:25:""Les Zinzins de List'Space"";i:800;N;i:801;s:9:""Brazilist"";i:802;s:25:""Les Zinzins de List'Space"";i:803;s:25:""Les Zinzins de List'Space"";}",NULL
"27761","2718","506","2024-12-17 09:26:42","a:6:{i:798;N;i:799;s:9:""Brazilist"";i:800;N;i:801;s:9:""Brazilist"";i:802;s:25:""Les Zinzins de List'Space"";i:803;s:9:""Brazilist"";}",NULL
"26738","3024","506","2024-12-16 21:59:10","a:6:{i:798;N;i:799;s:25:""Les Zinzins de List'Space"";i:800;N;i:801;s:9:""Brazilist"";i:802;s:25:""Les Zinzins de List'Space"";i:803;s:25:""Les Zinzins de List'Space"";}",NULL
"27507","3044","506","2024-12-17 01:53:37","a:6:{i:798;N;i:799;s:25:""Les Zinzins de List'Space"";i:800;N;i:801;s:16:""List'Diana Jones"";i:802;s:25:""Les Zinzins de List'Space"";i:803;s:25:""Les Zinzins de List'Space"";}",NULL
"26484","3106","506","2024-12-16 21:48:33","a:6:{i:798;N;i:799;s:9:""Brazilist"";i:800;N;i:801;s:9:""Brazilist"";i:802;s:16:""List'Diana Jones"";i:803;s:9:""Brazilist"";}",NULL
"27764","3001","506","2024-12-17 09:30:08","a:6:{i:798;N;i:799;s:16:""List'Diana Jones"";i:800;N;i:801;s:16:""List'Diana Jones"";i:802;s:16:""List'Diana Jones"";i:803;s:25:""Les Zinzins de List'Space"";}",NULL
"27253","2984","506","2024-12-16 23:05:49","a:6:{i:798;N;i:799;s:16:""List'Diana Jones"";i:800;N;i:801;s:16:""List'Diana Jones"";i:802;s:16:""List'Diana Jones"";i:803;s:25:""Les Zinzins de List'Space"";}",NULL
"27510","2729","506","2024-12-17 02:21:29","a:6:{i:798;N;i:799;s:9:""Brazilist"";i:800;N;i:801;s:9:""Brazilist"";i:802;s:25:""Les Zinzins de List'Space"";i:803;s:9:""Brazilist"";}",NULL
"26745","2920","506","2024-12-16 21:59:58","a:6:{i:798;N;i:799;s:25:""Les Zinzins de List'Space"";i:800;N;i:801;s:9:""Brazilist"";i:802;s:25:""Les Zinzins de List'Space"";i:803;s:25:""Les Zinzins de List'Space"";}",NULL
"26490","2961","506","2024-12-16 21:48:42","a:6:{i:798;N;i:799;s:9:""Brazilist"";i:800;N;i:801;s:9:""Brazilist"";i:802;s:25:""Les Zinzins de List'Space"";i:803;s:9:""Brazilist"";}",NULL
"27258","3180","506","2024-12-16 23:07:25","a:6:{i:798;N;i:799;s:25:""Les Zinzins de List'Space"";i:800;N;i:801;s:16:""List'Diana Jones"";i:802;s:25:""Les Zinzins de List'Space"";i:803;s:25:""Les Zinzins de List'Space"";}",NULL
"27770","3173","506","2024-12-17 09:34:47","a:6:{i:798;N;i:799;s:9:""Brazilist"";i:800;N;i:801;s:9:""Brazilist"";i:802;s:25:""Les Zinzins de List'Space"";i:803;s:9:""Brazilist"";}",NULL
"26747","2604","506","2024-12-16 22:00:08","a:6:{i:798;N;i:799;s:9:""Brazilist"";i:800;N;i:801;s:9:""Brazilist"";i:802;s:25:""Les Zinzins de List'Space"";i:803;s:9:""Brazilist"";}",NULL
"27771","2775","506","2024-12-17 09:37:58","a:6:{i:798;N;i:799;s:9:""Brazilist"";i:800;N;i:801;s:9:""Brazilist"";i:802;s:25:""Les Zinzins de List'Space"";i:803;s:9:""Brazilist"";}",NULL
"28027","3155","506","2024-12-17 11:26:15","a:6:{i:798;N;i:799;s:25:""Les Zinzins de List'Space"";i:800;N;i:801;s:16:""List'Diana Jones"";i:802;s:25:""Les Zinzins de List'Space"";i:803;s:25:""Les Zinzins de List'Space"";}",NULL
"27260","2643","506","2024-12-16 23:07:51","a:6:{i:798;N;i:799;s:9:""Brazilist"";i:800;N;i:801;s:9:""Brazilist"";i:802;s:25:""Les Zinzins de List'Space"";i:803;s:9:""Brazilist"";}",NULL
"27775","2571","506","2024-12-17 09:43:18","a:6:{i:798;N;i:799;s:9:""Brazilist"";i:800;N;i:801;s:9:""Brazilist"";i:802;s:25:""Les Zinzins de List'Space"";i:803;s:9:""Brazilist"";}",NULL
"28032","2925","506","2024-12-17 11:27:50","a:6:{i:798;N;i:799;s:25:""Les Zinzins de List'Space"";i:800;N;i:801;s:9:""Brazilist"";i:802;s:25:""Les Zinzins de List'Space"";i:803;s:25:""Les Zinzins de List'Space"";}",NULL
"27265","3036","506","2024-12-16 23:10:12","a:6:{i:798;N;i:799;s:25:""Les Zinzins de List'Space"";i:800;N;i:801;s:9:""Brazilist"";i:802;s:25:""Les Zinzins de List'Space"";i:803;s:25:""Les Zinzins de List'Space"";}",NULL
"26498","3009","506","2024-12-16 21:48:55","a:6:{i:798;N;i:799;s:9:""Brazilist"";i:800;N;i:801;s:9:""Brazilist"";i:802;s:25:""Les Zinzins de List'Space"";i:803;s:9:""Brazilist"";}",NULL
"27010","3071","506","2024-12-16 22:28:44","a:6:{i:798;N;i:799;s:25:""Les Zinzins de List'Space"";i:800;N;i:801;s:9:""Brazilist"";i:802;s:25:""Les Zinzins de List'Space"";i:803;s:25:""Les Zinzins de List'Space"";}",NULL
"26499","2931","506","2024-12-16 21:48:56","a:6:{i:798;N;i:799;s:25:""Les Zinzins de List'Space"";i:800;N;i:801;s:9:""Brazilist"";i:802;s:25:""Les Zinzins de List'Space"";i:803;s:25:""Les Zinzins de List'Space"";}",NULL
"27780","2989","506","2024-12-17 09:48:15","a:6:{i:798;N;i:799;s:9:""Brazilist"";i:800;N;i:801;s:9:""Brazilist"";i:802;s:25:""Les Zinzins de List'Space"";i:803;s:9:""Brazilist"";}",NULL
"28036","3073","506","2024-12-17 11:28:22","a:6:{i:798;N;i:799;s:25:""Les Zinzins de List'Space"";i:800;N;i:801;s:16:""List'Diana Jones"";i:802;s:25:""Les Zinzins de List'Space"";i:803;s:25:""Les Zinzins de List'Space"";}",NULL
"26757","2687","506","2024-12-16 22:00:42","a:6:{i:798;N;i:799;s:9:""Brazilist"";i:800;N;i:801;s:9:""Brazilist"";i:802;s:25:""Les Zinzins de List'Space"";i:803;s:25:""Les Zinzins de List'Space"";}",NULL
"26503","3205","506","2024-12-16 21:49:04","a:6:{i:798;N;i:799;s:9:""Brazilist"";i:800;N;i:801;s:9:""Brazilist"";i:802;s:16:""List'Diana Jones"";i:803;s:9:""Brazilist"";}",NULL
"28039","2667","506","2024-12-17 11:28:36","a:6:{i:798;N;i:799;s:9:""Brazilist"";i:800;N;i:801;s:9:""Brazilist"";i:802;s:16:""List'Diana Jones"";i:803;s:9:""Brazilist"";}",NULL
"26505","3021","506","2024-12-16 21:49:08","a:6:{i:798;N;i:799;s:9:""Brazilist"";i:800;N;i:801;s:9:""Brazilist"";i:802;s:16:""List'Diana Jones"";i:803;s:9:""Brazilist"";}",NULL
"28041","2341","506","2024-12-17 11:29:01","a:6:{i:798;N;i:799;s:9:""Brazilist"";i:800;N;i:801;s:9:""Brazilist"";i:802;s:25:""Les Zinzins de List'Space"";i:803;s:9:""Brazilist"";}",NULL
"27018","3163","506","2024-12-16 22:29:59","a:6:{i:798;N;i:799;s:9:""Brazilist"";i:800;N;i:801;s:9:""Brazilist"";i:802;s:25:""Les Zinzins de List'Space"";i:803;s:9:""Brazilist"";}",NULL
"26507","3029","506","2024-12-16 21:49:11","a:6:{i:798;N;i:799;s:25:""Les Zinzins de List'Space"";i:800;N;i:801;s:9:""Brazilist"";i:802;s:25:""Les Zinzins de List'Space"";i:803;s:25:""Les Zinzins de List'Space"";}",NULL
"27019","3117","506","2024-12-16 22:30:01","a:6:{i:798;N;i:799;s:25:""Les Zinzins de List'Space"";i:800;N;i:801;s:9:""Brazilist"";i:802;s:25:""Les Zinzins de List'Space"";i:803;s:25:""Les Zinzins de List'Space"";}",NULL
"27787","2697","506","2024-12-17 09:50:06","a:6:{i:798;N;i:799;s:16:""List'Diana Jones"";i:800;N;i:801;s:9:""Brazilist"";i:802;s:16:""List'Diana Jones"";i:803;s:9:""Brazilist"";}",NULL
"28044","2999","506","2024-12-17 11:30:13","a:6:{i:798;N;i:799;s:16:""List'Diana Jones"";i:800;N;i:801;s:16:""List'Diana Jones"";i:802;s:16:""List'Diana Jones"";i:803;s:25:""Les Zinzins de List'Space"";}",NULL
"26509","3118","506","2024-12-16 21:49:22","a:6:{i:798;N;i:799;s:16:""List'Diana Jones"";i:800;N;i:801;s:16:""List'Diana Jones"";i:802;s:16:""List'Diana Jones"";i:803;s:25:""Les Zinzins de List'Space"";}",NULL
"26765","2531","506","2024-12-16 22:01:36","a:6:{i:798;N;i:799;s:5:""Blanc"";i:800;N;i:801;s:5:""Blanc"";i:802;s:16:""List'Diana Jones"";i:803;s:9:""Brazilist"";}",NULL
"28045","2747","506","2024-12-17 11:31:38","a:6:{i:798;N;i:799;s:9:""Brazilist"";i:800;N;i:801;s:9:""Brazilist"";i:802;s:25:""Les Zinzins de List'Space"";i:803;s:9:""Brazilist"";}",NULL
"27278","3027","506","2024-12-16 23:13:05","a:6:{i:798;N;i:799;s:25:""Les Zinzins de List'Space"";i:800;N;i:801;s:9:""Brazilist"";i:802;s:25:""Les Zinzins de List'Space"";i:803;s:25:""Les Zinzins de List'Space"";}",NULL
"27790","2517","506","2024-12-17 09:50:54","a:6:{i:798;N;i:799;s:25:""Les Zinzins de List'Space"";i:800;N;i:801;s:9:""Brazilist"";i:802;s:25:""Les Zinzins de List'Space"";i:803;s:25:""Les Zinzins de List'Space"";}",NULL
"26511","2498","506","2024-12-16 21:49:24","a:6:{i:798;N;i:799;s:25:""Les Zinzins de List'Space"";i:800;N;i:801;s:16:""List'Diana Jones"";i:802;s:25:""Les Zinzins de List'Space"";i:803;s:25:""Les Zinzins de List'Space"";}",NULL
"26767","3148","506","2024-12-16 22:01:46","a:6:{i:798;N;i:799;s:25:""Les Zinzins de List'Space"";i:800;N;i:801;s:9:""Brazilist"";i:802;s:25:""Les Zinzins de List'Space"";i:803;s:25:""Les Zinzins de List'Space"";}",NULL
"27023","3196","506","2024-12-16 22:30:15","a:6:{i:798;N;i:799;s:9:""Brazilist"";i:800;N;i:801;s:9:""Brazilist"";i:802;s:25:""Les Zinzins de List'Space"";i:803;s:9:""Brazilist"";}",NULL
"27024","3122","506","2024-12-16 22:30:21","a:6:{i:798;N;i:799;s:16:""List'Diana Jones"";i:800;N;i:801;s:16:""List'Diana Jones"";i:802;s:16:""List'Diana Jones"";i:803;s:9:""Brazilist"";}",NULL
"27792","3150","506","2024-12-17 09:52:21","a:6:{i:798;N;i:799;s:25:""Les Zinzins de List'Space"";i:800;N;i:801;s:9:""Brazilist"";i:802;s:25:""Les Zinzins de List'Space"";i:803;s:25:""Les Zinzins de List'Space"";}",NULL
"27025","3169","506","2024-12-16 22:30:23","a:6:{i:798;N;i:799;s:9:""Brazilist"";i:800;N;i:801;s:9:""Brazilist"";i:802;s:25:""Les Zinzins de List'Space"";i:803;s:9:""Brazilist"";}",NULL
"26770","3032","506","2024-12-16 22:01:59","a:6:{i:798;N;i:799;s:9:""Brazilist"";i:800;N;i:801;s:9:""Brazilist"";i:802;s:25:""Les Zinzins de List'Space"";i:803;s:9:""Brazilist"";}",NULL
"27282","2665","506","2024-12-16 23:14:12","a:6:{i:798;N;i:799;s:9:""Brazilist"";i:800;N;i:801;s:9:""Brazilist"";i:802;s:25:""Les Zinzins de List'Space"";i:803;s:9:""Brazilist"";}",NULL
"26516","2955","506","2024-12-16 21:49:30","a:6:{i:798;N;i:799;s:25:""Les Zinzins de List'Space"";i:800;N;i:801;s:9:""Brazilist"";i:802;s:25:""Les Zinzins de List'Space"";i:803;s:25:""Les Zinzins de List'Space"";}",NULL
"26772","3197","506","2024-12-16 22:02:10","a:6:{i:798;N;i:799;s:25:""Les Zinzins de List'Space"";i:800;N;i:801;s:9:""Brazilist"";i:802;s:25:""Les Zinzins de List'Space"";i:803;s:25:""Les Zinzins de List'Space"";}",NULL
"27028","3007","506","2024-12-16 22:30:40","a:6:{i:798;N;i:799;s:25:""Les Zinzins de List'Space"";i:800;N;i:801;s:16:""List'Diana Jones"";i:802;s:25:""Les Zinzins de List'Space"";i:803;s:25:""Les Zinzins de List'Space"";}",NULL
"27797","2979","506","2024-12-17 09:54:34","a:6:{i:798;N;i:799;s:9:""Brazilist"";i:800;N;i:801;s:9:""Brazilist"";i:802;s:25:""Les Zinzins de List'Space"";i:803;s:9:""Brazilist"";}",NULL
"26774","3064","506","2024-12-16 22:02:12","a:6:{i:798;N;i:799;s:16:""List'Diana Jones"";i:800;N;i:801;s:16:""List'Diana Jones"";i:802;s:16:""List'Diana Jones"";i:803;s:9:""Brazilist"";}",NULL
"26519","3223","506","2024-12-16 21:49:38","a:6:{i:798;N;i:799;s:16:""List'Diana Jones"";i:800;N;i:801;s:16:""List'Diana Jones"";i:802;s:16:""List'Diana Jones"";i:803;s:25:""Les Zinzins de List'Space"";}",NULL
"27288","2972","506","2024-12-16 23:17:36","a:6:{i:798;N;i:799;s:25:""Les Zinzins de List'Space"";i:800;N;i:801;s:9:""Brazilist"";i:802;s:25:""Les Zinzins de List'Space"";i:803;s:25:""Les Zinzins de List'Space"";}",NULL
"27546","3017","506","2024-12-17 07:38:04","a:6:{i:798;N;i:799;s:9:""Brazilist"";i:800;N;i:801;s:9:""Brazilist"";i:802;s:16:""List'Diana Jones"";i:803;s:9:""Brazilist"";}",NULL
"27802","2907","506","2024-12-17 09:55:48","a:6:{i:798;N;i:799;s:9:""Brazilist"";i:800;N;i:801;s:9:""Brazilist"";i:802;s:16:""List'Diana Jones"";i:803;s:9:""Brazilist"";}",NULL
"28058","3070","506","2024-12-17 11:34:37","a:6:{i:798;N;i:799;s:16:""List'Diana Jones"";i:800;N;i:801;s:16:""List'Diana Jones"";i:802;s:16:""List'Diana Jones"";i:803;s:25:""Les Zinzins de List'Space"";}",NULL
"27035","2585","506","2024-12-16 22:31:07","a:6:{i:798;N;i:799;s:9:""Brazilist"";i:800;N;i:801;s:9:""Brazilist"";i:802;s:16:""List'Diana Jones"";i:803;s:9:""Brazilist"";}",NULL
"27291","2919","506","2024-12-16 23:19:04","a:6:{i:798;N;i:799;s:9:""Brazilist"";i:800;N;i:801;s:9:""Brazilist"";i:802;s:16:""List'Diana Jones"";i:803;s:9:""Brazilist"";}",NULL
"27547","2995","506","2024-12-17 07:41:15","a:6:{i:798;N;i:799;s:16:""List'Diana Jones"";i:800;N;i:801;s:16:""List'Diana Jones"";i:802;s:16:""List'Diana Jones"";i:803;s:25:""Les Zinzins de List'Space"";}",NULL
"27037","2939","506","2024-12-16 22:31:10","a:6:{i:798;N;i:799;s:16:""List'Diana Jones"";i:800;N;i:801;s:16:""List'Diana Jones"";i:802;s:16:""List'Diana Jones"";i:803;s:9:""Brazilist"";}",NULL
"27805","3066","506","2024-12-17 09:56:36","a:6:{i:798;N;i:799;s:16:""List'Diana Jones"";i:800;N;i:801;s:9:""Brazilist"";i:802;s:25:""Les Zinzins de List'Space"";i:803;s:9:""Brazilist"";}",NULL
"28061","3149","506","2024-12-17 11:35:16","a:6:{i:798;N;i:799;s:25:""Les Zinzins de List'Space"";i:800;N;i:801;s:9:""Brazilist"";i:802;s:25:""Les Zinzins de List'Space"";i:803;s:9:""Brazilist"";}",NULL
"27294","2587","506","2024-12-16 23:19:56","a:6:{i:798;N;i:799;s:9:""Brazilist"";i:800;N;i:801;s:9:""Brazilist"";i:802;s:25:""Les Zinzins de List'Space"";i:803;s:9:""Brazilist"";}",NULL
"27550","3054","506","2024-12-17 07:42:03","a:6:{i:798;N;i:799;s:9:""Brazilist"";i:800;N;i:801;s:9:""Brazilist"";i:802;s:16:""List'Diana Jones"";i:803;s:9:""Brazilist"";}",NULL
"26527","3019","506","2024-12-16 21:49:51","a:6:{i:798;N;i:799;s:16:""List'Diana Jones"";i:800;N;i:801;s:16:""List'Diana Jones"";i:802;s:16:""List'Diana Jones"";i:803;s:9:""Brazilist"";}",NULL
"27296","2589","506","2024-12-16 23:20:45","a:6:{i:798;N;i:799;s:9:""Brazilist"";i:800;N;i:801;s:9:""Brazilist"";i:802;s:25:""Les Zinzins de List'Space"";i:803;s:9:""Brazilist"";}",NULL
"27552","3165","506","2024-12-17 07:42:19","a:6:{i:798;N;i:799;s:16:""List'Diana Jones"";i:800;N;i:801;s:16:""List'Diana Jones"";i:802;s:16:""List'Diana Jones"";i:803;s:9:""Brazilist"";}",NULL
"26785","2889","506","2024-12-16 22:02:51","a:6:{i:798;N;i:799;s:9:""Brazilist"";i:800;N;i:801;s:9:""Brazilist"";i:802;s:25:""Les Zinzins de List'Space"";i:803;s:9:""Brazilist"";}",NULL
"27041","3121","506","2024-12-16 22:31:22","a:6:{i:798;N;i:799;s:25:""Les Zinzins de List'Space"";i:800;N;i:801;s:5:""Blanc"";i:802;s:25:""Les Zinzins de List'Space"";i:803;s:25:""Les Zinzins de List'Space"";}",NULL
"27298","2681","506","2024-12-16 23:21:22","a:6:{i:798;N;i:799;s:9:""Brazilist"";i:800;N;i:801;s:9:""Brazilist"";i:802;s:25:""Les Zinzins de List'Space"";i:803;s:9:""Brazilist"";}",NULL
"28066","3087","506","2024-12-17 11:37:09","a:6:{i:798;N;i:799;s:25:""Les Zinzins de List'Space"";i:800;N;i:801;s:9:""Brazilist"";i:802;s:25:""Les Zinzins de List'Space"";i:803;s:25:""Les Zinzins de List'Space"";}",NULL
"26787","3186","506","2024-12-16 22:03:05","a:6:{i:798;N;i:799;s:25:""Les Zinzins de List'Space"";i:800;N;i:801;s:9:""Brazilist"";i:802;s:25:""Les Zinzins de List'Space"";i:803;s:25:""Les Zinzins de List'Space"";}",NULL
"27043","3112","506","2024-12-16 22:31:28","a:6:{i:798;N;i:799;s:25:""Les Zinzins de List'Space"";i:800;N;i:801;s:9:""Brazilist"";i:802;s:25:""Les Zinzins de List'Space"";i:803;s:25:""Les Zinzins de List'Space"";}",NULL
"27299","2660","506","2024-12-16 23:21:31","a:6:{i:798;N;i:799;s:25:""Les Zinzins de List'Space"";i:800;N;i:801;s:9:""Brazilist"";i:802;s:25:""Les Zinzins de List'Space"";i:803;s:25:""Les Zinzins de List'Space"";}",NULL
"28067","2134","506","2024-12-17 11:37:12","a:6:{i:798;N;i:799;s:9:""Brazilist"";i:800;N;i:801;s:9:""Brazilist"";i:802;s:25:""Les Zinzins de List'Space"";i:803;s:9:""Brazilist"";}",NULL
"27045","2918","506","2024-12-16 22:31:36","a:6:{i:798;N;i:799;s:9:""Brazilist"";i:800;N;i:801;s:9:""Brazilist"";i:802;s:25:""Les Zinzins de List'Space"";i:803;s:9:""Brazilist"";}",NULL
"27814","2611","506","2024-12-17 10:07:04","a:6:{i:798;N;i:799;s:25:""Les Zinzins de List'Space"";i:800;N;i:801;s:9:""Brazilist"";i:802;s:25:""Les Zinzins de List'Space"";i:803;s:25:""Les Zinzins de List'Space"";}",NULL
"27815","3120","506","2024-12-17 10:07:08","a:6:{i:798;N;i:799;s:9:""Brazilist"";i:800;N;i:801;s:9:""Brazilist"";i:802;s:25:""Les Zinzins de List'Space"";i:803;s:9:""Brazilist"";}",NULL
"27304","2706","506","2024-12-16 23:22:55","a:6:{i:798;N;i:799;s:9:""Brazilist"";i:800;N;i:801;s:9:""Brazilist"";i:802;s:25:""Les Zinzins de List'Space"";i:803;s:9:""Brazilist"";}",NULL
"27305","2970","506","2024-12-16 23:22:58","a:6:{i:798;N;i:799;s:16:""List'Diana Jones"";i:800;N;i:801;s:16:""List'Diana Jones"";i:802;s:16:""List'Diana Jones"";i:803;s:25:""Les Zinzins de List'Space"";}",NULL
"27561","2615","506","2024-12-17 07:45:32","a:6:{i:798;N;i:799;s:25:""Les Zinzins de List'Space"";i:800;N;i:801;s:16:""List'Diana Jones"";i:802;s:25:""Les Zinzins de List'Space"";i:803;s:25:""Les Zinzins de List'Space"";}",NULL
"26538","2981","506","2024-12-16 21:50:31","a:6:{i:798;N;i:799;s:25:""Les Zinzins de List'Space"";i:800;N;i:801;s:9:""Brazilist"";i:802;s:25:""Les Zinzins de List'Space"";i:803;s:25:""Les Zinzins de List'Space"";}",NULL
"26794","3020","506","2024-12-16 22:03:45","a:6:{i:798;N;i:799;s:25:""Les Zinzins de List'Space"";i:800;N;i:801;s:9:""Brazilist"";i:802;s:25:""Les Zinzins de List'Space"";i:803;s:25:""Les Zinzins de List'Space"";}",NULL
"28075","2557","506","2024-12-17 11:39:46","a:6:{i:798;N;i:799;s:25:""Les Zinzins de List'Space"";i:800;N;i:801;s:9:""Brazilist"";i:802;s:25:""Les Zinzins de List'Space"";i:803;s:25:""Les Zinzins de List'Space"";}",NULL
"27053","2993","506","2024-12-16 22:32:06","a:6:{i:798;N;i:799;s:9:""Brazilist"";i:800;N;i:801;s:9:""Brazilist"";i:802;s:25:""Les Zinzins de List'Space"";i:803;s:9:""Brazilist"";}",NULL
"26542","3049","506","2024-12-16 21:50:46","a:6:{i:798;N;i:799;s:25:""Les Zinzins de List'Space"";i:800;N;i:801;s:9:""Brazilist"";i:802;s:25:""Les Zinzins de List'Space"";i:803;s:25:""Les Zinzins de List'Space"";}",NULL
"27823","2661","506","2024-12-17 10:09:13","a:6:{i:798;N;i:799;s:25:""Les Zinzins de List'Space"";i:800;N;i:801;s:9:""Brazilist"";i:802;s:25:""Les Zinzins de List'Space"";i:803;s:25:""Les Zinzins de List'Space"";}",NULL
"26800","2941","506","2024-12-16 22:04:18","a:6:{i:798;N;i:799;s:25:""Les Zinzins de List'Space"";i:800;N;i:801;s:9:""Brazilist"";i:802;s:25:""Les Zinzins de List'Space"";i:803;s:25:""Les Zinzins de List'Space"";}",NULL
"27056","2678","506","2024-12-16 22:32:18","a:6:{i:798;N;i:799;s:25:""Les Zinzins de List'Space"";i:800;N;i:801;s:9:""Brazilist"";i:802;s:25:""Les Zinzins de List'Space"";i:803;s:25:""Les Zinzins de List'Space"";}",NULL
"27825","2344","506","2024-12-17 10:09:29","a:6:{i:798;N;i:799;s:9:""Brazilist"";i:800;N;i:801;s:9:""Brazilist"";i:802;s:25:""Les Zinzins de List'Space"";i:803;s:9:""Brazilist"";}",NULL
"28082","2608","506","2024-12-17 11:43:50","a:6:{i:798;N;i:799;s:25:""Les Zinzins de List'Space"";i:800;N;i:801;s:9:""Brazilist"";i:802;s:25:""Les Zinzins de List'Space"";i:803;s:25:""Les Zinzins de List'Space"";}",NULL
"26547","3135","506","2024-12-16 21:51:02","a:6:{i:798;N;i:799;s:9:""Brazilist"";i:800;N;i:801;s:9:""Brazilist"";i:802;s:16:""List'Diana Jones"";i:803;s:9:""Brazilist"";}",NULL
"27060","3174","506","2024-12-16 22:32:42","a:6:{i:798;N;i:799;s:16:""List'Diana Jones"";i:800;N;i:801;s:16:""List'Diana Jones"";i:802;s:16:""List'Diana Jones"";i:803;s:9:""Brazilist"";}",NULL
"27061","2722","506","2024-12-16 22:32:43","a:6:{i:798;N;i:799;s:9:""Brazilist"";i:800;N;i:801;s:9:""Brazilist"";i:802;s:16:""List'Diana Jones"";i:803;s:9:""Brazilist"";}",NULL
"27317","2552","506","2024-12-16 23:24:18","a:6:{i:798;N;i:799;s:9:""Brazilist"";i:800;N;i:801;s:9:""Brazilist"";i:802;s:25:""Les Zinzins de List'Space"";i:803;s:9:""Brazilist"";}",NULL
"26806","3134","506","2024-12-16 22:04:59","a:6:{i:798;N;i:799;s:9:""Brazilist"";i:800;N;i:801;s:9:""Brazilist"";i:802;s:16:""List'Diana Jones"";i:803;s:9:""Brazilist"";}",NULL
"27062","2460","506","2024-12-16 22:32:46","a:6:{i:798;N;i:799;s:25:""Les Zinzins de List'Space"";i:800;N;i:801;s:9:""Brazilist"";i:802;s:25:""Les Zinzins de List'Space"";i:803;s:25:""Les Zinzins de List'Space"";}",NULL
"27830","2894","506","2024-12-17 10:11:35","a:6:{i:798;N;i:799;s:9:""Brazilist"";i:800;N;i:801;s:9:""Brazilist"";i:802;s:25:""Les Zinzins de List'Space"";i:803;s:9:""Brazilist"";}",NULL
"27575","2504","506","2024-12-17 07:52:48","a:6:{i:798;N;i:799;s:25:""Les Zinzins de List'Space"";i:800;N;i:801;s:9:""Brazilist"";i:802;s:25:""Les Zinzins de List'Space"";i:803;s:25:""Les Zinzins de List'Space"";}",NULL
"27831","2511","506","2024-12-17 10:11:48","a:6:{i:798;N;i:799;s:25:""Les Zinzins de List'Space"";i:800;N;i:801;s:9:""Brazilist"";i:802;s:25:""Les Zinzins de List'Space"";i:803;s:25:""Les Zinzins de List'Space"";}",NULL
"27576","3014","506","2024-12-17 07:53:25","a:6:{i:798;N;i:799;s:16:""List'Diana Jones"";i:800;N;i:801;s:16:""List'Diana Jones"";i:802;s:16:""List'Diana Jones"";i:803;s:9:""Brazilist"";}",NULL
"28088","2833","506","2024-12-17 11:45:50","a:6:{i:798;N;i:799;s:9:""Brazilist"";i:800;N;i:801;s:9:""Brazilist"";i:802;s:25:""Les Zinzins de List'Space"";i:803;s:9:""Brazilist"";}",NULL
"26553","3104","506","2024-12-16 21:51:14","a:6:{i:798;N;i:799;s:9:""Brazilist"";i:800;N;i:801;s:9:""Brazilist"";i:802;s:25:""Les Zinzins de List'Space"";i:803;s:9:""Brazilist"";}",NULL
"26554","2940","506","2024-12-16 21:51:20","a:6:{i:798;N;i:799;s:9:""Brazilist"";i:800;N;i:801;s:9:""Brazilist"";i:802;s:25:""Les Zinzins de List'Space"";i:803;s:9:""Brazilist"";}",NULL
"27066","3011","506","2024-12-16 22:32:58","a:6:{i:798;N;i:799;s:25:""Les Zinzins de List'Space"";i:800;N;i:801;s:9:""Brazilist"";i:802;s:25:""Les Zinzins de List'Space"";i:803;s:25:""Les Zinzins de List'Space"";}",NULL
"27322","2978","506","2024-12-16 23:24:43","a:6:{i:798;N;i:799;s:25:""Les Zinzins de List'Space"";i:800;N;i:801;s:9:""Brazilist"";i:802;s:25:""Les Zinzins de List'Space"";i:803;s:25:""Les Zinzins de List'Space"";}",NULL
"27323","2730","506","2024-12-16 23:24:51","a:6:{i:798;N;i:799;s:9:""Brazilist"";i:800;N;i:801;s:9:""Brazilist"";i:802;s:16:""List'Diana Jones"";i:803;s:9:""Brazilist"";}",NULL
"27836","2592","506","2024-12-17 10:13:56","a:6:{i:798;N;i:799;s:9:""Brazilist"";i:800;N;i:801;s:9:""Brazilist"";i:802;s:25:""Les Zinzins de List'Space"";i:803;s:9:""Brazilist"";}",NULL
"27581","2954","506","2024-12-17 07:56:40","a:6:{i:798;N;i:799;s:25:""Les Zinzins de List'Space"";i:800;N;i:801;s:16:""List'Diana Jones"";i:802;s:25:""Les Zinzins de List'Space"";i:803;s:25:""Les Zinzins de List'Space"";}",NULL
"26559","3028","506","2024-12-16 21:51:26","a:6:{i:798;N;i:799;s:9:""Brazilist"";i:800;N;i:801;s:9:""Brazilist"";i:802;s:25:""Les Zinzins de List'Space"";i:803;s:9:""Brazilist"";}",NULL
"26816","3045","506","2024-12-16 22:05:27","a:6:{i:798;N;i:799;s:16:""List'Diana Jones"";i:800;N;i:801;s:16:""List'Diana Jones"";i:802;s:16:""List'Diana Jones"";i:803;s:9:""Brazilist"";}",NULL
"26817","3101","506","2024-12-16 22:05:35","a:6:{i:798;N;i:799;s:25:""Les Zinzins de List'Space"";i:800;N;i:801;s:9:""Brazilist"";i:802;s:25:""Les Zinzins de List'Space"";i:803;s:25:""Les Zinzins de List'Space"";}",NULL
"27073","3115","506","2024-12-16 22:33:23","a:6:{i:798;N;i:799;s:16:""List'Diana Jones"";i:800;N;i:801;s:16:""List'Diana Jones"";i:802;s:16:""List'Diana Jones"";i:803;s:9:""Brazilist"";}",NULL
"27585","2675","506","2024-12-17 08:02:47","a:6:{i:798;N;i:799;s:25:""Les Zinzins de List'Space"";i:800;N;i:801;s:16:""List'Diana Jones"";i:802;s:25:""Les Zinzins de List'Space"";i:803;s:25:""Les Zinzins de List'Space"";}",NULL
"26563","3052","506","2024-12-16 21:51:28","a:6:{i:798;N;i:799;s:9:""Brazilist"";i:800;N;i:801;s:9:""Brazilist"";i:802;s:16:""List'Diana Jones"";i:803;s:9:""Brazilist"";}",NULL
"27076","2626","506","2024-12-16 22:33:33","a:6:{i:798;N;i:799;s:25:""Les Zinzins de List'Space"";i:800;N;i:801;s:9:""Brazilist"";i:802;s:25:""Les Zinzins de List'Space"";i:803;s:25:""Les Zinzins de List'Space"";}",NULL
"27332","3244","506","2024-12-16 23:28:09","a:6:{i:798;N;i:799;s:9:""Brazilist"";i:800;N;i:801;s:9:""Brazilist"";i:802;s:25:""Les Zinzins de List'Space"";i:803;s:9:""Brazilist"";}",NULL
"28101","3213","506","2024-12-17 11:52:25","a:6:{i:798;N;i:799;s:9:""Brazilist"";i:800;N;i:801;s:9:""Brazilist"";i:802;s:5:""Blanc"";i:803;s:9:""Brazilist"";}",NULL
"26822","3016","506","2024-12-16 22:05:47","a:6:{i:798;N;i:799;s:9:""Brazilist"";i:800;N;i:801;s:9:""Brazilist"";i:802;s:25:""Les Zinzins de List'Space"";i:803;s:9:""Brazilist"";}",NULL
"27080","2696","506","2024-12-16 22:33:49","a:6:{i:798;N;i:799;s:9:""Brazilist"";i:800;N;i:801;s:9:""Brazilist"";i:802;s:25:""Les Zinzins de List'Space"";i:803;s:9:""Brazilist"";}",NULL
"27336","2947","506","2024-12-16 23:31:30","a:6:{i:798;N;i:799;s:9:""Brazilist"";i:800;N;i:801;s:9:""Brazilist"";i:802;s:5:""Blanc"";i:803;s:9:""Brazilist"";}",NULL
"27081","2497","506","2024-12-16 22:33:50","a:6:{i:798;N;i:799;s:25:""Les Zinzins de List'Space"";i:800;N;i:801;s:16:""List'Diana Jones"";i:802;s:25:""Les Zinzins de List'Space"";i:803;s:25:""Les Zinzins de List'Space"";}",NULL
"27849","3154","506","2024-12-17 10:21:26","a:6:{i:798;N;i:799;s:25:""Les Zinzins de List'Space"";i:800;N;i:801;s:9:""Brazilist"";i:802;s:25:""Les Zinzins de List'Space"";i:803;s:25:""Les Zinzins de List'Space"";}",NULL
"26570","3072","506","2024-12-16 21:51:45","a:6:{i:798;N;i:799;s:25:""Les Zinzins de List'Space"";i:800;N;i:801;s:5:""Blanc"";i:802;s:25:""Les Zinzins de List'Space"";i:803;s:25:""Les Zinzins de List'Space"";}",NULL
"27338","3199","506","2024-12-16 23:31:44","a:6:{i:798;N;i:799;s:9:""Brazilist"";i:800;N;i:801;s:9:""Brazilist"";i:802;s:25:""Les Zinzins de List'Space"";i:803;s:9:""Brazilist"";}",NULL
"27851","2731","506","2024-12-17 10:22:12","a:6:{i:798;N;i:799;s:25:""Les Zinzins de List'Space"";i:800;N;i:801;s:9:""Brazilist"";i:802;s:25:""Les Zinzins de List'Space"";i:803;s:25:""Les Zinzins de List'Space"";}",NULL
"26572","2900","506","2024-12-16 21:51:47","a:6:{i:798;N;i:799;s:25:""Les Zinzins de List'Space"";i:800;N;i:801;s:9:""Brazilist"";i:802;s:25:""Les Zinzins de List'Space"";i:803;s:25:""Les Zinzins de List'Space"";}",NULL
"28108","3089","506","2024-12-17 11:54:02","a:6:{i:798;N;i:799;s:9:""Brazilist"";i:800;N;i:801;s:9:""Brazilist"";i:802;s:16:""List'Diana Jones"";i:803;s:9:""Brazilist"";}",NULL
"26573","2909","506","2024-12-16 21:51:48","a:6:{i:798;N;i:799;s:25:""Les Zinzins de List'Space"";i:800;N;i:801;s:5:""Blanc"";i:802;s:25:""Les Zinzins de List'Space"";i:803;s:25:""Les Zinzins de List'Space"";}",NULL
"26574","3145","506","2024-12-16 21:51:49","a:6:{i:798;N;i:799;s:9:""Brazilist"";i:800;N;i:801;s:9:""Brazilist"";i:802;s:25:""Les Zinzins de List'Space"";i:803;s:9:""Brazilist"";}",NULL
"27855","3128","506","2024-12-17 10:22:41","a:6:{i:798;N;i:799;s:25:""Les Zinzins de List'Space"";i:800;N;i:801;s:16:""List'Diana Jones"";i:802;s:25:""Les Zinzins de List'Space"";i:803;s:25:""Les Zinzins de List'Space"";}",NULL
"26576","2971","506","2024-12-16 21:51:50","a:6:{i:798;N;i:799;s:9:""Brazilist"";i:800;N;i:801;s:9:""Brazilist"";i:802;s:16:""List'Diana Jones"";i:803;s:9:""Brazilist"";}",NULL
"26832","2131","506","2024-12-16 22:07:05","a:6:{i:798;N;i:799;s:9:""Brazilist"";i:800;N;i:801;s:9:""Brazilist"";i:802;s:16:""List'Diana Jones"";i:803;s:9:""Brazilist"";}",NULL
"27088","3002","506","2024-12-16 22:34:31","a:6:{i:798;N;i:799;s:16:""List'Diana Jones"";i:800;N;i:801;s:16:""List'Diana Jones"";i:802;s:25:""Les Zinzins de List'Space"";i:803;s:25:""Les Zinzins de List'Space"";}",NULL
"28113","1888","506","2024-12-17 11:54:39","a:6:{i:798;N;i:799;s:25:""Les Zinzins de List'Space"";i:800;N;i:801;s:9:""Brazilist"";i:802;s:25:""Les Zinzins de List'Space"";i:803;s:9:""Brazilist"";}",NULL
"27346","3034","506","2024-12-16 23:33:06","a:6:{i:798;N;i:799;s:16:""List'Diana Jones"";i:800;N;i:801;s:16:""List'Diana Jones"";i:802;s:16:""List'Diana Jones"";i:803;s:25:""Les Zinzins de List'Space"";}",NULL
"27347","3151","506","2024-12-16 23:33:09","a:6:{i:798;N;i:799;s:9:""Brazilist"";i:800;N;i:801;s:9:""Brazilist"";i:802;s:16:""List'Diana Jones"";i:803;s:9:""Brazilist"";}",NULL
"27348","3153","506","2024-12-16 23:33:12","a:6:{i:798;N;i:799;s:9:""Brazilist"";i:800;N;i:801;s:9:""Brazilist"";i:802;s:25:""Les Zinzins de List'Space"";i:803;s:9:""Brazilist"";}",NULL
"28117","3005","506","2024-12-17 11:56:48","a:6:{i:798;N;i:799;s:25:""Les Zinzins de List'Space"";i:800;N;i:801;s:9:""Brazilist"";i:802;s:25:""Les Zinzins de List'Space"";i:803;s:25:""Les Zinzins de List'Space"";}",NULL
"27606","3085","506","2024-12-17 08:10:41","a:6:{i:798;N;i:799;s:9:""Brazilist"";i:800;N;i:801;s:9:""Brazilist"";i:802;s:25:""Les Zinzins de List'Space"";i:803;s:9:""Brazilist"";}",NULL
"27862","2932","506","2024-12-17 10:23:41","a:6:{i:798;N;i:799;s:16:""List'Diana Jones"";i:800;N;i:801;s:16:""List'Diana Jones"";i:802;s:16:""List'Diana Jones"";i:803;s:9:""Brazilist"";}",NULL
"27863","3086","506","2024-12-17 10:23:43","a:6:{i:798;N;i:799;s:9:""Brazilist"";i:800;N;i:801;s:9:""Brazilist"";i:802;s:16:""List'Diana Jones"";i:803;s:9:""Brazilist"";}",NULL
"26584","2964","506","2024-12-16 21:52:05","a:6:{i:798;N;i:799;s:9:""Brazilist"";i:800;N;i:801;s:9:""Brazilist"";i:802;s:16:""List'Diana Jones"";i:803;s:9:""Brazilist"";}",NULL
"27608","2487","506","2024-12-17 08:11:21","a:6:{i:798;N;i:799;s:25:""Les Zinzins de List'Space"";i:800;N;i:801;s:16:""List'Diana Jones"";i:802;s:25:""Les Zinzins de List'Space"";i:803;s:25:""Les Zinzins de List'Space"";}",NULL
"26586","2610","506","2024-12-16 21:52:06","a:6:{i:798;N;i:799;s:9:""Brazilist"";i:800;N;i:801;s:9:""Brazilist"";i:802;s:25:""Les Zinzins de List'Space"";i:803;s:9:""Brazilist"";}",NULL
"26843","3023","506","2024-12-16 22:08:06","a:6:{i:798;N;i:799;s:9:""Brazilist"";i:800;N;i:801;s:9:""Brazilist"";i:802;s:25:""Les Zinzins de List'Space"";i:803;s:9:""Brazilist"";}",NULL
"27099","2495","506","2024-12-16 22:36:19","a:6:{i:798;N;i:799;s:25:""Les Zinzins de List'Space"";i:800;N;i:801;s:9:""Brazilist"";i:802;s:25:""Les Zinzins de List'Space"";i:803;s:25:""Les Zinzins de List'Space"";}",NULL
"27867","2543","506","2024-12-17 10:23:59","a:6:{i:798;N;i:799;s:25:""Les Zinzins de List'Space"";i:800;N;i:801;s:16:""List'Diana Jones"";i:802;s:25:""Les Zinzins de List'Space"";i:803;s:25:""Les Zinzins de List'Space"";}",NULL
"26588","2906","506","2024-12-16 21:52:16","a:6:{i:798;N;i:799;s:9:""Brazilist"";i:800;N;i:801;s:9:""Brazilist"";i:802;s:25:""Les Zinzins de List'Space"";i:803;s:9:""Brazilist"";}",NULL
"27356","2926","506","2024-12-16 23:33:48","a:6:{i:798;N;i:799;s:16:""List'Diana Jones"";i:800;N;i:801;s:16:""List'Diana Jones"";i:802;s:16:""List'Diana Jones"";i:803;s:25:""Les Zinzins de List'Space"";}",NULL
"27868","2686","506","2024-12-17 10:24:03","a:6:{i:798;N;i:799;s:25:""Les Zinzins de List'Space"";i:800;N;i:801;s:9:""Brazilist"";i:802;s:25:""Les Zinzins de List'Space"";i:803;s:25:""Les Zinzins de List'Space"";}",NULL
"27101","2521","506","2024-12-16 22:36:39","a:6:{i:798;N;i:799;s:25:""Les Zinzins de List'Space"";i:800;N;i:801;s:9:""Brazilist"";i:802;s:25:""Les Zinzins de List'Space"";i:803;s:25:""Les Zinzins de List'Space"";}",NULL
"28125","2574","506","2024-12-17 11:59:29","a:6:{i:798;N;i:799;s:25:""Les Zinzins de List'Space"";i:800;N;i:801;s:9:""Brazilist"";i:802;s:25:""Les Zinzins de List'Space"";i:803;s:25:""Les Zinzins de List'Space"";}",NULL
"28126","2287","506","2024-12-17 11:59:48","a:6:{i:798;N;i:799;s:9:""Brazilist"";i:800;N;i:801;s:9:""Brazilist"";i:802;s:25:""Les Zinzins de List'Space"";i:803;s:9:""Brazilist"";}",NULL
"27617","2677","506","2024-12-17 08:16:45","a:6:{i:798;N;i:799;s:25:""Les Zinzins de List'Space"";i:800;N;i:801;s:9:""Brazilist"";i:802;s:25:""Les Zinzins de List'Space"";i:803;s:25:""Les Zinzins de List'Space"";}",NULL
"26851","3080","506","2024-12-16 22:08:58","a:6:{i:798;N;i:799;s:25:""Les Zinzins de List'Space"";i:800;N;i:801;s:9:""Brazilist"";i:802;s:25:""Les Zinzins de List'Space"";i:803;s:25:""Les Zinzins de List'Space"";}",NULL
"27875","3074","506","2024-12-17 10:25:53","a:6:{i:798;N;i:799;s:25:""Les Zinzins de List'Space"";i:800;N;i:801;s:16:""List'Diana Jones"";i:802;s:25:""Les Zinzins de List'Space"";i:803;s:25:""Les Zinzins de List'Space"";}",NULL
"27620","2769","506","2024-12-17 08:17:42","a:6:{i:798;N;i:799;s:9:""Brazilist"";i:800;N;i:801;s:9:""Brazilist"";i:802;s:25:""Les Zinzins de List'Space"";i:803;s:9:""Brazilist"";}",NULL
"27623","2692","506","2024-12-17 08:18:31","a:6:{i:798;N;i:799;s:25:""Les Zinzins de List'Space"";i:800;N;i:801;s:9:""Brazilist"";i:802;s:25:""Les Zinzins de List'Space"";i:803;s:25:""Les Zinzins de List'Space"";}",NULL
"27624","2655","506","2024-12-17 08:20:14","a:6:{i:798;N;i:799;s:9:""Brazilist"";i:800;N;i:801;s:9:""Brazilist"";i:802;s:25:""Les Zinzins de List'Space"";i:803;s:9:""Brazilist"";}",NULL
"26601","3012","506","2024-12-16 21:52:44","a:6:{i:798;N;i:799;s:25:""Les Zinzins de List'Space"";i:800;N;i:801;s:16:""List'Diana Jones"";i:802;s:25:""Les Zinzins de List'Space"";i:803;s:25:""Les Zinzins de List'Space"";}",NULL
"27881","2732","506","2024-12-17 10:26:46","a:6:{i:798;N;i:799;s:16:""List'Diana Jones"";i:800;N;i:801;s:16:""List'Diana Jones"";i:802;s:16:""List'Diana Jones"";i:803;s:5:""Blanc"";}",NULL
"27370","3211","506","2024-12-16 23:35:37","a:6:{i:798;N;i:799;s:25:""Les Zinzins de List'Space"";i:800;N;i:801;s:16:""List'Diana Jones"";i:802;s:25:""Les Zinzins de List'Space"";i:803;s:25:""Les Zinzins de List'Space"";}",NULL
"27626","3091","506","2024-12-17 08:20:33","a:6:{i:798;N;i:799;s:25:""Les Zinzins de List'Space"";i:800;N;i:801;s:16:""List'Diana Jones"";i:802;s:25:""Les Zinzins de List'Space"";i:803;s:25:""Les Zinzins de List'Space"";}",NULL
"27628","2049","506","2024-12-17 08:20:43","a:6:{i:798;N;i:799;s:9:""Brazilist"";i:800;N;i:801;s:16:""List'Diana Jones"";i:802;s:16:""List'Diana Jones"";i:803;s:9:""Brazilist"";}",NULL
"27118","2556","506","2024-12-16 22:38:03","a:6:{i:798;N;i:799;s:25:""Les Zinzins de List'Space"";i:800;N;i:801;s:9:""Brazilist"";i:802;s:25:""Les Zinzins de List'Space"";i:803;s:25:""Les Zinzins de List'Space"";}",NULL
"27632","2915","506","2024-12-17 08:22:35","a:6:{i:798;N;i:799;s:16:""List'Diana Jones"";i:800;N;i:801;s:16:""List'Diana Jones"";i:802;s:16:""List'Diana Jones"";i:803;s:9:""Brazilist"";}",NULL
"26609","2945","506","2024-12-16 21:53:03","a:6:{i:798;N;i:799;s:16:""List'Diana Jones"";i:800;N;i:801;s:16:""List'Diana Jones"";i:802;s:16:""List'Diana Jones"";i:803;s:5:""Blanc"";}",NULL
"26865","2938","506","2024-12-16 22:10:33","a:6:{i:798;N;i:799;s:25:""Les Zinzins de List'Space"";i:800;N;i:801;s:9:""Brazilist"";i:802;s:25:""Les Zinzins de List'Space"";i:803;s:25:""Les Zinzins de List'Space"";}",NULL
"27889","2216","506","2024-12-17 10:30:10","a:6:{i:798;N;i:799;s:16:""List'Diana Jones"";i:800;N;i:801;s:16:""List'Diana Jones"";i:802;s:16:""List'Diana Jones"";i:803;s:25:""Les Zinzins de List'Space"";}",NULL
"27122","2983","506","2024-12-16 22:38:33","a:6:{i:798;N;i:799;s:16:""List'Diana Jones"";i:800;N;i:801;s:16:""List'Diana Jones"";i:802;s:16:""List'Diana Jones"";i:803;s:25:""Les Zinzins de List'Space"";}",NULL
"27890","2628","506","2024-12-17 10:30:21","a:6:{i:798;N;i:799;s:9:""Brazilist"";i:800;N;i:801;s:9:""Brazilist"";i:802;s:25:""Les Zinzins de List'Space"";i:803;s:9:""Brazilist"";}",NULL
"26867","2977","506","2024-12-16 22:10:52","a:6:{i:798;N;i:799;s:9:""Brazilist"";i:800;N;i:801;s:9:""Brazilist"";i:802;s:25:""Les Zinzins de List'Space"";i:803;s:9:""Brazilist"";}",NULL
"27636","2690","506","2024-12-17 08:23:25","a:6:{i:798;N;i:799;s:25:""Les Zinzins de List'Space"";i:800;N;i:801;s:9:""Brazilist"";i:802;s:25:""Les Zinzins de List'Space"";i:803;s:25:""Les Zinzins de List'Space"";}",NULL
"26357","3039","506","2024-12-16 21:45:08","a:6:{i:798;N;i:799;s:25:""Les Zinzins de List'Space"";i:800;N;i:801;s:16:""List'Diana Jones"";i:802;s:25:""Les Zinzins de List'Space"";i:803;s:25:""Les Zinzins de List'Space"";}",NULL
"26613","2944","506","2024-12-16 21:53:10","a:6:{i:798;N;i:799;s:9:""Brazilist"";i:800;N;i:801;s:9:""Brazilist"";i:802;s:16:""List'Diana Jones"";i:803;s:9:""Brazilist"";}",NULL
"27893","2311","506","2024-12-17 10:30:43","a:6:{i:798;N;i:799;s:16:""List'Diana Jones"";i:800;N;i:801;s:16:""List'Diana Jones"";i:802;s:16:""List'Diana Jones"";i:803;s:25:""Les Zinzins de List'Space"";}",NULL
"26870","3129","506","2024-12-16 22:11:22","a:6:{i:798;N;i:799;s:9:""Brazilist"";i:800;N;i:801;s:9:""Brazilist"";i:802;s:25:""Les Zinzins de List'Space"";i:803;s:9:""Brazilist"";}",NULL
"26872","2991","506","2024-12-16 22:11:51","a:6:{i:798;N;i:799;s:9:""Brazilist"";i:800;N;i:801;s:9:""Brazilist"";i:802;s:25:""Les Zinzins de List'Space"";i:803;s:9:""Brazilist"";}",NULL
"27896","2553","506","2024-12-17 10:31:39","a:6:{i:798;N;i:799;s:16:""List'Diana Jones"";i:800;N;i:801;s:16:""List'Diana Jones"";i:802;s:16:""List'Diana Jones"";i:803;s:25:""Les Zinzins de List'Space"";}",NULL
"26873","2974","506","2024-12-16 22:11:58","a:6:{i:798;N;i:799;s:9:""Brazilist"";i:800;N;i:801;s:9:""Brazilist"";i:802;s:25:""Les Zinzins de List'Space"";i:803;s:9:""Brazilist"";}",NULL
"27130","3177","506","2024-12-16 22:40:03","a:6:{i:798;N;i:799;s:16:""List'Diana Jones"";i:800;N;i:801;s:9:""Brazilist"";i:802;s:25:""Les Zinzins de List'Space"";i:803;s:25:""Les Zinzins de List'Space"";}",NULL
"26877","2910","506","2024-12-16 22:12:34","a:6:{i:798;N;i:799;s:9:""Brazilist"";i:800;N;i:801;s:9:""Brazilist"";i:802;s:25:""Les Zinzins de List'Space"";i:803;s:9:""Brazilist"";}",NULL
"27134","2599","506","2024-12-16 22:40:35","a:6:{i:798;N;i:799;s:25:""Les Zinzins de List'Space"";i:800;N;i:801;s:9:""Brazilist"";i:802;s:25:""Les Zinzins de List'Space"";i:803;s:25:""Les Zinzins de List'Space"";}",NULL
"27390","3157","506","2024-12-16 23:46:34","a:6:{i:798;N;i:799;s:25:""Les Zinzins de List'Space"";i:800;N;i:801;s:9:""Brazilist"";i:802;s:25:""Les Zinzins de List'Space"";i:803;s:25:""Les Zinzins de List'Space"";}",NULL
"27902","3055","506","2024-12-17 10:35:02","a:6:{i:798;N;i:799;s:16:""List'Diana Jones"";i:800;N;i:801;s:16:""List'Diana Jones"";i:802;s:16:""List'Diana Jones"";i:803;s:9:""Brazilist"";}",NULL
"26879","3113","506","2024-12-16 22:13:14","a:6:{i:798;N;i:799;s:16:""List'Diana Jones"";i:800;N;i:801;s:16:""List'Diana Jones"";i:802;s:16:""List'Diana Jones"";i:803;s:9:""Brazilist"";}",NULL
