"6800","1592","81","2021-12-16 14:50:46","a:4:{i:198;s:14:""Secret Stolist"";i:199;s:12:""Maçon-liste"";i:200;s:14:""Secret Stolist"";i:201;s:14:""Secret Stolist"";}",NULL
"6799","844","81","2021-12-16 14:50:40","a:4:{i:198;s:12:""Maçon-liste"";i:199;s:12:""Maçon-liste"";i:200;s:12:""Maçon-liste"";i:201;s:10:""Lucky List"";}",NULL
"6785","1446","81","2021-12-16 14:38:28","a:4:{i:198;s:10:""Lucky List"";i:199;s:10:""Lucky List"";i:200;s:14:""Secret Stolist"";i:201;s:10:""Lucky List"";}",NULL
"6775","973","81","2021-12-16 14:33:00","a:4:{i:198;s:10:""Lucky List"";i:199;s:10:""Lucky List"";i:200;s:14:""Secret Stolist"";i:201;s:10:""Lucky List"";}",NULL
"6769","1405","81","2021-12-16 14:32:07","a:4:{i:198;s:14:""Secret Stolist"";i:199;s:10:""Lucky List"";i:200;s:14:""Secret Stolist"";i:201;s:14:""Secret Stolist"";}",NULL
"6758","1323","81","2021-12-16 14:25:19","a:4:{i:198;s:14:""Secret Stolist"";i:199;s:10:""Lucky List"";i:200;s:14:""Secret Stolist"";i:201;s:14:""Secret Stolist"";}",NULL
"6755","1512","81","2021-12-16 14:23:24","a:4:{i:198;s:10:""Lucky List"";i:199;s:10:""Lucky List"";i:200;s:14:""Secret Stolist"";i:201;s:10:""Lucky List"";}",NULL
"6736","1487","81","2021-12-16 14:07:49","a:4:{i:198;s:14:""Secret Stolist"";i:199;s:10:""Lucky List"";i:200;s:14:""Secret Stolist"";i:201;s:14:""Secret Stolist"";}",NULL
"6734","1562","81","2021-12-16 14:06:51","a:4:{i:198;s:10:""Lucky List"";i:199;s:10:""Lucky List"";i:200;s:14:""Secret Stolist"";i:201;s:14:""Secret Stolist"";}",NULL
"6713","1939","81","2021-12-16 13:50:31","a:4:{i:198;s:10:""Lucky List"";i:199;s:10:""Lucky List"";i:200;s:14:""Secret Stolist"";i:201;s:10:""Lucky List"";}",NULL
"6711","1550","81","2021-12-16 13:48:36","a:4:{i:198;s:10:""Lucky List"";i:199;s:10:""Lucky List"";i:200;s:14:""Secret Stolist"";i:201;s:10:""Lucky List"";}",NULL
"6691","1504","81","2021-12-16 13:38:13","a:4:{i:198;s:14:""Secret Stolist"";i:199;s:10:""Lucky List"";i:200;s:14:""Secret Stolist"";i:201;s:14:""Secret Stolist"";}",NULL
"6687","1610","81","2021-12-16 13:30:17","a:4:{i:198;s:10:""Lucky List"";i:199;s:10:""Lucky List"";i:200;s:14:""Secret Stolist"";i:201;s:10:""Lucky List"";}",NULL
"6685","1415","81","2021-12-16 13:27:32","a:4:{i:198;s:14:""Secret Stolist"";i:199;s:10:""Lucky List"";i:200;s:14:""Secret Stolist"";i:201;s:14:""Secret Stolist"";}",NULL
"6673","1979","81","2021-12-16 13:19:42","a:4:{i:198;s:14:""Secret Stolist"";i:199;s:12:""Maçon-liste"";i:200;s:14:""Secret Stolist"";i:201;s:14:""Secret Stolist"";}",NULL
"6671","1597","81","2021-12-16 13:19:10","a:4:{i:198;s:10:""Lucky List"";i:199;s:10:""Lucky List"";i:200;s:14:""Secret Stolist"";i:201;s:10:""Lucky List"";}",NULL
"6669","1407","81","2021-12-16 13:18:41","a:4:{i:198;s:10:""Lucky List"";i:199;s:10:""Lucky List"";i:200;s:14:""Secret Stolist"";i:201;s:10:""Lucky List"";}",NULL
"6668","1758","81","2021-12-16 13:18:15","a:4:{i:198;s:14:""Secret Stolist"";i:199;s:10:""Lucky List"";i:200;s:14:""Secret Stolist"";i:201;s:14:""Secret Stolist"";}",NULL
"6663","1041","81","2021-12-16 13:17:39","a:4:{i:198;s:10:""Lucky List"";i:199;s:10:""Lucky List"";i:200;s:14:""Secret Stolist"";i:201;s:10:""Lucky List"";}",NULL
"6656","1584","81","2021-12-16 13:13:56","a:4:{i:198;s:14:""Secret Stolist"";i:199;s:10:""Lucky List"";i:200;s:14:""Secret Stolist"";i:201;s:14:""Secret Stolist"";}",NULL
"6648","1755","81","2021-12-16 13:09:02","a:4:{i:198;s:14:""Secret Stolist"";i:199;s:10:""Lucky List"";i:200;s:14:""Secret Stolist"";i:201;s:14:""Secret Stolist"";}",NULL
"6645","1830","81","2021-12-16 13:07:40","a:4:{i:198;s:12:""Maçon-liste"";i:199;s:12:""Maçon-liste"";i:200;s:12:""Maçon-liste"";i:201;s:14:""Secret Stolist"";}",NULL
"6638","354","81","2021-12-16 13:04:06","a:4:{i:198;s:14:""Secret Stolist"";i:199;s:10:""Lucky List"";i:200;s:14:""Secret Stolist"";i:201;s:14:""Secret Stolist"";}",NULL
"6633","1062","81","2021-12-16 13:00:15","a:4:{i:198;s:10:""Lucky List"";i:199;s:10:""Lucky List"";i:200;s:14:""Secret Stolist"";i:201;s:10:""Lucky List"";}",NULL
"6628","1368","81","2021-12-16 12:57:49","a:4:{i:198;s:14:""Secret Stolist"";i:199;s:10:""Lucky List"";i:200;s:14:""Secret Stolist"";i:201;s:14:""Secret Stolist"";}",NULL
"6626","1515","81","2021-12-16 12:55:38","a:4:{i:198;s:10:""Lucky List"";i:199;s:10:""Lucky List"";i:200;s:14:""Secret Stolist"";i:201;s:10:""Lucky List"";}",NULL
"6623","1696","81","2021-12-16 12:50:30","a:4:{i:198;s:14:""Secret Stolist"";i:199;s:12:""Maçon-liste"";i:200;s:14:""Secret Stolist"";i:201;s:14:""Secret Stolist"";}",NULL
"6614","1867","81","2021-12-16 12:42:22","a:4:{i:198;s:10:""Lucky List"";i:199;s:10:""Lucky List"";i:200;s:14:""Secret Stolist"";i:201;s:10:""Lucky List"";}",NULL
"6608","1765","81","2021-12-16 12:38:37","a:4:{i:198;s:10:""Lucky List"";i:199;s:10:""Lucky List"";i:200;s:12:""Maçon-liste"";i:201;s:10:""Lucky List"";}",NULL
"6602","1338","81","2021-12-16 12:34:48","a:4:{i:198;s:14:""Secret Stolist"";i:199;s:12:""Maçon-liste"";i:200;s:14:""Secret Stolist"";i:201;s:14:""Secret Stolist"";}",NULL
"6595","1391","81","2021-12-16 12:26:19","a:4:{i:198;s:14:""Secret Stolist"";i:199;s:10:""Lucky List"";i:200;s:14:""Secret Stolist"";i:201;s:14:""Secret Stolist"";}",NULL
"6577","1421","81","2021-12-16 12:06:49","a:4:{i:198;s:10:""Lucky List"";i:199;s:10:""Lucky List"";i:200;s:14:""Secret Stolist"";i:201;s:10:""Lucky List"";}",NULL
"6575","1868","81","2021-12-16 12:00:47","a:4:{i:198;s:10:""Lucky List"";i:199;s:10:""Lucky List"";i:200;s:14:""Secret Stolist"";i:201;s:10:""Lucky List"";}",NULL
"6574","1989","81","2021-12-16 12:00:24","a:4:{i:198;s:10:""Lucky List"";i:199;s:10:""Lucky List"";i:200;s:14:""Secret Stolist"";i:201;s:10:""Lucky List"";}",NULL
"6568","1531","81","2021-12-16 11:58:43","a:4:{i:198;s:10:""Lucky List"";i:199;s:10:""Lucky List"";i:200;s:14:""Secret Stolist"";i:201;s:10:""Lucky List"";}",NULL
"6551","1522","81","2021-12-16 11:36:46","a:4:{i:198;s:14:""Secret Stolist"";i:199;s:10:""Lucky List"";i:200;s:14:""Secret Stolist"";i:201;s:14:""Secret Stolist"";}",NULL
"6545","1511","81","2021-12-16 11:28:01","a:4:{i:198;s:14:""Secret Stolist"";i:199;s:10:""Lucky List"";i:200;s:14:""Secret Stolist"";i:201;s:14:""Secret Stolist"";}",NULL
"6539","1398","81","2021-12-16 11:21:36","a:4:{i:198;s:14:""Secret Stolist"";i:199;s:10:""Lucky List"";i:200;s:14:""Secret Stolist"";i:201;s:14:""Secret Stolist"";}",NULL
"6536","1492","81","2021-12-16 11:21:21","a:4:{i:198;s:10:""Lucky List"";i:199;s:10:""Lucky List"";i:200;s:14:""Secret Stolist"";i:201;s:10:""Lucky List"";}",NULL
"6530","1390","81","2021-12-16 11:18:18","a:4:{i:198;s:14:""Secret Stolist"";i:199;s:10:""Lucky List"";i:200;s:14:""Secret Stolist"";i:201;s:14:""Secret Stolist"";}",NULL
"6526","1547","81","2021-12-16 11:08:50","a:4:{i:198;s:14:""Secret Stolist"";i:199;s:10:""Lucky List"";i:200;s:14:""Secret Stolist"";i:201;s:14:""Secret Stolist"";}",NULL
"6524","1818","81","2021-12-16 11:04:02","a:4:{i:198;s:10:""Lucky List"";i:199;s:10:""Lucky List"";i:200;s:14:""Secret Stolist"";i:201;s:10:""Lucky List"";}",NULL
"6517","1807","81","2021-12-16 11:02:10","a:4:{i:198;s:14:""Secret Stolist"";i:199;s:10:""Lucky List"";i:200;s:14:""Secret Stolist"";i:201;s:14:""Secret Stolist"";}",NULL
"6513","1486","81","2021-12-16 10:54:22","a:4:{i:198;s:10:""Lucky List"";i:199;s:10:""Lucky List"";i:200;s:14:""Secret Stolist"";i:201;s:10:""Lucky List"";}",NULL
"6509","1103","81","2021-12-16 10:50:01","a:4:{i:198;s:14:""Secret Stolist"";i:199;s:12:""Maçon-liste"";i:200;s:14:""Secret Stolist"";i:201;s:14:""Secret Stolist"";}",NULL
"6506","1401","81","2021-12-16 10:48:51","a:4:{i:198;s:10:""Lucky List"";i:199;s:10:""Lucky List"";i:200;s:14:""Secret Stolist"";i:201;s:10:""Lucky List"";}",NULL
"6496","1901","81","2021-12-16 10:45:26","a:4:{i:198;s:10:""Lucky List"";i:199;s:10:""Lucky List"";i:200;s:14:""Secret Stolist"";i:201;s:10:""Lucky List"";}",NULL
"6482","1796","81","2021-12-16 10:36:08","a:4:{i:198;s:10:""Lucky List"";i:199;s:10:""Lucky List"";i:200;s:14:""Secret Stolist"";i:201;s:10:""Lucky List"";}",NULL
"6479","1370","81","2021-12-16 10:30:04","a:4:{i:198;s:14:""Secret Stolist"";i:199;s:10:""Lucky List"";i:200;s:14:""Secret Stolist"";i:201;s:14:""Secret Stolist"";}",NULL
"6478","1820","81","2021-12-16 10:28:26","a:4:{i:198;s:14:""Secret Stolist"";i:199;s:10:""Lucky List"";i:200;s:14:""Secret Stolist"";i:201;s:14:""Secret Stolist"";}",NULL
"6477","1359","81","2021-12-16 10:27:34","a:4:{i:198;s:14:""Secret Stolist"";i:199;s:10:""Lucky List"";i:200;s:14:""Secret Stolist"";i:201;s:14:""Secret Stolist"";}",NULL
"6474","850","81","2021-12-16 10:25:18","a:4:{i:198;s:10:""Lucky List"";i:199;s:10:""Lucky List"";i:200;s:14:""Secret Stolist"";i:201;s:10:""Lucky List"";}",NULL
"6472","1847","81","2021-12-16 10:24:55","a:4:{i:198;s:14:""Secret Stolist"";i:199;s:12:""Maçon-liste"";i:200;s:12:""Maçon-liste"";i:201;s:14:""Secret Stolist"";}",NULL
"6471","1537","81","2021-12-16 10:24:43","a:4:{i:198;s:10:""Lucky List"";i:199;s:10:""Lucky List"";i:200;s:14:""Secret Stolist"";i:201;s:10:""Lucky List"";}",NULL
"6468","1482","81","2021-12-16 10:06:40","a:4:{i:198;s:10:""Lucky List"";i:199;s:10:""Lucky List"";i:200;s:14:""Secret Stolist"";i:201;s:10:""Lucky List"";}",NULL
"6463","1695","81","2021-12-16 09:59:35","a:4:{i:198;s:10:""Lucky List"";i:199;s:10:""Lucky List"";i:200;s:14:""Secret Stolist"";i:201;s:10:""Lucky List"";}",NULL
"6458","1419","81","2021-12-16 09:51:06","a:4:{i:198;s:14:""Secret Stolist"";i:199;s:10:""Lucky List"";i:200;s:14:""Secret Stolist"";i:201;s:14:""Secret Stolist"";}",NULL
"6453","1925","81","2021-12-16 09:47:16","a:4:{i:198;s:10:""Lucky List"";i:199;s:10:""Lucky List"";i:200;s:14:""Secret Stolist"";i:201;s:10:""Lucky List"";}",NULL
"6450","1325","81","2021-12-16 09:43:28","a:4:{i:198;s:10:""Lucky List"";i:199;s:10:""Lucky List"";i:200;s:14:""Secret Stolist"";i:201;s:10:""Lucky List"";}",NULL
"6443","960","81","2021-12-16 09:36:47","a:4:{i:198;s:10:""Lucky List"";i:199;s:10:""Lucky List"";i:200;s:14:""Secret Stolist"";i:201;s:10:""Lucky List"";}",NULL
"6437","1732","81","2021-12-16 09:26:41","a:4:{i:198;s:14:""Secret Stolist"";i:199;s:10:""Lucky List"";i:200;s:14:""Secret Stolist"";i:201;s:14:""Secret Stolist"";}",NULL
"6434","1346","81","2021-12-16 09:14:35","a:4:{i:198;s:14:""Secret Stolist"";i:199;s:12:""Maçon-liste"";i:200;s:14:""Secret Stolist"";i:201;s:14:""Secret Stolist"";}",NULL
"6429","1840","81","2021-12-16 09:12:07","a:4:{i:198;s:10:""Lucky List"";i:199;s:10:""Lucky List"";i:200;s:12:""Maçon-liste"";i:201;s:10:""Lucky List"";}",NULL
"6428","1304","81","2021-12-16 09:12:04","a:4:{i:198;s:14:""Secret Stolist"";i:199;s:10:""Lucky List"";i:200;s:14:""Secret Stolist"";i:201;s:14:""Secret Stolist"";}",NULL
"6422","1752","81","2021-12-16 09:00:05","a:4:{i:198;s:10:""Lucky List"";i:199;s:10:""Lucky List"";i:200;s:14:""Secret Stolist"";i:201;s:10:""Lucky List"";}",NULL
"6419","1385","81","2021-12-16 08:58:46","a:4:{i:198;s:10:""Lucky List"";i:199;s:10:""Lucky List"";i:200;s:14:""Secret Stolist"";i:201;s:10:""Lucky List"";}",NULL
"6416","1470","81","2021-12-16 08:55:45","a:4:{i:198;s:14:""Secret Stolist"";i:199;s:10:""Lucky List"";i:200;s:14:""Secret Stolist"";i:201;s:14:""Secret Stolist"";}",NULL
"6410","1369","81","2021-12-16 08:45:33","a:4:{i:198;s:14:""Secret Stolist"";i:199;s:10:""Lucky List"";i:200;s:14:""Secret Stolist"";i:201;s:14:""Secret Stolist"";}",NULL
"6404","1853","81","2021-12-16 08:41:21","a:4:{i:198;s:10:""Lucky List"";i:199;s:10:""Lucky List"";i:200;s:14:""Secret Stolist"";i:201;s:10:""Lucky List"";}",NULL
"6395","1900","81","2021-12-16 08:31:57","a:4:{i:198;s:10:""Lucky List"";i:199;s:10:""Lucky List"";i:200;s:14:""Secret Stolist"";i:201;s:10:""Lucky List"";}",NULL
"6385","1344","81","2021-12-16 08:20:36","a:4:{i:198;s:14:""Secret Stolist"";i:199;s:10:""Lucky List"";i:200;s:14:""Secret Stolist"";i:201;s:14:""Secret Stolist"";}",NULL
"6383","1377","81","2021-12-16 08:01:54","a:4:{i:198;s:14:""Secret Stolist"";i:199;s:10:""Lucky List"";i:200;s:14:""Secret Stolist"";i:201;s:14:""Secret Stolist"";}",NULL
"6367","1777","81","2021-12-16 07:41:05","a:4:{i:198;s:14:""Secret Stolist"";i:199;s:10:""Lucky List"";i:200;s:14:""Secret Stolist"";i:201;s:14:""Secret Stolist"";}",NULL
"6360","1297","81","2021-12-16 07:15:40","a:4:{i:198;s:10:""Lucky List"";i:199;s:10:""Lucky List"";i:200;s:14:""Secret Stolist"";i:201;s:10:""Lucky List"";}",NULL
"6346","1756","81","2021-12-16 00:43:02","a:4:{i:198;s:10:""Lucky List"";i:199;s:10:""Lucky List"";i:200;s:14:""Secret Stolist"";i:201;s:10:""Lucky List"";}",NULL
"6343","1485","81","2021-12-16 00:33:33","a:4:{i:198;s:14:""Secret Stolist"";i:199;s:10:""Lucky List"";i:200;s:14:""Secret Stolist"";i:201;s:14:""Secret Stolist"";}",NULL
"6338","1884","81","2021-12-16 00:26:47","a:4:{i:198;s:10:""Lucky List"";i:199;s:10:""Lucky List"";i:200;s:14:""Secret Stolist"";i:201;s:10:""Lucky List"";}",NULL
"6333","1709","81","2021-12-16 00:21:19","a:4:{i:198;s:10:""Lucky List"";i:199;s:10:""Lucky List"";i:200;s:14:""Secret Stolist"";i:201;s:10:""Lucky List"";}",NULL
"6326","1423","81","2021-12-15 23:56:14","a:4:{i:198;s:10:""Lucky List"";i:199;s:10:""Lucky List"";i:200;s:14:""Secret Stolist"";i:201;s:10:""Lucky List"";}",NULL
"6310","1326","81","2021-12-15 23:36:06","a:4:{i:198;s:14:""Secret Stolist"";i:199;s:10:""Lucky List"";i:200;s:14:""Secret Stolist"";i:201;s:14:""Secret Stolist"";}",NULL
"6305","522","81","2021-12-15 23:34:15","a:4:{i:198;s:10:""Lucky List"";i:199;s:10:""Lucky List"";i:200;s:14:""Secret Stolist"";i:201;s:10:""Lucky List"";}",NULL
"6295","1789","81","2021-12-15 23:22:40","a:4:{i:198;s:14:""Secret Stolist"";i:199;s:10:""Lucky List"";i:200;s:14:""Secret Stolist"";i:201;s:14:""Secret Stolist"";}",NULL
"6292","1364","81","2021-12-15 23:17:59","a:4:{i:198;s:14:""Secret Stolist"";i:199;s:10:""Lucky List"";i:200;s:14:""Secret Stolist"";i:201;s:14:""Secret Stolist"";}",NULL
"6290","1700","81","2021-12-15 23:15:29","a:4:{i:198;s:10:""Lucky List"";i:199;s:10:""Lucky List"";i:200;s:14:""Secret Stolist"";i:201;s:10:""Lucky List"";}",NULL
"6289","1930","81","2021-12-15 23:14:47","a:4:{i:198;s:10:""Lucky List"";i:199;s:10:""Lucky List"";i:200;s:14:""Secret Stolist"";i:201;s:10:""Lucky List"";}",NULL
"6283","1915","81","2021-12-15 23:12:08","a:4:{i:198;s:10:""Lucky List"";i:199;s:10:""Lucky List"";i:200;s:14:""Secret Stolist"";i:201;s:10:""Lucky List"";}",NULL
"6276","1996","81","2021-12-15 23:09:14","a:4:{i:198;s:14:""Secret Stolist"";i:199;s:12:""Maçon-liste"";i:200;s:12:""Maçon-liste"";i:201;s:14:""Secret Stolist"";}",NULL
"6272","1880","81","2021-12-15 23:01:41","a:4:{i:198;s:10:""Lucky List"";i:199;s:10:""Lucky List"";i:200;s:14:""Secret Stolist"";i:201;s:10:""Lucky List"";}",NULL
"6269","1402","81","2021-12-15 23:01:09","a:4:{i:198;s:14:""Secret Stolist"";i:199;s:10:""Lucky List"";i:200;s:14:""Secret Stolist"";i:201;s:14:""Secret Stolist"";}",NULL
"6264","1762","81","2021-12-15 22:59:55","a:4:{i:198;s:10:""Lucky List"";i:199;s:10:""Lucky List"";i:200;s:14:""Secret Stolist"";i:201;s:10:""Lucky List"";}",NULL
"6257","1786","81","2021-12-15 22:52:52","a:4:{i:198;s:14:""Secret Stolist"";i:199;s:10:""Lucky List"";i:200;s:14:""Secret Stolist"";i:201;s:14:""Secret Stolist"";}",NULL
"6256","1703","81","2021-12-15 22:52:15","a:4:{i:198;s:10:""Lucky List"";i:199;s:10:""Lucky List"";i:200;s:14:""Secret Stolist"";i:201;s:10:""Lucky List"";}",NULL
"6238","1779","81","2021-12-15 22:31:07","a:4:{i:198;s:10:""Lucky List"";i:199;s:10:""Lucky List"";i:200;s:14:""Secret Stolist"";i:201;s:10:""Lucky List"";}",NULL
"6237","1591","81","2021-12-15 22:31:00","a:4:{i:198;s:10:""Lucky List"";i:199;s:10:""Lucky List"";i:200;s:14:""Secret Stolist"";i:201;s:14:""Secret Stolist"";}",NULL
"6231","1301","81","2021-12-15 22:28:44","a:4:{i:198;s:10:""Lucky List"";i:199;s:10:""Lucky List"";i:200;s:14:""Secret Stolist"";i:201;s:10:""Lucky List"";}",NULL
"6224","282","81","2021-12-15 22:17:17","a:4:{i:198;s:10:""Lucky List"";i:199;s:10:""Lucky List"";i:200;s:14:""Secret Stolist"";i:201;s:10:""Lucky List"";}",NULL
"6209","1525","81","2021-12-15 21:58:58","a:4:{i:198;s:10:""Lucky List"";i:199;s:10:""Lucky List"";i:200;s:14:""Secret Stolist"";i:201;s:10:""Lucky List"";}",NULL
"6206","1845","81","2021-12-15 21:55:42","a:4:{i:198;s:10:""Lucky List"";i:199;s:10:""Lucky List"";i:200;s:14:""Secret Stolist"";i:201;s:10:""Lucky List"";}",NULL
"6200","1109","81","2021-12-15 21:51:22","a:4:{i:198;s:14:""Secret Stolist"";i:199;s:12:""Maçon-liste"";i:200;s:12:""Maçon-liste"";i:201;s:14:""Secret Stolist"";}",NULL
"6187","1745","81","2021-12-15 21:42:13","a:4:{i:198;s:14:""Secret Stolist"";i:199;s:10:""Lucky List"";i:200;s:14:""Secret Stolist"";i:201;s:14:""Secret Stolist"";}",NULL
"6184","1837","81","2021-12-15 21:40:21","a:4:{i:198;s:10:""Lucky List"";i:199;s:10:""Lucky List"";i:200;s:14:""Secret Stolist"";i:201;s:14:""Secret Stolist"";}",NULL
"6180","1833","81","2021-12-15 21:39:21","a:4:{i:198;s:10:""Lucky List"";i:199;s:10:""Lucky List"";i:200;s:14:""Secret Stolist"";i:201;s:10:""Lucky List"";}",NULL
"6172","1753","81","2021-12-15 21:31:22","a:4:{i:198;s:14:""Secret Stolist"";i:199;s:10:""Lucky List"";i:200;s:14:""Secret Stolist"";i:201;s:14:""Secret Stolist"";}",NULL
"6167","948","81","2021-12-15 21:27:37","a:4:{i:198;s:10:""Lucky List"";i:199;s:10:""Lucky List"";i:200;s:14:""Secret Stolist"";i:201;s:10:""Lucky List"";}",NULL
"6163","1934","81","2021-12-15 21:24:59","a:4:{i:198;s:10:""Lucky List"";i:199;s:10:""Lucky List"";i:200;s:14:""Secret Stolist"";i:201;s:10:""Lucky List"";}",NULL
"6160","1322","81","2021-12-15 21:24:03","a:4:{i:198;s:14:""Secret Stolist"";i:199;s:10:""Lucky List"";i:200;s:14:""Secret Stolist"";i:201;s:14:""Secret Stolist"";}",NULL
"6157","1835","81","2021-12-15 21:23:24","a:4:{i:198;s:14:""Secret Stolist"";i:199;s:10:""Lucky List"";i:200;s:14:""Secret Stolist"";i:201;s:14:""Secret Stolist"";}",NULL
"6151","1375","81","2021-12-15 21:20:16","a:4:{i:198;s:10:""Lucky List"";i:199;s:10:""Lucky List"";i:200;s:14:""Secret Stolist"";i:201;s:10:""Lucky List"";}",NULL
"6149","1389","81","2021-12-15 21:20:02","a:4:{i:198;s:10:""Lucky List"";i:199;s:10:""Lucky List"";i:200;s:14:""Secret Stolist"";i:201;s:14:""Secret Stolist"";}",NULL
"6140","1881","81","2021-12-15 21:16:59","a:4:{i:198;s:10:""Lucky List"";i:199;s:10:""Lucky List"";i:200;s:14:""Secret Stolist"";i:201;s:10:""Lucky List"";}",NULL
"6139","1509","81","2021-12-15 21:16:54","a:4:{i:198;s:10:""Lucky List"";i:199;s:10:""Lucky List"";i:200;s:14:""Secret Stolist"";i:201;s:10:""Lucky List"";}",NULL
"6131","1757","81","2021-12-15 21:11:42","a:4:{i:198;s:14:""Secret Stolist"";i:199;s:12:""Maçon-liste"";i:200;s:14:""Secret Stolist"";i:201;s:14:""Secret Stolist"";}",NULL
"6128","1378","81","2021-12-15 21:10:21","a:4:{i:198;s:10:""Lucky List"";i:199;s:10:""Lucky List"";i:200;s:14:""Secret Stolist"";i:201;s:10:""Lucky List"";}",NULL
"6124","890","81","2021-12-15 21:09:57","a:4:{i:198;s:10:""Lucky List"";i:199;s:10:""Lucky List"";i:200;s:12:""Maçon-liste"";i:201;s:10:""Lucky List"";}",NULL
"6111","1399","81","2021-12-15 21:05:09","a:4:{i:198;s:10:""Lucky List"";i:199;s:10:""Lucky List"";i:200;s:14:""Secret Stolist"";i:201;s:10:""Lucky List"";}",NULL
"6105","1722","81","2021-12-15 21:02:46","a:4:{i:198;s:10:""Lucky List"";i:199;s:10:""Lucky List"";i:200;s:14:""Secret Stolist"";i:201;s:10:""Lucky List"";}",NULL
"6092","1763","81","2021-12-15 20:56:39","a:4:{i:198;s:10:""Lucky List"";i:199;s:10:""Lucky List"";i:200;s:14:""Secret Stolist"";i:201;s:10:""Lucky List"";}",NULL
"6086","1724","81","2021-12-15 20:53:40","a:4:{i:198;s:10:""Lucky List"";i:199;s:10:""Lucky List"";i:200;s:14:""Secret Stolist"";i:201;s:10:""Lucky List"";}",NULL
"6080","1827","81","2021-12-15 20:52:05","a:4:{i:198;s:10:""Lucky List"";i:199;s:10:""Lucky List"";i:200;s:14:""Secret Stolist"";i:201;s:10:""Lucky List"";}",NULL
"6079","1850","81","2021-12-15 20:52:04","a:4:{i:198;s:10:""Lucky List"";i:199;s:10:""Lucky List"";i:200;s:14:""Secret Stolist"";i:201;s:10:""Lucky List"";}",NULL
"6068","1702","81","2021-12-15 20:47:33","a:4:{i:198;s:14:""Secret Stolist"";i:199;s:10:""Lucky List"";i:200;s:14:""Secret Stolist"";i:201;s:14:""Secret Stolist"";}",NULL
"6067","1308","81","2021-12-15 20:47:30","a:4:{i:198;s:10:""Lucky List"";i:199;s:10:""Lucky List"";i:200;s:14:""Secret Stolist"";i:201;s:10:""Lucky List"";}",NULL
"6060","487","81","2021-12-15 20:45:30","a:4:{i:198;s:10:""Lucky List"";i:199;s:10:""Lucky List"";i:200;s:14:""Secret Stolist"";i:201;s:10:""Lucky List"";}",NULL
"6055","1780","81","2021-12-15 20:41:45","a:4:{i:198;s:10:""Lucky List"";i:199;s:10:""Lucky List"";i:200;s:14:""Secret Stolist"";i:201;s:10:""Lucky List"";}",NULL
"6048","1788","81","2021-12-15 20:38:22","a:4:{i:198;s:10:""Lucky List"";i:199;s:10:""Lucky List"";i:200;s:14:""Secret Stolist"";i:201;s:10:""Lucky List"";}",NULL
"6045","1787","81","2021-12-15 20:37:19","a:4:{i:198;s:14:""Secret Stolist"";i:199;s:10:""Lucky List"";i:200;s:14:""Secret Stolist"";i:201;s:14:""Secret Stolist"";}",NULL
"6041","1899","81","2021-12-15 20:36:07","a:4:{i:198;s:14:""Secret Stolist"";i:199;s:10:""Lucky List"";i:200;s:14:""Secret Stolist"";i:201;s:14:""Secret Stolist"";}",NULL
"6040","1435","81","2021-12-15 20:35:41","a:4:{i:198;s:10:""Lucky List"";i:199;s:10:""Lucky List"";i:200;s:14:""Secret Stolist"";i:201;s:10:""Lucky List"";}",NULL
"6034","1741","81","2021-12-15 20:33:13","a:4:{i:198;s:14:""Secret Stolist"";i:199;s:10:""Lucky List"";i:200;s:14:""Secret Stolist"";i:201;s:14:""Secret Stolist"";}",NULL
"6025","912","81","2021-12-15 20:28:40","a:4:{i:198;s:10:""Lucky List"";i:199;s:10:""Lucky List"";i:200;s:14:""Secret Stolist"";i:201;s:10:""Lucky List"";}",NULL
"6002","1851","81","2021-12-15 20:19:17","a:4:{i:198;s:10:""Lucky List"";i:199;s:10:""Lucky List"";i:200;s:14:""Secret Stolist"";i:201;s:10:""Lucky List"";}",NULL
"6000","1449","81","2021-12-15 20:15:45","a:4:{i:198;s:14:""Secret Stolist"";i:199;s:10:""Lucky List"";i:200;s:14:""Secret Stolist"";i:201;s:14:""Secret Stolist"";}",NULL
"5996","1866","81","2021-12-15 20:14:17","a:4:{i:198;s:14:""Secret Stolist"";i:199;s:10:""Lucky List"";i:200;s:14:""Secret Stolist"";i:201;s:14:""Secret Stolist"";}",NULL
"5987","1589","81","2021-12-15 20:11:58","a:4:{i:198;s:14:""Secret Stolist"";i:199;s:10:""Lucky List"";i:200;s:14:""Secret Stolist"";i:201;s:14:""Secret Stolist"";}",NULL
"5978","965","81","2021-12-15 20:08:38","a:4:{i:198;s:14:""Secret Stolist"";i:199;s:10:""Lucky List"";i:200;s:14:""Secret Stolist"";i:201;s:14:""Secret Stolist"";}",NULL
"5976","1687","81","2021-12-15 20:08:33","a:4:{i:198;s:14:""Secret Stolist"";i:199;s:10:""Lucky List"";i:200;s:14:""Secret Stolist"";i:201;s:14:""Secret Stolist"";}",NULL
"5953","1549","81","2021-12-15 20:02:09","a:4:{i:198;s:10:""Lucky List"";i:199;s:10:""Lucky List"";i:200;s:14:""Secret Stolist"";i:201;s:10:""Lucky List"";}",NULL
"5949","1904","81","2021-12-15 20:01:17","a:4:{i:198;s:14:""Secret Stolist"";i:199;s:10:""Lucky List"";i:200;s:14:""Secret Stolist"";i:201;s:14:""Secret Stolist"";}",NULL
"5947","1809","81","2021-12-15 19:59:36","a:4:{i:198;s:14:""Secret Stolist"";i:199;s:10:""Lucky List"";i:200;s:14:""Secret Stolist"";i:201;s:14:""Secret Stolist"";}",NULL
"5944","1730","81","2021-12-15 19:56:03","a:4:{i:198;s:10:""Lucky List"";i:199;s:10:""Lucky List"";i:200;s:14:""Secret Stolist"";i:201;s:10:""Lucky List"";}",NULL
"5936","1750","81","2021-12-15 19:50:57","a:4:{i:198;s:14:""Secret Stolist"";i:199;s:10:""Lucky List"";i:200;s:14:""Secret Stolist"";i:201;s:14:""Secret Stolist"";}",NULL
"5925","298","81","2021-12-15 19:46:13","a:4:{i:198;s:10:""Lucky List"";i:199;s:10:""Lucky List"";i:200;s:14:""Secret Stolist"";i:201;s:10:""Lucky List"";}",NULL
"5920","1860","81","2021-12-15 19:44:47","a:4:{i:198;s:10:""Lucky List"";i:199;s:10:""Lucky List"";i:200;s:14:""Secret Stolist"";i:201;s:10:""Lucky List"";}",NULL
"5917","1705","81","2021-12-15 19:43:59","a:4:{i:198;s:10:""Lucky List"";i:199;s:10:""Lucky List"";i:200;s:14:""Secret Stolist"";i:201;s:14:""Secret Stolist"";}",NULL
"5902","1462","81","2021-12-15 19:41:48","a:4:{i:198;s:10:""Lucky List"";i:199;s:10:""Lucky List"";i:200;s:14:""Secret Stolist"";i:201;s:10:""Lucky List"";}",NULL
"5900","1320","81","2021-12-15 19:40:02","a:4:{i:198;s:14:""Secret Stolist"";i:199;s:10:""Lucky List"";i:200;s:14:""Secret Stolist"";i:201;s:14:""Secret Stolist"";}",NULL
"5889","1424","81","2021-12-15 19:36:22","a:4:{i:198;s:14:""Secret Stolist"";i:199;s:10:""Lucky List"";i:200;s:14:""Secret Stolist"";i:201;s:14:""Secret Stolist"";}",NULL
"5883","1053","81","2021-12-15 19:35:08","a:4:{i:198;s:10:""Lucky List"";i:199;s:10:""Lucky List"";i:200;s:14:""Secret Stolist"";i:201;s:10:""Lucky List"";}",NULL
"5879","1417","81","2021-12-15 19:34:32","a:4:{i:198;s:14:""Secret Stolist"";i:199;s:10:""Lucky List"";i:200;s:12:""Maçon-liste"";i:201;s:14:""Secret Stolist"";}",NULL
"5873","405","81","2021-12-15 19:33:00","a:4:{i:198;s:10:""Lucky List"";i:199;s:10:""Lucky List"";i:200;s:14:""Secret Stolist"";i:201;s:10:""Lucky List"";}",NULL
"5869","1595","81","2021-12-15 19:32:36","a:4:{i:198;s:10:""Lucky List"";i:199;s:10:""Lucky List"";i:200;s:14:""Secret Stolist"";i:201;s:10:""Lucky List"";}",NULL
"5867","1812","81","2021-12-15 19:32:24","a:4:{i:198;s:10:""Lucky List"";i:199;s:10:""Lucky List"";i:200;s:14:""Secret Stolist"";i:201;s:10:""Lucky List"";}",NULL
"5862","1883","81","2021-12-15 19:32:05","a:4:{i:198;s:10:""Lucky List"";i:199;s:10:""Lucky List"";i:200;s:12:""Maçon-liste"";i:201;s:10:""Lucky List"";}",NULL
"5853","1457","81","2021-12-15 19:30:41","a:4:{i:198;s:10:""Lucky List"";i:199;s:10:""Lucky List"";i:200;s:14:""Secret Stolist"";i:201;s:10:""Lucky List"";}",NULL
"5844","1769","81","2021-12-15 19:28:28","a:4:{i:198;s:14:""Secret Stolist"";i:199;s:12:""Maçon-liste"";i:200;s:14:""Secret Stolist"";i:201;s:14:""Secret Stolist"";}",NULL
"5840","1692","81","2021-12-15 19:27:30","a:4:{i:198;s:14:""Secret Stolist"";i:199;s:10:""Lucky List"";i:200;s:14:""Secret Stolist"";i:201;s:14:""Secret Stolist"";}",NULL
"5835","1739","81","2021-12-15 19:23:51","a:4:{i:198;s:14:""Secret Stolist"";i:199;s:10:""Lucky List"";i:200;s:14:""Secret Stolist"";i:201;s:14:""Secret Stolist"";}",NULL
"5833","1350","81","2021-12-15 19:23:29","a:4:{i:198;s:14:""Secret Stolist"";i:199;s:12:""Maçon-liste"";i:200;s:14:""Secret Stolist"";i:201;s:14:""Secret Stolist"";}",NULL
"5832","418","81","2021-12-15 19:23:23","a:4:{i:198;s:10:""Lucky List"";i:199;s:10:""Lucky List"";i:200;s:14:""Secret Stolist"";i:201;s:10:""Lucky List"";}",NULL
"5830","1464","81","2021-12-15 19:23:02","a:4:{i:198;s:10:""Lucky List"";i:199;s:10:""Lucky List"";i:200;s:14:""Secret Stolist"";i:201;s:10:""Lucky List"";}",NULL
"5828","550","81","2021-12-15 19:22:45","a:4:{i:198;s:10:""Lucky List"";i:199;s:10:""Lucky List"";i:200;s:14:""Secret Stolist"";i:201;s:10:""Lucky List"";}",NULL
"5820","935","81","2021-12-15 19:20:40","a:4:{i:198;s:14:""Secret Stolist"";i:199;s:10:""Lucky List"";i:200;s:14:""Secret Stolist"";i:201;s:14:""Secret Stolist"";}",NULL
"5818","1309","81","2021-12-15 19:20:21","a:4:{i:198;s:10:""Lucky List"";i:199;s:10:""Lucky List"";i:200;s:14:""Secret Stolist"";i:201;s:10:""Lucky List"";}",NULL
"5815","1345","81","2021-12-15 19:19:47","a:4:{i:198;s:14:""Secret Stolist"";i:199;s:10:""Lucky List"";i:200;s:14:""Secret Stolist"";i:201;s:14:""Secret Stolist"";}",NULL
"5805","1298","81","2021-12-15 19:18:48","a:4:{i:198;s:10:""Lucky List"";i:199;s:10:""Lucky List"";i:200;s:14:""Secret Stolist"";i:201;s:10:""Lucky List"";}",NULL
"5802","1555","81","2021-12-15 19:17:41","a:4:{i:198;s:10:""Lucky List"";i:199;s:10:""Lucky List"";i:200;s:14:""Secret Stolist"";i:201;s:10:""Lucky List"";}",NULL
"5796","1380","81","2021-12-15 19:16:44","a:4:{i:198;s:14:""Secret Stolist"";i:199;s:10:""Lucky List"";i:200;s:14:""Secret Stolist"";i:201;s:14:""Secret Stolist"";}",NULL
"5795","1878","81","2021-12-15 19:16:39","a:4:{i:198;s:10:""Lucky List"";i:199;s:10:""Lucky List"";i:200;s:12:""Maçon-liste"";i:201;s:10:""Lucky List"";}",NULL
"5789","1418","81","2021-12-15 19:15:11","a:4:{i:198;s:10:""Lucky List"";i:199;s:10:""Lucky List"";i:200;s:14:""Secret Stolist"";i:201;s:10:""Lucky List"";}",NULL
"5787","226","81","2021-12-15 19:14:35","a:4:{i:198;s:10:""Lucky List"";i:199;s:10:""Lucky List"";i:200;s:14:""Secret Stolist"";i:201;s:10:""Lucky List"";}",NULL
"5783","1727","81","2021-12-15 19:11:49","a:4:{i:198;s:10:""Lucky List"";i:199;s:10:""Lucky List"";i:200;s:14:""Secret Stolist"";i:201;s:10:""Lucky List"";}",NULL
"5780","1689","81","2021-12-15 19:11:19","a:4:{i:198;s:14:""Secret Stolist"";i:199;s:10:""Lucky List"";i:200;s:14:""Secret Stolist"";i:201;s:14:""Secret Stolist"";}",NULL
"5767","1823","81","2021-12-15 19:08:40","a:4:{i:198;s:10:""Lucky List"";i:199;s:10:""Lucky List"";i:200;s:14:""Secret Stolist"";i:201;s:10:""Lucky List"";}",NULL
"5757","1736","81","2021-12-15 19:06:18","a:4:{i:198;s:14:""Secret Stolist"";i:199;s:10:""Lucky List"";i:200;s:14:""Secret Stolist"";i:201;s:14:""Secret Stolist"";}",NULL
"5754","1734","81","2021-12-15 19:05:40","a:4:{i:198;s:14:""Secret Stolist"";i:199;s:12:""Maçon-liste"";i:200;s:14:""Secret Stolist"";i:201;s:14:""Secret Stolist"";}",NULL
"5746","1946","81","2021-12-15 19:03:58","a:4:{i:198;s:10:""Lucky List"";i:199;s:10:""Lucky List"";i:200;s:12:""Maçon-liste"";i:201;s:10:""Lucky List"";}",NULL
"5737","1738","81","2021-12-15 19:01:22","a:4:{i:198;s:14:""Secret Stolist"";i:199;s:10:""Lucky List"";i:200;s:14:""Secret Stolist"";i:201;s:14:""Secret Stolist"";}",NULL
"5731","1708","81","2021-12-15 19:00:21","a:4:{i:198;s:14:""Secret Stolist"";i:199;s:10:""Lucky List"";i:200;s:14:""Secret Stolist"";i:201;s:14:""Secret Stolist"";}",NULL
"5724","1395","81","2021-12-15 18:59:00","a:4:{i:198;s:14:""Secret Stolist"";i:199;s:10:""Lucky List"";i:200;s:14:""Secret Stolist"";i:201;s:14:""Secret Stolist"";}",NULL
"5721","1950","81","2021-12-15 18:58:12","a:4:{i:198;s:14:""Secret Stolist"";i:199;s:10:""Lucky List"";i:200;s:14:""Secret Stolist"";i:201;s:14:""Secret Stolist"";}",NULL
"5720","1310","81","2021-12-15 18:57:58","a:4:{i:198;s:10:""Lucky List"";i:199;s:10:""Lucky List"";i:200;s:14:""Secret Stolist"";i:201;s:10:""Lucky List"";}",NULL
"5715","1737","81","2021-12-15 18:57:05","a:4:{i:198;s:14:""Secret Stolist"";i:199;s:10:""Lucky List"";i:200;s:14:""Secret Stolist"";i:201;s:14:""Secret Stolist"";}",NULL
"5714","1488","81","2021-12-15 18:56:43","a:4:{i:198;s:14:""Secret Stolist"";i:199;s:12:""Maçon-liste"";i:200;s:14:""Secret Stolist"";i:201;s:14:""Secret Stolist"";}",NULL
"5713","1794","81","2021-12-15 18:56:42","a:4:{i:198;s:12:""Maçon-liste"";i:199;s:12:""Maçon-liste"";i:200;s:12:""Maçon-liste"";i:201;s:14:""Secret Stolist"";}",NULL
"5711","1924","81","2021-12-15 18:56:20","a:4:{i:198;s:14:""Secret Stolist"";i:199;s:10:""Lucky List"";i:200;s:14:""Secret Stolist"";i:201;s:14:""Secret Stolist"";}",NULL
"5700","1719","81","2021-12-15 18:54:41","a:4:{i:198;s:10:""Lucky List"";i:199;s:10:""Lucky List"";i:200;s:14:""Secret Stolist"";i:201;s:10:""Lucky List"";}",NULL
"5693","1913","81","2021-12-15 18:53:51","a:4:{i:198;s:10:""Lucky List"";i:199;s:10:""Lucky List"";i:200;s:14:""Secret Stolist"";i:201;s:10:""Lucky List"";}",NULL
"5684","1760","81","2021-12-15 18:53:23","a:4:{i:198;s:14:""Secret Stolist"";i:199;s:10:""Lucky List"";i:200;s:14:""Secret Stolist"";i:201;s:14:""Secret Stolist"";}",NULL
"5682","1716","81","2021-12-15 18:53:03","a:4:{i:198;s:14:""Secret Stolist"";i:199;s:10:""Lucky List"";i:200;s:14:""Secret Stolist"";i:201;s:14:""Secret Stolist"";}",NULL
"5681","1832","81","2021-12-15 18:52:58","a:4:{i:198;s:10:""Lucky List"";i:199;s:10:""Lucky List"";i:200;s:14:""Secret Stolist"";i:201;s:10:""Lucky List"";}",NULL
"5678","1748","81","2021-12-15 18:52:53","a:4:{i:198;s:14:""Secret Stolist"";i:199;s:10:""Lucky List"";i:200;s:14:""Secret Stolist"";i:201;s:14:""Secret Stolist"";}",NULL
"5675","1453","81","2021-12-15 18:52:40","a:4:{i:198;s:10:""Lucky List"";i:199;s:10:""Lucky List"";i:200;s:14:""Secret Stolist"";i:201;s:10:""Lucky List"";}",NULL
"5673","1505","81","2021-12-15 18:52:28","a:4:{i:198;s:14:""Secret Stolist"";i:199;s:10:""Lucky List"";i:200;s:14:""Secret Stolist"";i:201;s:14:""Secret Stolist"";}",NULL
"5663","1489","81","2021-12-15 18:51:49","a:4:{i:198;s:14:""Secret Stolist"";i:199;s:10:""Lucky List"";i:200;s:14:""Secret Stolist"";i:201;s:14:""Secret Stolist"";}",NULL
"5658","1428","81","2021-12-15 18:51:28","a:4:{i:198;s:10:""Lucky List"";i:199;s:10:""Lucky List"";i:200;s:14:""Secret Stolist"";i:201;s:10:""Lucky List"";}",NULL
"5657","1846","81","2021-12-15 18:51:07","a:4:{i:198;s:14:""Secret Stolist"";i:199;s:10:""Lucky List"";i:200;s:14:""Secret Stolist"";i:201;s:14:""Secret Stolist"";}",NULL
"5650","1926","81","2021-12-15 18:50:37","a:4:{i:198;s:14:""Secret Stolist"";i:199;s:12:""Maçon-liste"";i:200;s:14:""Secret Stolist"";i:201;s:14:""Secret Stolist"";}",NULL
"5651","1747","81","2021-12-15 18:50:37","a:4:{i:198;s:14:""Secret Stolist"";i:199;s:10:""Lucky List"";i:200;s:14:""Secret Stolist"";i:201;s:14:""Secret Stolist"";}",NULL
"5648","1783","81","2021-12-15 18:50:28","a:4:{i:198;s:10:""Lucky List"";i:199;s:10:""Lucky List"";i:200;s:14:""Secret Stolist"";i:201;s:10:""Lucky List"";}",NULL
"5642","1334","81","2021-12-15 18:50:10","a:4:{i:198;s:14:""Secret Stolist"";i:199;s:10:""Lucky List"";i:200;s:14:""Secret Stolist"";i:201;s:14:""Secret Stolist"";}",NULL
"5635","1335","81","2021-12-15 18:49:56","a:4:{i:198;s:10:""Lucky List"";i:199;s:10:""Lucky List"";i:200;s:14:""Secret Stolist"";i:201;s:10:""Lucky List"";}",NULL
"5633","1466","81","2021-12-15 18:49:55","a:4:{i:198;s:10:""Lucky List"";i:199;s:10:""Lucky List"";i:200;s:14:""Secret Stolist"";i:201;s:10:""Lucky List"";}",NULL
"5632","1816","81","2021-12-15 18:49:54","a:4:{i:198;s:14:""Secret Stolist"";i:199;s:10:""Lucky List"";i:200;s:14:""Secret Stolist"";i:201;s:14:""Secret Stolist"";}",NULL
"5631","1712","81","2021-12-15 18:49:53","a:4:{i:198;s:10:""Lucky List"";i:199;s:10:""Lucky List"";i:200;s:14:""Secret Stolist"";i:201;s:10:""Lucky List"";}",NULL
"5620","1746","81","2021-12-15 18:49:13","a:4:{i:198;s:14:""Secret Stolist"";i:199;s:10:""Lucky List"";i:200;s:14:""Secret Stolist"";i:201;s:14:""Secret Stolist"";}",NULL
"5619","1573","81","2021-12-15 18:49:09","a:4:{i:198;s:10:""Lucky List"";i:199;s:10:""Lucky List"";i:200;s:14:""Secret Stolist"";i:201;s:10:""Lucky List"";}",NULL
"5616","1691","81","2021-12-15 18:49:00","a:4:{i:198;s:14:""Secret Stolist"";i:199;s:10:""Lucky List"";i:200;s:14:""Secret Stolist"";i:201;s:14:""Secret Stolist"";}",NULL
"5610","1694","81","2021-12-15 18:48:33","a:4:{i:198;s:14:""Secret Stolist"";i:199;s:12:""Maçon-liste"";i:200;s:14:""Secret Stolist"";i:201;s:14:""Secret Stolist"";}",NULL
"5607","1393","81","2021-12-15 18:48:26","a:4:{i:198;s:10:""Lucky List"";i:199;s:10:""Lucky List"";i:200;s:14:""Secret Stolist"";i:201;s:10:""Lucky List"";}",NULL
"5599","1388","81","2021-12-15 18:48:04","a:4:{i:198;s:10:""Lucky List"";i:199;s:10:""Lucky List"";i:200;s:14:""Secret Stolist"";i:201;s:10:""Lucky List"";}",NULL
"5571","1713","81","2021-12-15 18:46:30","a:4:{i:198;s:14:""Secret Stolist"";i:199;s:12:""Maçon-liste"";i:200;s:14:""Secret Stolist"";i:201;s:14:""Secret Stolist"";}",NULL
"5570","367","81","2021-12-15 18:46:27","a:4:{i:198;s:10:""Lucky List"";i:199;s:10:""Lucky List"";i:200;s:14:""Secret Stolist"";i:201;s:10:""Lucky List"";}",NULL
"5561","1782","81","2021-12-15 18:45:12","a:4:{i:198;s:14:""Secret Stolist"";i:199;s:10:""Lucky List"";i:200;s:14:""Secret Stolist"";i:201;s:14:""Secret Stolist"";}",NULL
"5559","1838","81","2021-12-15 18:45:07","a:4:{i:198;s:14:""Secret Stolist"";i:199;s:10:""Lucky List"";i:200;s:14:""Secret Stolist"";i:201;s:14:""Secret Stolist"";}",NULL
"5549","1701","81","2021-12-15 18:44:20","a:4:{i:198;s:14:""Secret Stolist"";i:199;s:10:""Lucky List"";i:200;s:14:""Secret Stolist"";i:201;s:14:""Secret Stolist"";}",NULL
"5547","1340","81","2021-12-15 18:44:04","a:4:{i:198;s:10:""Lucky List"";i:199;s:10:""Lucky List"";i:200;s:14:""Secret Stolist"";i:201;s:10:""Lucky List"";}",NULL
"5545","1718","81","2021-12-15 18:43:52","a:4:{i:198;s:14:""Secret Stolist"";i:199;s:10:""Lucky List"";i:200;s:14:""Secret Stolist"";i:201;s:14:""Secret Stolist"";}",NULL
"5542","1490","81","2021-12-15 18:43:43","a:4:{i:198;s:10:""Lucky List"";i:199;s:10:""Lucky List"";i:200;s:14:""Secret Stolist"";i:201;s:10:""Lucky List"";}",NULL
"5540","233","81","2021-12-15 18:43:31","a:4:{i:198;s:10:""Lucky List"";i:199;s:10:""Lucky List"";i:200;s:14:""Secret Stolist"";i:201;s:10:""Lucky List"";}",NULL
"5535","1894","81","2021-12-15 18:43:20","a:4:{i:198;s:14:""Secret Stolist"";i:199;s:10:""Lucky List"";i:200;s:14:""Secret Stolist"";i:201;s:14:""Secret Stolist"";}",NULL
"5531","1306","81","2021-12-15 18:43:02","a:4:{i:198;s:10:""Lucky List"";i:199;s:10:""Lucky List"";i:200;s:14:""Secret Stolist"";i:201;s:10:""Lucky List"";}",NULL
"5527","1432","81","2021-12-15 18:42:11","a:4:{i:198;s:10:""Lucky List"";i:199;s:10:""Lucky List"";i:200;s:14:""Secret Stolist"";i:201;s:10:""Lucky List"";}",NULL
"5523","1744","81","2021-12-15 18:41:53","a:4:{i:198;s:14:""Secret Stolist"";i:199;s:10:""Lucky List"";i:200;s:14:""Secret Stolist"";i:201;s:14:""Secret Stolist"";}",NULL
"5519","1500","81","2021-12-15 18:41:33","a:4:{i:198;s:10:""Lucky List"";i:199;s:10:""Lucky List"";i:200;s:12:""Maçon-liste"";i:201;s:10:""Lucky List"";}",NULL
"5514","1873","81","2021-12-15 18:41:01","a:4:{i:198;s:14:""Secret Stolist"";i:199;s:10:""Lucky List"";i:200;s:14:""Secret Stolist"";i:201;s:14:""Secret Stolist"";}",NULL
"5512","1804","81","2021-12-15 18:40:45","a:4:{i:198;s:10:""Lucky List"";i:199;s:10:""Lucky List"";i:200;s:14:""Secret Stolist"";i:201;s:10:""Lucky List"";}",NULL
"5503","1888","81","2021-12-15 18:39:57","a:4:{i:198;s:14:""Secret Stolist"";i:199;s:10:""Lucky List"";i:200;s:14:""Secret Stolist"";i:201;s:14:""Secret Stolist"";}",NULL
"5504","1871","81","2021-12-15 18:39:57","a:4:{i:198;s:14:""Secret Stolist"";i:199;s:10:""Lucky List"";i:200;s:14:""Secret Stolist"";i:201;s:14:""Secret Stolist"";}",NULL
"5500","1841","81","2021-12-15 18:39:34","a:4:{i:198;s:14:""Secret Stolist"";i:199;s:10:""Lucky List"";i:200;s:14:""Secret Stolist"";i:201;s:14:""Secret Stolist"";}",NULL
"5489","1923","81","2021-12-15 18:38:07","a:4:{i:198;s:14:""Secret Stolist"";i:199;s:10:""Lucky List"";i:200;s:14:""Secret Stolist"";i:201;s:14:""Secret Stolist"";}",NULL
"5487","1943","81","2021-12-15 18:37:58","a:4:{i:198;s:10:""Lucky List"";i:199;s:10:""Lucky List"";i:200;s:14:""Secret Stolist"";i:201;s:10:""Lucky List"";}",NULL
"5484","1685","81","2021-12-15 18:37:54","a:4:{i:198;s:14:""Secret Stolist"";i:199;s:10:""Lucky List"";i:200;s:14:""Secret Stolist"";i:201;s:14:""Secret Stolist"";}",NULL
"5471","1797","81","2021-12-15 18:37:02","a:4:{i:198;s:14:""Secret Stolist"";i:199;s:10:""Lucky List"";i:200;s:14:""Secret Stolist"";i:201;s:14:""Secret Stolist"";}",NULL
"5470","1733","81","2021-12-15 18:37:01","a:4:{i:198;s:10:""Lucky List"";i:199;s:10:""Lucky List"";i:200;s:14:""Secret Stolist"";i:201;s:10:""Lucky List"";}",NULL
"5469","1954","81","2021-12-15 18:36:55","a:4:{i:198;s:10:""Lucky List"";i:199;s:10:""Lucky List"";i:200;s:14:""Secret Stolist"";i:201;s:10:""Lucky List"";}",NULL
"5453","1759","81","2021-12-15 18:35:03","a:4:{i:198;s:14:""Secret Stolist"";i:199;s:10:""Lucky List"";i:200;s:14:""Secret Stolist"";i:201;s:14:""Secret Stolist"";}",NULL
"5454","1416","81","2021-12-15 18:35:03","a:4:{i:198;s:14:""Secret Stolist"";i:199;s:10:""Lucky List"";i:200;s:14:""Secret Stolist"";i:201;s:14:""Secret Stolist"";}",NULL
"5452","1829","81","2021-12-15 18:34:58","a:4:{i:198;s:14:""Secret Stolist"";i:199;s:10:""Lucky List"";i:200;s:14:""Secret Stolist"";i:201;s:14:""Secret Stolist"";}",NULL
"5445","1858","81","2021-12-15 18:34:19","a:4:{i:198;s:10:""Lucky List"";i:199;s:10:""Lucky List"";i:200;s:14:""Secret Stolist"";i:201;s:10:""Lucky List"";}",NULL
"5441","1806","81","2021-12-15 18:33:31","a:4:{i:198;s:14:""Secret Stolist"";i:199;s:10:""Lucky List"";i:200;s:14:""Secret Stolist"";i:201;s:14:""Secret Stolist"";}",NULL
"5440","1439","81","2021-12-15 18:33:24","a:4:{i:198;s:14:""Secret Stolist"";i:199;s:10:""Lucky List"";i:200;s:14:""Secret Stolist"";i:201;s:14:""Secret Stolist"";}",NULL
"5436","1735","81","2021-12-15 18:33:11","a:4:{i:198;s:14:""Secret Stolist"";i:199;s:10:""Lucky List"";i:200;s:14:""Secret Stolist"";i:201;s:14:""Secret Stolist"";}",NULL
"5434","1785","81","2021-12-15 18:32:54","a:4:{i:198;s:14:""Secret Stolist"";i:199;s:10:""Lucky List"";i:200;s:14:""Secret Stolist"";i:201;s:14:""Secret Stolist"";}",NULL
"5418","1824","81","2021-12-15 18:30:26","a:4:{i:198;s:14:""Secret Stolist"";i:199;s:10:""Lucky List"";i:200;s:14:""Secret Stolist"";i:201;s:14:""Secret Stolist"";}",NULL
"5415","1882","81","2021-12-15 18:28:15","a:4:{i:198;s:14:""Secret Stolist"";i:199;s:10:""Lucky List"";i:200;s:14:""Secret Stolist"";i:201;s:14:""Secret Stolist"";}",NULL
"5414","1714","81","2021-12-15 18:27:56","a:4:{i:198;s:14:""Secret Stolist"";i:199;s:12:""Maçon-liste"";i:200;s:14:""Secret Stolist"";i:201;s:14:""Secret Stolist"";}",NULL
"5408","1902","81","2021-12-15 18:26:51","a:4:{i:198;s:10:""Lucky List"";i:199;s:10:""Lucky List"";i:200;s:14:""Secret Stolist"";i:201;s:10:""Lucky List"";}",NULL
"5400","1731","81","2021-12-15 18:26:01","a:4:{i:198;s:14:""Secret Stolist"";i:199;s:10:""Lucky List"";i:200;s:14:""Secret Stolist"";i:201;s:14:""Secret Stolist"";}",NULL
"5398","1690","81","2021-12-15 18:25:40","a:4:{i:198;s:14:""Secret Stolist"";i:199;s:10:""Lucky List"";i:200;s:14:""Secret Stolist"";i:201;s:14:""Secret Stolist"";}",NULL
"5397","1776","81","2021-12-15 18:25:30","a:4:{i:198;s:14:""Secret Stolist"";i:199;s:10:""Lucky List"";i:200;s:14:""Secret Stolist"";i:201;s:14:""Secret Stolist"";}",NULL
"5394","1383","81","2021-12-15 18:24:52","a:4:{i:198;s:14:""Secret Stolist"";i:199;s:10:""Lucky List"";i:200;s:14:""Secret Stolist"";i:201;s:14:""Secret Stolist"";}",NULL
"5389","1864","81","2021-12-15 18:24:12","a:4:{i:198;s:14:""Secret Stolist"";i:199;s:10:""Lucky List"";i:200;s:14:""Secret Stolist"";i:201;s:14:""Secret Stolist"";}",NULL
"5381","1798","81","2021-12-15 18:23:40","a:4:{i:198;s:10:""Lucky List"";i:199;s:10:""Lucky List"";i:200;s:14:""Secret Stolist"";i:201;s:10:""Lucky List"";}",NULL
"5376","1379","81","2021-12-15 18:23:26","a:4:{i:198;s:10:""Lucky List"";i:199;s:10:""Lucky List"";i:200;s:14:""Secret Stolist"";i:201;s:10:""Lucky List"";}",NULL
"5372","1810","81","2021-12-15 18:22:59","a:4:{i:198;s:10:""Lucky List"";i:199;s:10:""Lucky List"";i:200;s:12:""Maçon-liste"";i:201;s:10:""Lucky List"";}",NULL
"5359","1905","81","2021-12-15 18:21:00","a:4:{i:198;s:10:""Lucky List"";i:199;s:10:""Lucky List"";i:200;s:14:""Secret Stolist"";i:201;s:10:""Lucky List"";}",NULL
"5354","1715","81","2021-12-15 18:20:20","a:4:{i:198;s:14:""Secret Stolist"";i:199;s:10:""Lucky List"";i:200;s:14:""Secret Stolist"";i:201;s:14:""Secret Stolist"";}",NULL
"5353","1805","81","2021-12-15 18:20:19","a:4:{i:198;s:14:""Secret Stolist"";i:199;s:10:""Lucky List"";i:200;s:14:""Secret Stolist"";i:201;s:14:""Secret Stolist"";}",NULL
"5344","1865","81","2021-12-15 18:18:29","a:4:{i:198;s:14:""Secret Stolist"";i:199;s:12:""Maçon-liste"";i:200;s:14:""Secret Stolist"";i:201;s:14:""Secret Stolist"";}",NULL
"5342","1704","81","2021-12-15 18:18:16","a:4:{i:198;s:14:""Secret Stolist"";i:199;s:10:""Lucky List"";i:200;s:14:""Secret Stolist"";i:201;s:14:""Secret Stolist"";}",NULL
"5340","1910","81","2021-12-15 18:18:09","a:4:{i:198;s:14:""Secret Stolist"";i:199;s:10:""Lucky List"";i:200;s:14:""Secret Stolist"";i:201;s:14:""Secret Stolist"";}",NULL
"5338","1815","81","2021-12-15 18:18:00","a:4:{i:198;s:14:""Secret Stolist"";i:199;s:10:""Lucky List"";i:200;s:14:""Secret Stolist"";i:201;s:14:""Secret Stolist"";}",NULL
"5334","1828","81","2021-12-15 18:17:45","a:4:{i:198;s:14:""Secret Stolist"";i:199;s:10:""Lucky List"";i:200;s:14:""Secret Stolist"";i:201;s:14:""Secret Stolist"";}",NULL
"5329","1799","81","2021-12-15 18:17:23","a:4:{i:198;s:14:""Secret Stolist"";i:199;s:10:""Lucky List"";i:200;s:14:""Secret Stolist"";i:201;s:14:""Secret Stolist"";}",NULL
"5327","1955","81","2021-12-15 18:17:07","a:4:{i:198;s:14:""Secret Stolist"";i:199;s:10:""Lucky List"";i:200;s:14:""Secret Stolist"";i:201;s:14:""Secret Stolist"";}",NULL
"5326","1967","81","2021-12-15 18:17:00","a:4:{i:198;s:10:""Lucky List"";i:199;s:10:""Lucky List"";i:200;s:12:""Maçon-liste"";i:201;s:10:""Lucky List"";}",NULL
"5318","1839","81","2021-12-15 18:16:11","a:4:{i:198;s:14:""Secret Stolist"";i:199;s:12:""Maçon-liste"";i:200;s:14:""Secret Stolist"";i:201;s:14:""Secret Stolist"";}",NULL
"5317","1781","81","2021-12-15 18:16:07","a:4:{i:198;s:14:""Secret Stolist"";i:199;s:10:""Lucky List"";i:200;s:14:""Secret Stolist"";i:201;s:14:""Secret Stolist"";}",NULL
"5314","1802","81","2021-12-15 18:15:49","a:4:{i:198;s:14:""Secret Stolist"";i:199;s:10:""Lucky List"";i:200;s:14:""Secret Stolist"";i:201;s:14:""Secret Stolist"";}",NULL
"5306","1875","81","2021-12-15 18:15:00","a:4:{i:198;s:14:""Secret Stolist"";i:199;s:10:""Lucky List"";i:200;s:14:""Secret Stolist"";i:201;s:14:""Secret Stolist"";}",NULL
"5298","1411","81","2021-12-15 18:14:22","a:4:{i:198;s:10:""Lucky List"";i:199;s:10:""Lucky List"";i:200;s:14:""Secret Stolist"";i:201;s:10:""Lucky List"";}",NULL
"5296","1843","81","2021-12-15 18:14:08","a:4:{i:198;s:10:""Lucky List"";i:199;s:10:""Lucky List"";i:200;s:14:""Secret Stolist"";i:201;s:10:""Lucky List"";}",NULL
"5294","1886","81","2021-12-15 18:14:00","a:4:{i:198;s:14:""Secret Stolist"";i:199;s:12:""Maçon-liste"";i:200;s:14:""Secret Stolist"";i:201;s:14:""Secret Stolist"";}",NULL
"5292","1848","81","2021-12-15 18:13:53","a:4:{i:198;s:10:""Lucky List"";i:199;s:10:""Lucky List"";i:200;s:14:""Secret Stolist"";i:201;s:10:""Lucky List"";}",NULL
"5287","1826","81","2021-12-15 18:13:34","a:4:{i:198;s:14:""Secret Stolist"";i:199;s:10:""Lucky List"";i:200;s:14:""Secret Stolist"";i:201;s:14:""Secret Stolist"";}",NULL
"5284","1721","81","2021-12-15 18:13:16","a:4:{i:198;s:14:""Secret Stolist"";i:199;s:10:""Lucky List"";i:200;s:14:""Secret Stolist"";i:201;s:14:""Secret Stolist"";}",NULL
"5282","1964","81","2021-12-15 18:13:09","a:4:{i:198;s:10:""Lucky List"";i:199;s:10:""Lucky List"";i:200;s:14:""Secret Stolist"";i:201;s:10:""Lucky List"";}",NULL
"5277","1914","81","2021-12-15 18:12:49","a:4:{i:198;s:10:""Lucky List"";i:199;s:10:""Lucky List"";i:200;s:14:""Secret Stolist"";i:201;s:10:""Lucky List"";}",NULL
"5274","1935","81","2021-12-15 18:12:33","a:4:{i:198;s:14:""Secret Stolist"";i:199;s:12:""Maçon-liste"";i:200;s:14:""Secret Stolist"";i:201;s:14:""Secret Stolist"";}",NULL
"5271","1523","81","2021-12-15 18:11:52","a:4:{i:198;s:10:""Lucky List"";i:199;s:10:""Lucky List"";i:200;s:12:""Maçon-liste"";i:201;s:10:""Lucky List"";}",NULL
"5268","1766","81","2021-12-15 18:11:18","a:4:{i:198;s:14:""Secret Stolist"";i:199;s:10:""Lucky List"";i:200;s:14:""Secret Stolist"";i:201;s:14:""Secret Stolist"";}",NULL
"5263","1749","81","2021-12-15 18:10:56","a:4:{i:198;s:14:""Secret Stolist"";i:199;s:12:""Maçon-liste"";i:200;s:14:""Secret Stolist"";i:201;s:14:""Secret Stolist"";}",NULL
"5259","1699","81","2021-12-15 18:10:24","a:4:{i:198;s:10:""Lucky List"";i:199;s:10:""Lucky List"";i:200;s:14:""Secret Stolist"";i:201;s:10:""Lucky List"";}",NULL
"5258","1717","81","2021-12-15 18:10:18","a:4:{i:198;s:10:""Lucky List"";i:199;s:10:""Lucky List"";i:200;s:14:""Secret Stolist"";i:201;s:10:""Lucky List"";}",NULL
"5253","1686","81","2021-12-15 18:09:50","a:4:{i:198;s:14:""Secret Stolist"";i:199;s:10:""Lucky List"";i:200;s:14:""Secret Stolist"";i:201;s:14:""Secret Stolist"";}",NULL
"5244","1909","81","2021-12-15 18:08:35","a:4:{i:198;s:10:""Lucky List"";i:199;s:10:""Lucky List"";i:200;s:14:""Secret Stolist"";i:201;s:10:""Lucky List"";}",NULL
"5239","1742","81","2021-12-15 18:08:03","a:4:{i:198;s:10:""Lucky List"";i:199;s:10:""Lucky List"";i:200;s:14:""Secret Stolist"";i:201;s:10:""Lucky List"";}",NULL
"5238","1778","81","2021-12-15 18:07:59","a:4:{i:198;s:10:""Lucky List"";i:199;s:10:""Lucky List"";i:200;s:14:""Secret Stolist"";i:201;s:10:""Lucky List"";}",NULL
"5237","1819","81","2021-12-15 18:07:54","a:4:{i:198;s:14:""Secret Stolist"";i:199;s:10:""Lucky List"";i:200;s:14:""Secret Stolist"";i:201;s:14:""Secret Stolist"";}",NULL
"5229","1333","81","2021-12-15 18:07:26","a:4:{i:198;s:10:""Lucky List"";i:199;s:10:""Lucky List"";i:200;s:14:""Secret Stolist"";i:201;s:10:""Lucky List"";}",NULL
"5219","1938","81","2021-12-15 18:06:46","a:4:{i:198;s:10:""Lucky List"";i:199;s:10:""Lucky List"";i:200;s:14:""Secret Stolist"";i:201;s:10:""Lucky List"";}",NULL
"5215","1874","81","2021-12-15 18:06:24","a:4:{i:198;s:14:""Secret Stolist"";i:199;s:10:""Lucky List"";i:200;s:14:""Secret Stolist"";i:201;s:14:""Secret Stolist"";}",NULL
"5211","1772","81","2021-12-15 18:06:01","a:4:{i:198;s:14:""Secret Stolist"";i:199;s:12:""Maçon-liste"";i:200;s:14:""Secret Stolist"";i:201;s:14:""Secret Stolist"";}",NULL
"5209","1532","81","2021-12-15 18:05:59","a:4:{i:198;s:10:""Lucky List"";i:199;s:10:""Lucky List"";i:200;s:14:""Secret Stolist"";i:201;s:10:""Lucky List"";}",NULL
"5207","1720","81","2021-12-15 18:05:55","a:4:{i:198;s:10:""Lucky List"";i:199;s:10:""Lucky List"";i:200;s:14:""Secret Stolist"";i:201;s:10:""Lucky List"";}",NULL
"5206","1917","81","2021-12-15 18:05:54","a:4:{i:198;s:10:""Lucky List"";i:199;s:10:""Lucky List"";i:200;s:12:""Maçon-liste"";i:201;s:10:""Lucky List"";}",NULL
"5205","1921","81","2021-12-15 18:05:51","a:4:{i:198;s:10:""Lucky List"";i:199;s:10:""Lucky List"";i:200;s:14:""Secret Stolist"";i:201;s:10:""Lucky List"";}",NULL
"5201","1972","81","2021-12-15 18:05:13","a:4:{i:198;s:14:""Secret Stolist"";i:199;s:12:""Maçon-liste"";i:200;s:14:""Secret Stolist"";i:201;s:14:""Secret Stolist"";}",NULL
"5190","1849","81","2021-12-15 18:04:34","a:4:{i:198;s:10:""Lucky List"";i:199;s:10:""Lucky List"";i:200;s:14:""Secret Stolist"";i:201;s:10:""Lucky List"";}",NULL
"5189","1944","81","2021-12-15 18:04:32","a:4:{i:198;s:10:""Lucky List"";i:199;s:10:""Lucky List"";i:200;s:14:""Secret Stolist"";i:201;s:10:""Lucky List"";}",NULL
"5187","1863","81","2021-12-15 18:04:29","a:4:{i:198;s:10:""Lucky List"";i:199;s:10:""Lucky List"";i:200;s:14:""Secret Stolist"";i:201;s:10:""Lucky List"";}",NULL
"5186","1552","81","2021-12-15 18:04:14","a:4:{i:198;s:10:""Lucky List"";i:199;s:10:""Lucky List"";i:200;s:14:""Secret Stolist"";i:201;s:10:""Lucky List"";}",NULL
"5176","1580","81","2021-12-15 18:01:55","a:4:{i:198;s:10:""Lucky List"";i:199;s:10:""Lucky List"";i:200;s:14:""Secret Stolist"";i:201;s:10:""Lucky List"";}",NULL
"5173","1754","81","2021-12-15 18:01:42","a:4:{i:198;s:10:""Lucky List"";i:199;s:10:""Lucky List"";i:200;s:14:""Secret Stolist"";i:201;s:10:""Lucky List"";}",NULL
"5168","1903","81","2021-12-15 18:01:28","a:4:{i:198;s:10:""Lucky List"";i:199;s:10:""Lucky List"";i:200;s:14:""Secret Stolist"";i:201;s:10:""Lucky List"";}",NULL
"5167","1743","81","2021-12-15 18:01:25","a:4:{i:198;s:10:""Lucky List"";i:199;s:10:""Lucky List"";i:200;s:14:""Secret Stolist"";i:201;s:10:""Lucky List"";}",NULL
