"6806","1087","80","2021-12-16 14:57:39","a:4:{i:194;s:13:""Willist Wonka"";i:195;s:13:""Willist Wonka"";i:196;s:13:""Willist Wonka"";i:197;s:23:""Red Hot Chilist Peppers"";}",NULL
"6805","1300","80","2021-12-16 14:57:04","a:4:{i:194;s:13:""Willist Wonka"";i:195;s:13:""Willist Wonka"";i:196;s:13:""Willist Wonka"";i:197;s:23:""Red Hot Chilist Peppers"";}",NULL
"6804","1898","80","2021-12-16 14:56:21","a:4:{i:194;s:23:""Red Hot Chilist Peppers"";i:195;s:23:""Red Hot Chilist Peppers"";i:196;s:13:""Willist Wonka"";i:197;s:23:""Red Hot Chilist Peppers"";}",NULL
"6802","1443","80","2021-12-16 14:50:46","a:4:{i:194;s:13:""Interstellist"";i:195;s:23:""Red Hot Chilist Peppers"";i:196;s:13:""Interstellist"";i:197;s:13:""Interstellist"";}",NULL
"6798","966","80","2021-12-16 14:50:31","a:4:{i:194;s:23:""Red Hot Chilist Peppers"";i:195;s:13:""Willist Wonka"";i:196;s:13:""Willist Wonka"";i:197;s:23:""Red Hot Chilist Peppers"";}",NULL
"6793","1142","80","2021-12-16 14:49:23","a:4:{i:194;s:13:""Willist Wonka"";i:195;s:13:""Willist Wonka"";i:196;s:13:""Willist Wonka"";i:197;s:23:""Red Hot Chilist Peppers"";}",NULL
"6786","1980","80","2021-12-16 14:39:21","a:4:{i:194;s:23:""Red Hot Chilist Peppers"";i:195;s:23:""Red Hot Chilist Peppers"";i:196;s:13:""Interstellist"";i:197;s:23:""Red Hot Chilist Peppers"";}",NULL
"6780","1093","80","2021-12-16 14:35:22","a:4:{i:194;s:23:""Red Hot Chilist Peppers"";i:195;s:23:""Red Hot Chilist Peppers"";i:196;s:13:""Interstellist"";i:197;s:23:""Red Hot Chilist Peppers"";}",NULL
"6771","898","80","2021-12-16 14:32:15","a:4:{i:194;s:13:""Willist Wonka"";i:195;s:13:""Willist Wonka"";i:196;s:13:""Willist Wonka"";i:197;s:13:""Interstellist"";}",NULL
"6770","973","80","2021-12-16 14:32:14","a:4:{i:194;s:13:""Willist Wonka"";i:195;s:13:""Willist Wonka"";i:196;s:13:""Willist Wonka"";i:197;s:13:""Interstellist"";}",NULL
"6764","1514","80","2021-12-16 14:30:12","a:4:{i:194;s:23:""Red Hot Chilist Peppers"";i:195;s:23:""Red Hot Chilist Peppers"";i:196;s:13:""Interstellist"";i:197;s:23:""Red Hot Chilist Peppers"";}",NULL
"6756","1323","80","2021-12-16 14:24:57","a:4:{i:194;s:23:""Red Hot Chilist Peppers"";i:195;s:23:""Red Hot Chilist Peppers"";i:196;s:13:""Interstellist"";i:197;s:23:""Red Hot Chilist Peppers"";}",NULL
"6752","895","80","2021-12-16 14:22:16","a:4:{i:194;s:13:""Interstellist"";i:195;s:23:""Red Hot Chilist Peppers"";i:196;s:13:""Interstellist"";i:197;s:13:""Interstellist"";}",NULL
"6751","1815","80","2021-12-16 14:22:07","a:4:{i:194;s:23:""Red Hot Chilist Peppers"";i:195;s:23:""Red Hot Chilist Peppers"";i:196;s:13:""Willist Wonka"";i:197;s:23:""Red Hot Chilist Peppers"";}",NULL
"6750","349","80","2021-12-16 14:21:40","a:4:{i:194;s:13:""Interstellist"";i:195;s:13:""Willist Wonka"";i:196;s:13:""Interstellist"";i:197;s:13:""Interstellist"";}",NULL
"6744","1041","80","2021-12-16 14:18:30","a:4:{i:194;s:23:""Red Hot Chilist Peppers"";i:195;s:23:""Red Hot Chilist Peppers"";i:196;s:13:""Willist Wonka"";i:197;s:23:""Red Hot Chilist Peppers"";}",NULL
"6743","1002","80","2021-12-16 14:18:07","a:4:{i:194;s:13:""Interstellist"";i:195;s:23:""Red Hot Chilist Peppers"";i:196;s:13:""Interstellist"";i:197;s:13:""Interstellist"";}",NULL
"6741","1490","80","2021-12-16 14:13:28","a:4:{i:194;s:13:""Interstellist"";i:195;s:23:""Red Hot Chilist Peppers"";i:196;s:13:""Interstellist"";i:197;s:13:""Interstellist"";}",NULL
"6739","1487","80","2021-12-16 14:10:29","a:4:{i:194;s:23:""Red Hot Chilist Peppers"";i:195;s:23:""Red Hot Chilist Peppers"";i:196;s:13:""Interstellist"";i:197;s:23:""Red Hot Chilist Peppers"";}",NULL
"6731","915","80","2021-12-16 14:05:19","a:4:{i:194;s:23:""Red Hot Chilist Peppers"";i:195;s:23:""Red Hot Chilist Peppers"";i:196;s:13:""Interstellist"";i:197;s:23:""Red Hot Chilist Peppers"";}",NULL
"6729","1590","80","2021-12-16 14:04:33","a:4:{i:194;s:13:""Willist Wonka"";i:195;s:13:""Willist Wonka"";i:196;s:13:""Willist Wonka"";i:197;s:23:""Red Hot Chilist Peppers"";}",NULL
"6727","1446","80","2021-12-16 14:00:06","a:4:{i:194;s:13:""Interstellist"";i:195;s:23:""Red Hot Chilist Peppers"";i:196;s:13:""Interstellist"";i:197;s:13:""Interstellist"";}",NULL
"6726","1929","80","2021-12-16 13:59:57","a:4:{i:194;s:13:""Willist Wonka"";i:195;s:13:""Willist Wonka"";i:196;s:13:""Willist Wonka"";i:197;s:13:""Interstellist"";}",NULL
"6722","1327","80","2021-12-16 13:58:50","a:4:{i:194;s:13:""Interstellist"";i:195;s:23:""Red Hot Chilist Peppers"";i:196;s:13:""Interstellist"";i:197;s:13:""Interstellist"";}",NULL
"6719","1611","80","2021-12-16 13:55:58","a:4:{i:194;s:23:""Red Hot Chilist Peppers"";i:195;s:23:""Red Hot Chilist Peppers"";i:196;s:13:""Interstellist"";i:197;s:23:""Red Hot Chilist Peppers"";}",NULL
"6716","1592","80","2021-12-16 13:54:46","a:4:{i:194;s:23:""Red Hot Chilist Peppers"";i:195;s:23:""Red Hot Chilist Peppers"";i:196;s:13:""Interstellist"";i:197;s:23:""Red Hot Chilist Peppers"";}",NULL
"6709","1408","80","2021-12-16 13:47:07","a:4:{i:194;s:13:""Willist Wonka"";i:195;s:13:""Willist Wonka"";i:196;s:13:""Willist Wonka"";i:197;s:23:""Red Hot Chilist Peppers"";}",NULL
"6707","837","80","2021-12-16 13:45:41","a:4:{i:194;s:23:""Red Hot Chilist Peppers"";i:195;s:23:""Red Hot Chilist Peppers"";i:196;s:13:""Interstellist"";i:197;s:23:""Red Hot Chilist Peppers"";}",NULL
"6704","1423","80","2021-12-16 13:42:12","a:4:{i:194;s:13:""Interstellist"";i:195;s:23:""Red Hot Chilist Peppers"";i:196;s:13:""Interstellist"";i:197;s:13:""Interstellist"";}",NULL
"6702","975","80","2021-12-16 13:41:42","a:4:{i:194;s:13:""Interstellist"";i:195;s:13:""Willist Wonka"";i:196;s:13:""Interstellist"";i:197;s:13:""Interstellist"";}",NULL
"6696","1396","80","2021-12-16 13:39:47","a:4:{i:194;s:13:""Interstellist"";i:195;s:23:""Red Hot Chilist Peppers"";i:196;s:13:""Interstellist"";i:197;s:13:""Interstellist"";}",NULL
"6694","1296","80","2021-12-16 13:39:04","a:4:{i:194;s:13:""Interstellist"";i:195;s:23:""Red Hot Chilist Peppers"";i:196;s:13:""Interstellist"";i:197;s:13:""Interstellist"";}",NULL
"6688","353","80","2021-12-16 13:31:52","a:4:{i:194;s:13:""Willist Wonka"";i:195;s:13:""Willist Wonka"";i:196;s:13:""Willist Wonka"";i:197;s:23:""Red Hot Chilist Peppers"";}",NULL
"6684","1415","80","2021-12-16 13:27:14","a:4:{i:194;s:13:""Interstellist"";i:195;s:23:""Red Hot Chilist Peppers"";i:196;s:13:""Interstellist"";i:197;s:23:""Red Hot Chilist Peppers"";}",NULL
"6681","1558","80","2021-12-16 13:23:57","a:4:{i:194;s:13:""Interstellist"";i:195;s:13:""Willist Wonka"";i:196;s:13:""Interstellist"";i:197;s:13:""Interstellist"";}",NULL
"6672","1527","80","2021-12-16 13:19:19","a:4:{i:194;s:13:""Willist Wonka"";i:195;s:13:""Willist Wonka"";i:196;s:13:""Willist Wonka"";i:197;s:23:""Red Hot Chilist Peppers"";}",NULL
"6667","1407","80","2021-12-16 13:18:12","a:4:{i:194;s:13:""Interstellist"";i:195;s:23:""Red Hot Chilist Peppers"";i:196;s:13:""Interstellist"";i:197;s:13:""Interstellist"";}",NULL
"6658","942","80","2021-12-16 13:15:14","a:4:{i:194;s:13:""Interstellist"";i:195;s:23:""Red Hot Chilist Peppers"";i:196;s:13:""Interstellist"";i:197;s:13:""Interstellist"";}",NULL
"6657","1809","80","2021-12-16 13:14:45","a:4:{i:194;s:23:""Red Hot Chilist Peppers"";i:195;s:23:""Red Hot Chilist Peppers"";i:196;s:13:""Interstellist"";i:197;s:23:""Red Hot Chilist Peppers"";}",NULL
"6654","1341","80","2021-12-16 13:12:39","a:4:{i:194;s:13:""Interstellist"";i:195;s:23:""Red Hot Chilist Peppers"";i:196;s:13:""Interstellist"";i:197;s:13:""Interstellist"";}",NULL
"6652","1879","80","2021-12-16 13:11:44","a:4:{i:194;s:13:""Willist Wonka"";i:195;s:13:""Willist Wonka"";i:196;s:13:""Willist Wonka"";i:197;s:23:""Red Hot Chilist Peppers"";}",NULL
"6650","1452","80","2021-12-16 13:10:11","a:4:{i:194;s:13:""Interstellist"";i:195;s:13:""Willist Wonka"";i:196;s:13:""Interstellist"";i:197;s:13:""Interstellist"";}",NULL
"6635","354","80","2021-12-16 13:03:22","a:4:{i:194;s:23:""Red Hot Chilist Peppers"";i:195;s:23:""Red Hot Chilist Peppers"";i:196;s:13:""Interstellist"";i:197;s:23:""Red Hot Chilist Peppers"";}",NULL
"6631","1978","80","2021-12-16 12:59:36","a:4:{i:194;s:13:""Willist Wonka"";i:195;s:13:""Willist Wonka"";i:196;s:13:""Willist Wonka"";i:197;s:13:""Interstellist"";}",NULL
"6630","1004","80","2021-12-16 12:58:26","a:4:{i:194;s:13:""Interstellist"";i:195;s:13:""Willist Wonka"";i:196;s:13:""Interstellist"";i:197;s:13:""Interstellist"";}",NULL
"6618","1974","80","2021-12-16 12:44:36","a:4:{i:194;s:13:""Interstellist"";i:195;s:23:""Red Hot Chilist Peppers"";i:196;s:13:""Interstellist"";i:197;s:23:""Red Hot Chilist Peppers"";}",NULL
"6617","1373","80","2021-12-16 12:44:13","a:4:{i:194;s:23:""Red Hot Chilist Peppers"";i:195;s:23:""Red Hot Chilist Peppers"";i:196;s:13:""Interstellist"";i:197;s:23:""Red Hot Chilist Peppers"";}",NULL
"6613","1461","80","2021-12-16 12:40:24","a:4:{i:194;s:13:""Interstellist"";i:195;s:23:""Red Hot Chilist Peppers"";i:196;s:13:""Interstellist"";i:197;s:13:""Interstellist"";}",NULL
"6611","1434","80","2021-12-16 12:40:02","a:4:{i:194;s:23:""Red Hot Chilist Peppers"";i:195;s:23:""Red Hot Chilist Peppers"";i:196;s:13:""Interstellist"";i:197;s:23:""Red Hot Chilist Peppers"";}",NULL
"6605","1086","80","2021-12-16 12:36:58","a:4:{i:194;s:13:""Interstellist"";i:195;s:13:""Willist Wonka"";i:196;s:13:""Interstellist"";i:197;s:13:""Interstellist"";}",NULL
"6603","1483","80","2021-12-16 12:35:15","a:4:{i:194;s:23:""Red Hot Chilist Peppers"";i:195;s:23:""Red Hot Chilist Peppers"";i:196;s:13:""Interstellist"";i:197;s:23:""Red Hot Chilist Peppers"";}",NULL
"6600","1473","80","2021-12-16 12:34:39","a:4:{i:194;s:13:""Interstellist"";i:195;s:23:""Red Hot Chilist Peppers"";i:196;s:13:""Interstellist"";i:197;s:13:""Interstellist"";}",NULL
"6598","1931","80","2021-12-16 12:32:40","a:4:{i:194;s:13:""Interstellist"";i:195;s:23:""Red Hot Chilist Peppers"";i:196;s:13:""Interstellist"";i:197;s:13:""Interstellist"";}",NULL
"6594","1391","80","2021-12-16 12:26:02","a:4:{i:194;s:13:""Interstellist"";i:195;s:23:""Red Hot Chilist Peppers"";i:196;s:13:""Interstellist"";i:197;s:13:""Interstellist"";}",NULL
"6590","1723","80","2021-12-16 12:23:10","a:4:{i:194;s:13:""Interstellist"";i:195;s:23:""Red Hot Chilist Peppers"";i:196;s:13:""Interstellist"";i:197;s:13:""Interstellist"";}",NULL
"6589","1511","80","2021-12-16 12:19:48","a:4:{i:194;s:13:""Interstellist"";i:195;s:23:""Red Hot Chilist Peppers"";i:196;s:13:""Interstellist"";i:197;s:13:""Interstellist"";}",NULL
"6585","913","80","2021-12-16 12:10:24","a:4:{i:194;s:23:""Red Hot Chilist Peppers"";i:195;s:23:""Red Hot Chilist Peppers"";i:196;s:13:""Willist Wonka"";i:197;s:23:""Red Hot Chilist Peppers"";}",NULL
"6581","1421","80","2021-12-16 12:07:30","a:4:{i:194;s:13:""Interstellist"";i:195;s:23:""Red Hot Chilist Peppers"";i:196;s:13:""Interstellist"";i:197;s:13:""Interstellist"";}",NULL
"6572","998","80","2021-12-16 12:00:04","a:4:{i:194;s:13:""Interstellist"";i:195;s:23:""Red Hot Chilist Peppers"";i:196;s:13:""Interstellist"";i:197;s:13:""Interstellist"";}",NULL
"6573","1989","80","2021-12-16 12:00:04","a:4:{i:194;s:13:""Interstellist"";i:195;s:23:""Red Hot Chilist Peppers"";i:196;s:13:""Interstellist"";i:197;s:13:""Interstellist"";}",NULL
"6564","1868","80","2021-12-16 11:55:35","a:4:{i:194;s:13:""Interstellist"";i:195;s:23:""Red Hot Chilist Peppers"";i:196;s:13:""Interstellist"";i:197;s:13:""Interstellist"";}",NULL
"6557","1919","80","2021-12-16 11:50:55","a:4:{i:194;s:13:""Interstellist"";i:195;s:23:""Red Hot Chilist Peppers"";i:196;s:13:""Interstellist"";i:197;s:13:""Interstellist"";}",NULL
"6556","1410","80","2021-12-16 11:50:45","a:4:{i:194;s:13:""Interstellist"";i:195;s:23:""Red Hot Chilist Peppers"";i:196;s:13:""Interstellist"";i:197;s:13:""Interstellist"";}",NULL
"6552","1422","80","2021-12-16 11:36:47","a:4:{i:194;s:13:""Willist Wonka"";i:195;s:23:""Red Hot Chilist Peppers"";i:196;s:13:""Willist Wonka"";i:197;s:23:""Red Hot Chilist Peppers"";}",NULL
"6550","1522","80","2021-12-16 11:35:36","a:4:{i:194;s:23:""Red Hot Chilist Peppers"";i:195;s:23:""Red Hot Chilist Peppers"";i:196;s:13:""Interstellist"";i:197;s:23:""Red Hot Chilist Peppers"";}",NULL
"6542","1398","80","2021-12-16 11:22:51","a:4:{i:194;s:23:""Red Hot Chilist Peppers"";i:195;s:23:""Red Hot Chilist Peppers"";i:196;s:13:""Interstellist"";i:197;s:23:""Red Hot Chilist Peppers"";}",NULL
"6540","1492","80","2021-12-16 11:21:40","a:4:{i:194;s:23:""Red Hot Chilist Peppers"";i:195;s:23:""Red Hot Chilist Peppers"";i:196;s:13:""Interstellist"";i:197;s:23:""Red Hot Chilist Peppers"";}",NULL
"6532","1390","80","2021-12-16 11:19:50","a:4:{i:194;s:23:""Red Hot Chilist Peppers"";i:195;s:23:""Red Hot Chilist Peppers"";i:196;s:13:""Interstellist"";i:197;s:23:""Red Hot Chilist Peppers"";}",NULL
"6531","1313","80","2021-12-16 11:19:38","a:4:{i:194;s:23:""Red Hot Chilist Peppers"";i:195;s:23:""Red Hot Chilist Peppers"";i:196;s:13:""Interstellist"";i:197;s:23:""Red Hot Chilist Peppers"";}",NULL
"6529","1792","80","2021-12-16 11:16:53","a:4:{i:194;s:13:""Willist Wonka"";i:195;s:13:""Willist Wonka"";i:196;s:13:""Willist Wonka"";i:197;s:23:""Red Hot Chilist Peppers"";}",NULL
"6523","1049","80","2021-12-16 11:03:40","a:4:{i:194;s:23:""Red Hot Chilist Peppers"";i:195;s:23:""Red Hot Chilist Peppers"";i:196;s:13:""Interstellist"";i:197;s:23:""Red Hot Chilist Peppers"";}",NULL
"6518","1781","80","2021-12-16 11:02:29","a:4:{i:194;s:13:""Interstellist"";i:195;s:23:""Red Hot Chilist Peppers"";i:196;s:13:""Interstellist"";i:197;s:13:""Interstellist"";}",NULL
"6511","1091","80","2021-12-16 10:52:26","a:4:{i:194;s:13:""Interstellist"";i:195;s:23:""Red Hot Chilist Peppers"";i:196;s:13:""Interstellist"";i:197;s:13:""Interstellist"";}",NULL
"6503","1318","80","2021-12-16 10:48:16","a:4:{i:194;s:13:""Willist Wonka"";i:195;s:13:""Willist Wonka"";i:196;s:13:""Willist Wonka"";i:197;s:13:""Interstellist"";}",NULL
"6499","848","80","2021-12-16 10:46:09","a:4:{i:194;s:13:""Willist Wonka"";i:195;s:13:""Willist Wonka"";i:196;s:13:""Willist Wonka"";i:197;s:23:""Red Hot Chilist Peppers"";}",NULL
"6497","1447","80","2021-12-16 10:45:34","a:4:{i:194;s:13:""Willist Wonka"";i:195;s:23:""Red Hot Chilist Peppers"";i:196;s:13:""Willist Wonka"";i:197;s:23:""Red Hot Chilist Peppers"";}",NULL
"6493","1506","80","2021-12-16 10:43:27","a:4:{i:194;s:23:""Red Hot Chilist Peppers"";i:195;s:23:""Red Hot Chilist Peppers"";i:196;s:13:""Interstellist"";i:197;s:23:""Red Hot Chilist Peppers"";}",NULL
"6491","1103","80","2021-12-16 10:40:42","a:4:{i:194;s:23:""Red Hot Chilist Peppers"";i:195;s:23:""Red Hot Chilist Peppers"";i:196;s:13:""Interstellist"";i:197;s:23:""Red Hot Chilist Peppers"";}",NULL
"6486","1922","80","2021-12-16 10:37:41","a:4:{i:194;s:23:""Red Hot Chilist Peppers"";i:195;s:23:""Red Hot Chilist Peppers"";i:196;s:13:""Interstellist"";i:197;s:23:""Red Hot Chilist Peppers"";}",NULL
"6484","1842","80","2021-12-16 10:36:54","a:4:{i:194;s:13:""Interstellist"";i:195;s:23:""Red Hot Chilist Peppers"";i:196;s:13:""Interstellist"";i:197;s:13:""Interstellist"";}",NULL
"6475","1965","80","2021-12-16 10:25:51","a:4:{i:194;s:13:""Willist Wonka"";i:195;s:13:""Willist Wonka"";i:196;s:13:""Willist Wonka"";i:197;s:23:""Red Hot Chilist Peppers"";}",NULL
"6473","850","80","2021-12-16 10:25:05","a:4:{i:194;s:13:""Willist Wonka"";i:195;s:13:""Willist Wonka"";i:196;s:13:""Willist Wonka"";i:197;s:23:""Red Hot Chilist Peppers"";}",NULL
"6469","1521","80","2021-12-16 10:07:03","a:4:{i:194;s:23:""Red Hot Chilist Peppers"";i:195;s:23:""Red Hot Chilist Peppers"";i:196;s:13:""Interstellist"";i:197;s:23:""Red Hot Chilist Peppers"";}",NULL
"6466","1482","80","2021-12-16 10:06:22","a:4:{i:194;s:13:""Interstellist"";i:195;s:23:""Red Hot Chilist Peppers"";i:196;s:13:""Interstellist"";i:197;s:13:""Interstellist"";}",NULL
"6457","1419","80","2021-12-16 09:50:29","a:4:{i:194;s:13:""Interstellist"";i:195;s:23:""Red Hot Chilist Peppers"";i:196;s:13:""Interstellist"";i:197;s:13:""Interstellist"";}",NULL
"6452","1925","80","2021-12-16 09:46:14","a:4:{i:194;s:13:""Willist Wonka"";i:195;s:13:""Willist Wonka"";i:196;s:13:""Willist Wonka"";i:197;s:23:""Red Hot Chilist Peppers"";}",NULL
"6448","1325","80","2021-12-16 09:42:58","a:4:{i:194;s:13:""Interstellist"";i:195;s:23:""Red Hot Chilist Peppers"";i:196;s:13:""Interstellist"";i:197;s:13:""Interstellist"";}",NULL
"6442","960","80","2021-12-16 09:36:31","a:4:{i:194;s:23:""Red Hot Chilist Peppers"";i:195;s:23:""Red Hot Chilist Peppers"";i:196;s:13:""Willist Wonka"";i:197;s:23:""Red Hot Chilist Peppers"";}",NULL
"6440","1456","80","2021-12-16 09:35:43","a:4:{i:194;s:13:""Willist Wonka"";i:195;s:13:""Willist Wonka"";i:196;s:13:""Willist Wonka"";i:197;s:23:""Red Hot Chilist Peppers"";}",NULL
"6435","1346","80","2021-12-16 09:24:41","a:4:{i:194;s:13:""Interstellist"";i:195;s:23:""Red Hot Chilist Peppers"";i:196;s:13:""Interstellist"";i:197;s:13:""Interstellist"";}",NULL
"6426","1840","80","2021-12-16 09:10:11","a:4:{i:194;s:13:""Willist Wonka"";i:195;s:13:""Willist Wonka"";i:196;s:13:""Willist Wonka"";i:197;s:13:""Interstellist"";}",NULL
"6417","1470","80","2021-12-16 08:56:13","a:4:{i:194;s:23:""Red Hot Chilist Peppers"";i:195;s:23:""Red Hot Chilist Peppers"";i:196;s:13:""Interstellist"";i:197;s:23:""Red Hot Chilist Peppers"";}",NULL
"6414","892","80","2021-12-16 08:52:39","a:4:{i:194;s:23:""Red Hot Chilist Peppers"";i:195;s:23:""Red Hot Chilist Peppers"";i:196;s:13:""Interstellist"";i:197;s:23:""Red Hot Chilist Peppers"";}",NULL
"6408","1369","80","2021-12-16 08:45:16","a:4:{i:194;s:13:""Interstellist"";i:195;s:23:""Red Hot Chilist Peppers"";i:196;s:13:""Interstellist"";i:197;s:13:""Interstellist"";}",NULL
"6403","1343","80","2021-12-16 08:41:18","a:4:{i:194;s:23:""Red Hot Chilist Peppers"";i:195;s:23:""Red Hot Chilist Peppers"";i:196;s:13:""Willist Wonka"";i:197;s:23:""Red Hot Chilist Peppers"";}",NULL
"6402","1853","80","2021-12-16 08:40:57","a:4:{i:194;s:13:""Interstellist"";i:195;s:23:""Red Hot Chilist Peppers"";i:196;s:13:""Interstellist"";i:197;s:13:""Interstellist"";}",NULL
"6398","1027","80","2021-12-16 08:33:18","a:4:{i:194;s:23:""Red Hot Chilist Peppers"";i:195;s:23:""Red Hot Chilist Peppers"";i:196;s:13:""Interstellist"";i:197;s:23:""Red Hot Chilist Peppers"";}",NULL
"6396","1331","80","2021-12-16 08:32:27","a:4:{i:194;s:13:""Interstellist"";i:195;s:23:""Red Hot Chilist Peppers"";i:196;s:13:""Interstellist"";i:197;s:13:""Interstellist"";}",NULL
"6391","854","80","2021-12-16 08:23:00","a:4:{i:194;s:13:""Interstellist"";i:195;s:23:""Red Hot Chilist Peppers"";i:196;s:13:""Interstellist"";i:197;s:13:""Interstellist"";}",NULL
"6389","1344","80","2021-12-16 08:22:41","a:4:{i:194;s:13:""Willist Wonka"";i:195;s:23:""Red Hot Chilist Peppers"";i:196;s:13:""Interstellist"";i:197;s:23:""Red Hot Chilist Peppers"";}",NULL
"6387","532","80","2021-12-16 08:21:15","a:4:{i:194;s:13:""Interstellist"";i:195;s:13:""Willist Wonka"";i:196;s:13:""Interstellist"";i:197;s:13:""Interstellist"";}",NULL
"6382","1377","80","2021-12-16 08:01:27","a:4:{i:194;s:23:""Red Hot Chilist Peppers"";i:195;s:23:""Red Hot Chilist Peppers"";i:196;s:13:""Interstellist"";i:197;s:23:""Red Hot Chilist Peppers"";}",NULL
"6380","1817","80","2021-12-16 07:54:45","a:4:{i:194;s:13:""Willist Wonka"";i:195;s:13:""Willist Wonka"";i:196;s:13:""Willist Wonka"";i:197;s:13:""Interstellist"";}",NULL
"6377","834","80","2021-12-16 07:50:14","a:4:{i:194;s:13:""Interstellist"";i:195;s:13:""Willist Wonka"";i:196;s:13:""Interstellist"";i:197;s:13:""Interstellist"";}",NULL
"6376","930","80","2021-12-16 07:49:48","a:4:{i:194;s:13:""Interstellist"";i:195;s:23:""Red Hot Chilist Peppers"";i:196;s:13:""Interstellist"";i:197;s:13:""Interstellist"";}",NULL
"6373","1836","80","2021-12-16 07:49:07","a:4:{i:194;s:13:""Interstellist"";i:195;s:23:""Red Hot Chilist Peppers"";i:196;s:13:""Interstellist"";i:197;s:13:""Interstellist"";}",NULL
"6368","831","80","2021-12-16 07:41:33","a:4:{i:194;s:13:""Interstellist"";i:195;s:23:""Red Hot Chilist Peppers"";i:196;s:13:""Interstellist"";i:197;s:13:""Interstellist"";}",NULL
"6365","1541","80","2021-12-16 07:21:25","a:4:{i:194;s:13:""Willist Wonka"";i:195;s:13:""Willist Wonka"";i:196;s:13:""Willist Wonka"";i:197;s:23:""Red Hot Chilist Peppers"";}",NULL
"6357","1920","80","2021-12-16 02:32:14","a:4:{i:194;s:23:""Red Hot Chilist Peppers"";i:195;s:23:""Red Hot Chilist Peppers"";i:196;s:13:""Interstellist"";i:197;s:23:""Red Hot Chilist Peppers"";}",NULL
"6352","1403","80","2021-12-16 01:48:51","a:4:{i:194;s:23:""Red Hot Chilist Peppers"";i:195;s:23:""Red Hot Chilist Peppers"";i:196;s:13:""Interstellist"";i:197;s:23:""Red Hot Chilist Peppers"";}",NULL
"6350","1496","80","2021-12-16 00:59:01","a:4:{i:194;s:23:""Red Hot Chilist Peppers"";i:195;s:23:""Red Hot Chilist Peppers"";i:196;s:13:""Interstellist"";i:197;s:23:""Red Hot Chilist Peppers"";}",NULL
"6345","1756","80","2021-12-16 00:41:14","a:4:{i:194;s:13:""Interstellist"";i:195;s:23:""Red Hot Chilist Peppers"";i:196;s:13:""Interstellist"";i:197;s:13:""Interstellist"";}",NULL
"6342","1485","80","2021-12-16 00:33:15","a:4:{i:194;s:23:""Red Hot Chilist Peppers"";i:195;s:23:""Red Hot Chilist Peppers"";i:196;s:13:""Willist Wonka"";i:197;s:23:""Red Hot Chilist Peppers"";}",NULL
"6335","1884","80","2021-12-16 00:25:29","a:4:{i:194;s:13:""Willist Wonka"";i:195;s:13:""Willist Wonka"";i:196;s:13:""Willist Wonka"";i:197;s:23:""Red Hot Chilist Peppers"";}",NULL
"6332","1709","80","2021-12-16 00:20:54","a:4:{i:194;s:23:""Red Hot Chilist Peppers"";i:195;s:23:""Red Hot Chilist Peppers"";i:196;s:13:""Willist Wonka"";i:197;s:23:""Red Hot Chilist Peppers"";}",NULL
"6327","1381","80","2021-12-15 23:58:02","a:4:{i:194;s:23:""Red Hot Chilist Peppers"";i:195;s:23:""Red Hot Chilist Peppers"";i:196;s:13:""Willist Wonka"";i:197;s:23:""Red Hot Chilist Peppers"";}",NULL
"6322","1339","80","2021-12-15 23:53:17","a:4:{i:194;s:13:""Interstellist"";i:195;s:23:""Red Hot Chilist Peppers"";i:196;s:13:""Interstellist"";i:197;s:13:""Interstellist"";}",NULL
"6315","1856","80","2021-12-15 23:45:26","a:4:{i:194;s:13:""Willist Wonka"";i:195;s:13:""Willist Wonka"";i:196;s:13:""Willist Wonka"";i:197;s:13:""Interstellist"";}",NULL
"6314","839","80","2021-12-15 23:44:30","a:4:{i:194;s:23:""Red Hot Chilist Peppers"";i:195;s:23:""Red Hot Chilist Peppers"";i:196;s:13:""Interstellist"";i:197;s:23:""Red Hot Chilist Peppers"";}",NULL
"6307","1326","80","2021-12-15 23:34:31","a:4:{i:194;s:23:""Red Hot Chilist Peppers"";i:195;s:23:""Red Hot Chilist Peppers"";i:196;s:13:""Interstellist"";i:197;s:23:""Red Hot Chilist Peppers"";}",NULL
"6301","1387","80","2021-12-15 23:31:34","a:4:{i:194;s:13:""Interstellist"";i:195;s:23:""Red Hot Chilist Peppers"";i:196;s:13:""Interstellist"";i:197;s:13:""Interstellist"";}",NULL
"6298","1048","80","2021-12-15 23:26:48","a:4:{i:194;s:13:""Interstellist"";i:195;s:23:""Red Hot Chilist Peppers"";i:196;s:13:""Interstellist"";i:197;s:13:""Interstellist"";}",NULL
"6275","1996","80","2021-12-15 23:07:36","a:4:{i:194;s:13:""Interstellist"";i:195;s:23:""Red Hot Chilist Peppers"";i:196;s:13:""Interstellist"";i:197;s:13:""Interstellist"";}",NULL
"6270","1880","80","2021-12-15 23:01:18","a:4:{i:194;s:13:""Interstellist"";i:195;s:23:""Red Hot Chilist Peppers"";i:196;s:13:""Interstellist"";i:197;s:13:""Interstellist"";}",NULL
"6262","1762","80","2021-12-15 22:59:37","a:4:{i:194;s:23:""Red Hot Chilist Peppers"";i:195;s:23:""Red Hot Chilist Peppers"";i:196;s:13:""Willist Wonka"";i:197;s:23:""Red Hot Chilist Peppers"";}",NULL
"6254","924","80","2021-12-15 22:45:49","a:4:{i:194;s:13:""Interstellist"";i:195;s:23:""Red Hot Chilist Peppers"";i:196;s:13:""Interstellist"";i:197;s:13:""Interstellist"";}",NULL
"6251","828","80","2021-12-15 22:41:41","a:4:{i:194;s:13:""Interstellist"";i:195;s:23:""Red Hot Chilist Peppers"";i:196;s:13:""Interstellist"";i:197;s:13:""Interstellist"";}",NULL
"6249","1319","80","2021-12-15 22:39:54","a:4:{i:194;s:13:""Interstellist"";i:195;s:23:""Red Hot Chilist Peppers"";i:196;s:13:""Interstellist"";i:197;s:13:""Interstellist"";}",NULL
"6243","882","80","2021-12-15 22:37:00","a:4:{i:194;s:13:""Interstellist"";i:195;s:23:""Red Hot Chilist Peppers"";i:196;s:13:""Interstellist"";i:197;s:13:""Interstellist"";}",NULL
"6233","1301","80","2021-12-15 22:28:55","a:4:{i:194;s:13:""Interstellist"";i:195;s:23:""Red Hot Chilist Peppers"";i:196;s:13:""Interstellist"";i:197;s:13:""Interstellist"";}",NULL
"6222","1605","80","2021-12-15 22:12:01","a:4:{i:194;s:13:""Interstellist"";i:195;s:23:""Red Hot Chilist Peppers"";i:196;s:13:""Interstellist"";i:197;s:13:""Interstellist"";}",NULL
"6217","1055","80","2021-12-15 22:09:00","a:4:{i:194;s:13:""Interstellist"";i:195;s:23:""Red Hot Chilist Peppers"";i:196;s:13:""Interstellist"";i:197;s:13:""Interstellist"";}",NULL
"6215","1769","80","2021-12-15 22:04:38","a:4:{i:194;s:13:""Interstellist"";i:195;s:23:""Red Hot Chilist Peppers"";i:196;s:13:""Interstellist"";i:197;s:13:""Interstellist"";}",NULL
"6210","1581","80","2021-12-15 21:59:03","a:4:{i:194;s:23:""Red Hot Chilist Peppers"";i:195;s:23:""Red Hot Chilist Peppers"";i:196;s:13:""Willist Wonka"";i:197;s:23:""Red Hot Chilist Peppers"";}",NULL
"6205","1867","80","2021-12-15 21:55:37","a:4:{i:194;s:13:""Interstellist"";i:195;s:23:""Red Hot Chilist Peppers"";i:196;s:13:""Interstellist"";i:197;s:13:""Interstellist"";}",NULL
"6201","1109","80","2021-12-15 21:51:36","a:4:{i:194;s:23:""Red Hot Chilist Peppers"";i:195;s:23:""Red Hot Chilist Peppers"";i:196;s:13:""Willist Wonka"";i:197;s:23:""Red Hot Chilist Peppers"";}",NULL
"6195","202","80","2021-12-15 21:49:29","a:4:{i:194;s:13:""Interstellist"";i:195;s:13:""Willist Wonka"";i:196;s:13:""Interstellist"";i:197;s:13:""Interstellist"";}",NULL
"6192","1005","80","2021-12-15 21:48:22","a:4:{i:194;s:23:""Red Hot Chilist Peppers"";i:195;s:23:""Red Hot Chilist Peppers"";i:196;s:13:""Interstellist"";i:197;s:23:""Red Hot Chilist Peppers"";}",NULL
"6181","346","80","2021-12-15 21:39:42","a:4:{i:194;s:13:""Willist Wonka"";i:195;s:13:""Willist Wonka"";i:196;s:13:""Willist Wonka"";i:197;s:23:""Red Hot Chilist Peppers"";}",NULL
"6170","1753","80","2021-12-15 21:30:53","a:4:{i:194;s:23:""Red Hot Chilist Peppers"";i:195;s:23:""Red Hot Chilist Peppers"";i:196;s:13:""Interstellist"";i:197;s:23:""Red Hot Chilist Peppers"";}",NULL
"6166","948","80","2021-12-15 21:27:12","a:4:{i:194;s:23:""Red Hot Chilist Peppers"";i:195;s:23:""Red Hot Chilist Peppers"";i:196;s:13:""Interstellist"";i:197;s:23:""Red Hot Chilist Peppers"";}",NULL
"6144","1368","80","2021-12-15 21:19:03","a:4:{i:194;s:23:""Red Hot Chilist Peppers"";i:195;s:23:""Red Hot Chilist Peppers"";i:196;s:13:""Interstellist"";i:197;s:23:""Red Hot Chilist Peppers"";}",NULL
"6142","1509","80","2021-12-15 21:17:45","a:4:{i:194;s:23:""Red Hot Chilist Peppers"";i:195;s:23:""Red Hot Chilist Peppers"";i:196;s:13:""Interstellist"";i:197;s:23:""Red Hot Chilist Peppers"";}",NULL
"6136","1480","80","2021-12-15 21:15:02","a:4:{i:194;s:13:""Interstellist"";i:195;s:23:""Red Hot Chilist Peppers"";i:196;s:13:""Interstellist"";i:197;s:13:""Interstellist"";}",NULL
"6126","1465","80","2021-12-15 21:10:11","a:4:{i:194;s:13:""Interstellist"";i:195;s:23:""Red Hot Chilist Peppers"";i:196;s:13:""Interstellist"";i:197;s:13:""Interstellist"";}",NULL
"6123","1378","80","2021-12-15 21:09:55","a:4:{i:194;s:23:""Red Hot Chilist Peppers"";i:195;s:23:""Red Hot Chilist Peppers"";i:196;s:13:""Interstellist"";i:197;s:23:""Red Hot Chilist Peppers"";}",NULL
"6115","857","80","2021-12-15 21:06:40","a:4:{i:194;s:23:""Red Hot Chilist Peppers"";i:195;s:13:""Willist Wonka"";i:196;s:13:""Willist Wonka"";i:197;s:23:""Red Hot Chilist Peppers"";}",NULL
"6094","1850","80","2021-12-15 20:56:57","a:4:{i:194;s:13:""Interstellist"";i:195;s:23:""Red Hot Chilist Peppers"";i:196;s:13:""Interstellist"";i:197;s:13:""Interstellist"";}",NULL
"6090","1546","80","2021-12-15 20:55:56","a:4:{i:194;s:23:""Red Hot Chilist Peppers"";i:195;s:23:""Red Hot Chilist Peppers"";i:196;s:13:""Interstellist"";i:197;s:23:""Red Hot Chilist Peppers"";}",NULL
"6087","1724","80","2021-12-15 20:54:31","a:4:{i:194;s:13:""Interstellist"";i:195;s:23:""Red Hot Chilist Peppers"";i:196;s:13:""Interstellist"";i:197;s:13:""Interstellist"";}",NULL
"6085","1763","80","2021-12-15 20:53:23","a:4:{i:194;s:13:""Interstellist"";i:195;s:23:""Red Hot Chilist Peppers"";i:196;s:13:""Interstellist"";i:197;s:13:""Interstellist"";}",NULL
"6076","1458","80","2021-12-15 20:51:14","a:4:{i:194;s:23:""Red Hot Chilist Peppers"";i:195;s:23:""Red Hot Chilist Peppers"";i:196;s:13:""Interstellist"";i:197;s:23:""Red Hot Chilist Peppers"";}",NULL
"6072","1982","80","2021-12-15 20:49:52","a:4:{i:194;s:13:""Willist Wonka"";i:195;s:23:""Red Hot Chilist Peppers"";i:196;s:13:""Willist Wonka"";i:197;s:23:""Red Hot Chilist Peppers"";}",NULL
"6071","1827","80","2021-12-15 20:49:46","a:4:{i:194;s:13:""Interstellist"";i:195;s:23:""Red Hot Chilist Peppers"";i:196;s:13:""Interstellist"";i:197;s:13:""Interstellist"";}",NULL
"6066","967","80","2021-12-15 20:47:10","a:4:{i:194;s:13:""Willist Wonka"";i:195;s:13:""Willist Wonka"";i:196;s:13:""Willist Wonka"";i:197;s:23:""Red Hot Chilist Peppers"";}",NULL
"6065","1308","80","2021-12-15 20:46:57","a:4:{i:194;s:13:""Interstellist"";i:195;s:23:""Red Hot Chilist Peppers"";i:196;s:13:""Interstellist"";i:197;s:13:""Interstellist"";}",NULL
"6061","1780","80","2021-12-15 20:45:36","a:4:{i:194;s:13:""Interstellist"";i:195;s:23:""Red Hot Chilist Peppers"";i:196;s:13:""Interstellist"";i:197;s:13:""Interstellist"";}",NULL
"6059","1539","80","2021-12-15 20:45:12","a:4:{i:194;s:23:""Red Hot Chilist Peppers"";i:195;s:23:""Red Hot Chilist Peppers"";i:196;s:13:""Interstellist"";i:197;s:23:""Red Hot Chilist Peppers"";}",NULL
"6058","487","80","2021-12-15 20:44:46","a:4:{i:194;s:13:""Interstellist"";i:195;s:23:""Red Hot Chilist Peppers"";i:196;s:13:""Interstellist"";i:197;s:13:""Interstellist"";}",NULL
"6054","894","80","2021-12-15 20:40:03","a:4:{i:194;s:23:""Red Hot Chilist Peppers"";i:195;s:23:""Red Hot Chilist Peppers"";i:196;s:13:""Willist Wonka"";i:197;s:23:""Red Hot Chilist Peppers"";}",NULL
"6051","1316","80","2021-12-15 20:38:38","a:4:{i:194;s:13:""Interstellist"";i:195;s:23:""Red Hot Chilist Peppers"";i:196;s:13:""Interstellist"";i:197;s:13:""Interstellist"";}",NULL
"6050","1787","80","2021-12-15 20:38:25","a:4:{i:194;s:23:""Red Hot Chilist Peppers"";i:195;s:23:""Red Hot Chilist Peppers"";i:196;s:13:""Interstellist"";i:197;s:23:""Red Hot Chilist Peppers"";}",NULL
"6037","1741","80","2021-12-15 20:33:56","a:4:{i:194;s:13:""Interstellist"";i:195;s:23:""Red Hot Chilist Peppers"";i:196;s:13:""Interstellist"";i:197;s:13:""Interstellist"";}",NULL
"6036","1869","80","2021-12-15 20:33:44","a:4:{i:194;s:13:""Interstellist"";i:195;s:23:""Red Hot Chilist Peppers"";i:196;s:13:""Interstellist"";i:197;s:13:""Interstellist"";}",NULL
"6030","1862","80","2021-12-15 20:31:39","a:4:{i:194;s:13:""Willist Wonka"";i:195;s:13:""Willist Wonka"";i:196;s:13:""Willist Wonka"";i:197;s:23:""Red Hot Chilist Peppers"";}",NULL
"6024","1851","80","2021-12-15 20:28:32","a:4:{i:194;s:13:""Interstellist"";i:195;s:23:""Red Hot Chilist Peppers"";i:196;s:13:""Interstellist"";i:197;s:13:""Interstellist"";}",NULL
"6022","1092","80","2021-12-15 20:27:36","a:4:{i:194;s:23:""Red Hot Chilist Peppers"";i:195;s:23:""Red Hot Chilist Peppers"";i:196;s:13:""Interstellist"";i:197;s:23:""Red Hot Chilist Peppers"";}",NULL
"6018","1043","80","2021-12-15 20:26:48","a:4:{i:194;s:23:""Red Hot Chilist Peppers"";i:195;s:23:""Red Hot Chilist Peppers"";i:196;s:13:""Willist Wonka"";i:197;s:23:""Red Hot Chilist Peppers"";}",NULL
"6016","869","80","2021-12-15 20:26:15","a:4:{i:194;s:23:""Red Hot Chilist Peppers"";i:195;s:23:""Red Hot Chilist Peppers"";i:196;s:13:""Interstellist"";i:197;s:23:""Red Hot Chilist Peppers"";}",NULL
"6008","821","80","2021-12-15 20:21:54","a:4:{i:194;s:23:""Red Hot Chilist Peppers"";i:195;s:23:""Red Hot Chilist Peppers"";i:196;s:13:""Interstellist"";i:197;s:23:""Red Hot Chilist Peppers"";}",NULL
"6005","1056","80","2021-12-15 20:20:41","a:4:{i:194;s:13:""Willist Wonka"";i:195;s:13:""Willist Wonka"";i:196;s:13:""Willist Wonka"";i:197;s:23:""Red Hot Chilist Peppers"";}",NULL
"5998","1530","80","2021-12-15 20:14:53","a:4:{i:194;s:13:""Interstellist"";i:195;s:23:""Red Hot Chilist Peppers"";i:196;s:13:""Interstellist"";i:197;s:13:""Interstellist"";}",NULL
"5997","1897","80","2021-12-15 20:14:22","a:4:{i:194;s:13:""Willist Wonka"";i:195;s:13:""Willist Wonka"";i:196;s:13:""Willist Wonka"";i:197;s:23:""Red Hot Chilist Peppers"";}",NULL
"5988","1292","80","2021-12-15 20:12:07","a:4:{i:194;s:13:""Willist Wonka"";i:195;s:13:""Willist Wonka"";i:196;s:13:""Willist Wonka"";i:197;s:13:""Interstellist"";}",NULL
"5983","293","80","2021-12-15 20:09:41","a:4:{i:194;s:23:""Red Hot Chilist Peppers"";i:195;s:23:""Red Hot Chilist Peppers"";i:196;s:13:""Interstellist"";i:197;s:23:""Red Hot Chilist Peppers"";}",NULL
"5981","1614","80","2021-12-15 20:09:12","a:4:{i:194;s:13:""Willist Wonka"";i:195;s:13:""Willist Wonka"";i:196;s:13:""Willist Wonka"";i:197;s:13:""Interstellist"";}",NULL
"5973","1324","80","2021-12-15 20:08:09","a:4:{i:194;s:13:""Interstellist"";i:195;s:23:""Red Hot Chilist Peppers"";i:196;s:13:""Interstellist"";i:197;s:13:""Interstellist"";}",NULL
"5967","1771","80","2021-12-15 20:06:00","a:4:{i:194;s:23:""Red Hot Chilist Peppers"";i:195;s:23:""Red Hot Chilist Peppers"";i:196;s:13:""Interstellist"";i:197;s:23:""Red Hot Chilist Peppers"";}",NULL
"5966","1941","80","2021-12-15 20:05:40","a:4:{i:194;s:13:""Willist Wonka"";i:195;s:13:""Willist Wonka"";i:196;s:13:""Willist Wonka"";i:197;s:23:""Red Hot Chilist Peppers"";}",NULL
"5960","1353","80","2021-12-15 20:03:52","a:4:{i:194;s:13:""Interstellist"";i:195;s:13:""Willist Wonka"";i:196;s:13:""Interstellist"";i:197;s:13:""Interstellist"";}",NULL
"5954","1549","80","2021-12-15 20:02:27","a:4:{i:194;s:13:""Interstellist"";i:195;s:23:""Red Hot Chilist Peppers"";i:196;s:13:""Interstellist"";i:197;s:13:""Interstellist"";}",NULL
"5943","1768","80","2021-12-15 19:55:17","a:4:{i:194;s:23:""Red Hot Chilist Peppers"";i:195;s:23:""Red Hot Chilist Peppers"";i:196;s:13:""Willist Wonka"";i:197;s:23:""Red Hot Chilist Peppers"";}",NULL
"5937","1348","80","2021-12-15 19:52:42","a:4:{i:194;s:23:""Red Hot Chilist Peppers"";i:195;s:23:""Red Hot Chilist Peppers"";i:196;s:13:""Interstellist"";i:197;s:23:""Red Hot Chilist Peppers"";}",NULL
"5932","1602","80","2021-12-15 19:49:10","a:4:{i:194;s:23:""Red Hot Chilist Peppers"";i:195;s:23:""Red Hot Chilist Peppers"";i:196;s:13:""Willist Wonka"";i:197;s:23:""Red Hot Chilist Peppers"";}",NULL
"5928","956","80","2021-12-15 19:47:44","a:4:{i:194;s:13:""Interstellist"";i:195;s:23:""Red Hot Chilist Peppers"";i:196;s:13:""Interstellist"";i:197;s:13:""Interstellist"";}",NULL
"5922","341","80","2021-12-15 19:44:59","a:4:{i:194;s:13:""Willist Wonka"";i:195;s:13:""Willist Wonka"";i:196;s:13:""Willist Wonka"";i:197;s:23:""Red Hot Chilist Peppers"";}",NULL
"5913","1705","80","2021-12-15 19:43:43","a:4:{i:194;s:13:""Interstellist"";i:195;s:23:""Red Hot Chilist Peppers"";i:196;s:13:""Interstellist"";i:197;s:13:""Interstellist"";}",NULL
"5908","1540","80","2021-12-15 19:42:52","a:4:{i:194;s:23:""Red Hot Chilist Peppers"";i:195;s:23:""Red Hot Chilist Peppers"";i:196;s:13:""Willist Wonka"";i:197;s:23:""Red Hot Chilist Peppers"";}",NULL
"5907","1860","80","2021-12-15 19:42:50","a:4:{i:194;s:13:""Interstellist"";i:195;s:23:""Red Hot Chilist Peppers"";i:196;s:13:""Interstellist"";i:197;s:13:""Interstellist"";}",NULL
"5901","1033","80","2021-12-15 19:40:28","a:4:{i:194;s:13:""Interstellist"";i:195;s:23:""Red Hot Chilist Peppers"";i:196;s:13:""Interstellist"";i:197;s:13:""Interstellist"";}",NULL
"5898","1320","80","2021-12-15 19:39:26","a:4:{i:194;s:23:""Red Hot Chilist Peppers"";i:195;s:23:""Red Hot Chilist Peppers"";i:196;s:13:""Interstellist"";i:197;s:23:""Red Hot Chilist Peppers"";}",NULL
"5892","1307","80","2021-12-15 19:37:14","a:4:{i:194;s:13:""Willist Wonka"";i:195;s:13:""Willist Wonka"";i:196;s:13:""Willist Wonka"";i:197;s:13:""Interstellist"";}",NULL
"5887","1424","80","2021-12-15 19:36:05","a:4:{i:194;s:13:""Interstellist"";i:195;s:23:""Red Hot Chilist Peppers"";i:196;s:13:""Interstellist"";i:197;s:13:""Interstellist"";}",NULL
"5884","1406","80","2021-12-15 19:35:09","a:4:{i:194;s:23:""Red Hot Chilist Peppers"";i:195;s:23:""Red Hot Chilist Peppers"";i:196;s:13:""Interstellist"";i:197;s:23:""Red Hot Chilist Peppers"";}",NULL
"5876","1311","80","2021-12-15 19:33:46","a:4:{i:194;s:13:""Willist Wonka"";i:195;s:13:""Willist Wonka"";i:196;s:13:""Willist Wonka"";i:197;s:23:""Red Hot Chilist Peppers"";}",NULL
"5875","462","80","2021-12-15 19:33:41","a:4:{i:194;s:13:""Willist Wonka"";i:195;s:13:""Willist Wonka"";i:196;s:13:""Willist Wonka"";i:197;s:23:""Red Hot Chilist Peppers"";}",NULL
"5870","1812","80","2021-12-15 19:32:40","a:4:{i:194;s:13:""Interstellist"";i:195;s:23:""Red Hot Chilist Peppers"";i:196;s:13:""Interstellist"";i:197;s:13:""Interstellist"";}",NULL
"5861","1404","80","2021-12-15 19:31:59","a:4:{i:194;s:23:""Red Hot Chilist Peppers"";i:195;s:23:""Red Hot Chilist Peppers"";i:196;s:13:""Interstellist"";i:197;s:13:""Interstellist"";}",NULL
"5859","1731","80","2021-12-15 19:31:32","a:4:{i:194;s:23:""Red Hot Chilist Peppers"";i:195;s:23:""Red Hot Chilist Peppers"";i:196;s:13:""Interstellist"";i:197;s:23:""Red Hot Chilist Peppers"";}",NULL
"5854","418","80","2021-12-15 19:30:50","a:4:{i:194;s:13:""Interstellist"";i:195;s:23:""Red Hot Chilist Peppers"";i:196;s:13:""Interstellist"";i:197;s:13:""Interstellist"";}",NULL
"5852","1064","80","2021-12-15 19:30:40","a:4:{i:194;s:23:""Red Hot Chilist Peppers"";i:195;s:23:""Red Hot Chilist Peppers"";i:196;s:13:""Interstellist"";i:197;s:23:""Red Hot Chilist Peppers"";}",NULL
"5843","1692","80","2021-12-15 19:28:26","a:4:{i:194;s:23:""Red Hot Chilist Peppers"";i:195;s:23:""Red Hot Chilist Peppers"";i:196;s:13:""Interstellist"";i:197;s:13:""Interstellist"";}",NULL
"5839","1350","80","2021-12-15 19:25:05","a:4:{i:194;s:13:""Interstellist"";i:195;s:23:""Red Hot Chilist Peppers"";i:196;s:13:""Interstellist"";i:197;s:13:""Interstellist"";}",NULL
"5837","1469","80","2021-12-15 19:24:37","a:4:{i:194;s:13:""Interstellist"";i:195;s:23:""Red Hot Chilist Peppers"";i:196;s:13:""Interstellist"";i:197;s:13:""Interstellist"";}",NULL
"5829","1739","80","2021-12-15 19:22:57","a:4:{i:194;s:23:""Red Hot Chilist Peppers"";i:195;s:23:""Red Hot Chilist Peppers"";i:196;s:13:""Interstellist"";i:197;s:23:""Red Hot Chilist Peppers"";}",NULL
"5827","384","80","2021-12-15 19:22:42","a:4:{i:194;s:13:""Interstellist"";i:195;s:23:""Red Hot Chilist Peppers"";i:196;s:13:""Interstellist"";i:197;s:13:""Interstellist"";}",NULL
"5826","1464","80","2021-12-15 19:22:41","a:4:{i:194;s:13:""Interstellist"";i:195;s:23:""Red Hot Chilist Peppers"";i:196;s:13:""Interstellist"";i:197;s:13:""Interstellist"";}",NULL
"5821","1774","80","2021-12-15 19:21:20","a:4:{i:194;s:13:""Interstellist"";i:195;s:23:""Red Hot Chilist Peppers"";i:196;s:13:""Interstellist"";i:197;s:13:""Interstellist"";}",NULL
"5813","1345","80","2021-12-15 19:19:37","a:4:{i:194;s:13:""Interstellist"";i:195;s:23:""Red Hot Chilist Peppers"";i:196;s:13:""Interstellist"";i:197;s:13:""Interstellist"";}",NULL
"5801","226","80","2021-12-15 19:17:33","a:4:{i:194;s:23:""Red Hot Chilist Peppers"";i:195;s:23:""Red Hot Chilist Peppers"";i:196;s:13:""Interstellist"";i:197;s:23:""Red Hot Chilist Peppers"";}",NULL
"5799","1555","80","2021-12-15 19:17:25","a:4:{i:194;s:13:""Interstellist"";i:195;s:23:""Red Hot Chilist Peppers"";i:196;s:13:""Interstellist"";i:197;s:13:""Interstellist"";}",NULL
"5791","1939","80","2021-12-15 19:16:02","a:4:{i:194;s:13:""Interstellist"";i:195;s:23:""Red Hot Chilist Peppers"";i:196;s:13:""Interstellist"";i:197;s:13:""Interstellist"";}",NULL
"5786","1693","80","2021-12-15 19:14:34","a:4:{i:194;s:23:""Red Hot Chilist Peppers"";i:195;s:23:""Red Hot Chilist Peppers"";i:196;s:13:""Interstellist"";i:197;s:23:""Red Hot Chilist Peppers"";}",NULL
"5781","1727","80","2021-12-15 19:11:26","a:4:{i:194;s:13:""Interstellist"";i:195;s:23:""Red Hot Chilist Peppers"";i:196;s:13:""Interstellist"";i:197;s:13:""Interstellist"";}",NULL
"5775","1503","80","2021-12-15 19:10:26","a:4:{i:194;s:13:""Interstellist"";i:195;s:23:""Red Hot Chilist Peppers"";i:196;s:13:""Interstellist"";i:197;s:13:""Interstellist"";}",NULL
"5773","1689","80","2021-12-15 19:10:19","a:4:{i:194;s:23:""Red Hot Chilist Peppers"";i:195;s:23:""Red Hot Chilist Peppers"";i:196;s:13:""Interstellist"";i:197;s:23:""Red Hot Chilist Peppers"";}",NULL
"5768","1706","80","2021-12-15 19:08:51","a:4:{i:194;s:13:""Interstellist"";i:195;s:23:""Red Hot Chilist Peppers"";i:196;s:13:""Interstellist"";i:197;s:13:""Interstellist"";}",NULL
"5759","1736","80","2021-12-15 19:07:05","a:4:{i:194;s:23:""Red Hot Chilist Peppers"";i:195;s:23:""Red Hot Chilist Peppers"";i:196;s:13:""Interstellist"";i:197;s:23:""Red Hot Chilist Peppers"";}",NULL
"5756","1883","80","2021-12-15 19:05:50","a:4:{i:194;s:13:""Willist Wonka"";i:195;s:13:""Willist Wonka"";i:196;s:13:""Willist Wonka"";i:197;s:23:""Red Hot Chilist Peppers"";}",NULL
"5751","1382","80","2021-12-15 19:04:41","a:4:{i:194;s:23:""Red Hot Chilist Peppers"";i:195;s:13:""Willist Wonka"";i:196;s:13:""Willist Wonka"";i:197;s:13:""Interstellist"";}",NULL
"5750","1351","80","2021-12-15 19:04:39","a:4:{i:194;s:13:""Willist Wonka"";i:195;s:13:""Willist Wonka"";i:196;s:13:""Willist Wonka"";i:197;s:23:""Red Hot Chilist Peppers"";}",NULL
"5748","1394","80","2021-12-15 19:04:20","a:4:{i:194;s:13:""Interstellist"";i:195;s:23:""Red Hot Chilist Peppers"";i:196;s:13:""Interstellist"";i:197;s:13:""Interstellist"";}",NULL
"5747","928","80","2021-12-15 19:04:01","a:4:{i:194;s:13:""Interstellist"";i:195;s:23:""Red Hot Chilist Peppers"";i:196;s:13:""Interstellist"";i:197;s:13:""Interstellist"";}",NULL
"5745","1562","80","2021-12-15 19:03:33","a:4:{i:194;s:13:""Interstellist"";i:195;s:23:""Red Hot Chilist Peppers"";i:196;s:13:""Interstellist"";i:197;s:13:""Interstellist"";}",NULL
"5738","1696","80","2021-12-15 19:01:29","a:4:{i:194;s:23:""Red Hot Chilist Peppers"";i:195;s:23:""Red Hot Chilist Peppers"";i:196;s:13:""Willist Wonka"";i:197;s:23:""Red Hot Chilist Peppers"";}",NULL
"5734","1708","80","2021-12-15 19:00:46","a:4:{i:194;s:23:""Red Hot Chilist Peppers"";i:195;s:23:""Red Hot Chilist Peppers"";i:196;s:13:""Interstellist"";i:197;s:23:""Red Hot Chilist Peppers"";}",NULL
"5730","1362","80","2021-12-15 19:00:00","a:4:{i:194;s:13:""Willist Wonka"";i:195;s:13:""Willist Wonka"";i:196;s:13:""Willist Wonka"";i:197;s:23:""Red Hot Chilist Peppers"";}",NULL
"5716","1861","80","2021-12-15 18:57:14","a:4:{i:194;s:23:""Red Hot Chilist Peppers"";i:195;s:23:""Red Hot Chilist Peppers"";i:196;s:13:""Willist Wonka"";i:197;s:23:""Red Hot Chilist Peppers"";}",NULL
"5710","1794","80","2021-12-15 18:56:18","a:4:{i:194;s:13:""Willist Wonka"";i:195;s:13:""Willist Wonka"";i:196;s:13:""Willist Wonka"";i:197;s:13:""Interstellist"";}",NULL
"5701","1360","80","2021-12-15 18:54:53","a:4:{i:194;s:13:""Interstellist"";i:195;s:23:""Red Hot Chilist Peppers"";i:196;s:13:""Interstellist"";i:197;s:13:""Interstellist"";}",NULL
"5690","1488","80","2021-12-15 18:53:44","a:4:{i:194;s:13:""Interstellist"";i:195;s:23:""Red Hot Chilist Peppers"";i:196;s:13:""Interstellist"";i:197;s:13:""Interstellist"";}",NULL
"5688","1601","80","2021-12-15 18:53:33","a:4:{i:194;s:13:""Willist Wonka"";i:195;s:23:""Red Hot Chilist Peppers"";i:196;s:13:""Interstellist"";i:197;s:23:""Red Hot Chilist Peppers"";}",NULL
"5683","1760","80","2021-12-15 18:53:04","a:4:{i:194;s:23:""Red Hot Chilist Peppers"";i:195;s:23:""Red Hot Chilist Peppers"";i:196;s:13:""Interstellist"";i:197;s:23:""Red Hot Chilist Peppers"";}",NULL
"5677","1366","80","2021-12-15 18:52:48","a:4:{i:194;s:23:""Red Hot Chilist Peppers"";i:195;s:23:""Red Hot Chilist Peppers"";i:196;s:13:""Interstellist"";i:197;s:23:""Red Hot Chilist Peppers"";}",NULL
"5662","1701","80","2021-12-15 18:51:45","a:4:{i:194;s:23:""Red Hot Chilist Peppers"";i:195;s:23:""Red Hot Chilist Peppers"";i:196;s:13:""Willist Wonka"";i:197;s:23:""Red Hot Chilist Peppers"";}",NULL
"5660","1489","80","2021-12-15 18:51:38","a:4:{i:194;s:13:""Interstellist"";i:195;s:23:""Red Hot Chilist Peppers"";i:196;s:13:""Interstellist"";i:197;s:13:""Interstellist"";}",NULL
"5647","1747","80","2021-12-15 18:50:20","a:4:{i:194;s:23:""Red Hot Chilist Peppers"";i:195;s:23:""Red Hot Chilist Peppers"";i:196;s:13:""Willist Wonka"";i:197;s:23:""Red Hot Chilist Peppers"";}",NULL
"5639","1712","80","2021-12-15 18:50:05","a:4:{i:194;s:13:""Interstellist"";i:195;s:23:""Red Hot Chilist Peppers"";i:196;s:13:""Interstellist"";i:197;s:13:""Interstellist"";}",NULL
"5637","1748","80","2021-12-15 18:50:02","a:4:{i:194;s:13:""Interstellist"";i:195;s:23:""Red Hot Chilist Peppers"";i:196;s:13:""Interstellist"";i:197;s:13:""Interstellist"";}",NULL
"5636","1711","80","2021-12-15 18:49:57","a:4:{i:194;s:23:""Red Hot Chilist Peppers"";i:195;s:23:""Red Hot Chilist Peppers"";i:196;s:13:""Willist Wonka"";i:197;s:23:""Red Hot Chilist Peppers"";}",NULL
"5634","1365","80","2021-12-15 18:49:55","a:4:{i:194;s:23:""Red Hot Chilist Peppers"";i:195;s:23:""Red Hot Chilist Peppers"";i:196;s:13:""Interstellist"";i:197;s:13:""Interstellist"";}",NULL
"5625","1803","80","2021-12-15 18:49:33","a:4:{i:194;s:23:""Red Hot Chilist Peppers"";i:195;s:23:""Red Hot Chilist Peppers"";i:196;s:13:""Willist Wonka"";i:197;s:23:""Red Hot Chilist Peppers"";}",NULL
"5623","1400","80","2021-12-15 18:49:29","a:4:{i:194;s:13:""Interstellist"";i:195;s:23:""Red Hot Chilist Peppers"";i:196;s:13:""Interstellist"";i:197;s:13:""Interstellist"";}",NULL
"5622","1846","80","2021-12-15 18:49:25","a:4:{i:194;s:23:""Red Hot Chilist Peppers"";i:195;s:23:""Red Hot Chilist Peppers"";i:196;s:13:""Willist Wonka"";i:197;s:23:""Red Hot Chilist Peppers"";}",NULL
"5612","1688","80","2021-12-15 18:48:52","a:4:{i:194;s:23:""Red Hot Chilist Peppers"";i:195;s:23:""Red Hot Chilist Peppers"";i:196;s:13:""Willist Wonka"";i:197;s:23:""Red Hot Chilist Peppers"";}",NULL
"5611","1393","80","2021-12-15 18:48:45","a:4:{i:194;s:13:""Interstellist"";i:195;s:23:""Red Hot Chilist Peppers"";i:196;s:13:""Interstellist"";i:197;s:13:""Interstellist"";}",NULL
"5605","1694","80","2021-12-15 18:48:19","a:4:{i:194;s:13:""Interstellist"";i:195;s:23:""Red Hot Chilist Peppers"";i:196;s:13:""Interstellist"";i:197;s:13:""Interstellist"";}",NULL
"5602","1746","80","2021-12-15 18:48:08","a:4:{i:194;s:23:""Red Hot Chilist Peppers"";i:195;s:23:""Red Hot Chilist Peppers"";i:196;s:13:""Interstellist"";i:197;s:23:""Red Hot Chilist Peppers"";}",NULL
"5595","1392","80","2021-12-15 18:47:47","a:4:{i:194;s:13:""Interstellist"";i:195;s:23:""Red Hot Chilist Peppers"";i:196;s:13:""Interstellist"";i:197;s:13:""Interstellist"";}",NULL
"5592","1388","80","2021-12-15 18:47:42","a:4:{i:194;s:13:""Interstellist"";i:195;s:23:""Red Hot Chilist Peppers"";i:196;s:13:""Interstellist"";i:197;s:13:""Interstellist"";}",NULL
"5587","1854","80","2021-12-15 18:47:28","a:4:{i:194;s:13:""Interstellist"";i:195;s:23:""Red Hot Chilist Peppers"";i:196;s:13:""Interstellist"";i:197;s:13:""Interstellist"";}",NULL
"5580","1328","80","2021-12-15 18:47:01","a:4:{i:194;s:23:""Red Hot Chilist Peppers"";i:195;s:23:""Red Hot Chilist Peppers"";i:196;s:13:""Interstellist"";i:197;s:23:""Red Hot Chilist Peppers"";}",NULL
"5579","1291","80","2021-12-15 18:46:56","a:4:{i:194;s:13:""Interstellist"";i:195;s:23:""Red Hot Chilist Peppers"";i:196;s:13:""Interstellist"";i:197;s:13:""Interstellist"";}",NULL
"5566","1814","80","2021-12-15 18:45:48","a:4:{i:194;s:23:""Red Hot Chilist Peppers"";i:195;s:23:""Red Hot Chilist Peppers"";i:196;s:13:""Willist Wonka"";i:197;s:23:""Red Hot Chilist Peppers"";}",NULL
"5558","1852","80","2021-12-15 18:45:02","a:4:{i:194;s:23:""Red Hot Chilist Peppers"";i:195;s:23:""Red Hot Chilist Peppers"";i:196;s:13:""Interstellist"";i:197;s:23:""Red Hot Chilist Peppers"";}",NULL
"5556","1395","80","2021-12-15 18:45:00","a:4:{i:194;s:13:""Interstellist"";i:195;s:23:""Red Hot Chilist Peppers"";i:196;s:13:""Interstellist"";i:197;s:13:""Interstellist"";}",NULL
"5544","1894","80","2021-12-15 18:43:48","a:4:{i:194;s:23:""Red Hot Chilist Peppers"";i:195;s:23:""Red Hot Chilist Peppers"";i:196;s:13:""Interstellist"";i:197;s:23:""Red Hot Chilist Peppers"";}",NULL
"5543","862","80","2021-12-15 18:43:46","a:4:{i:194;s:23:""Red Hot Chilist Peppers"";i:195;s:23:""Red Hot Chilist Peppers"";i:196;s:13:""Interstellist"";i:197;s:23:""Red Hot Chilist Peppers"";}",NULL
"5524","1698","80","2021-12-15 18:41:56","a:4:{i:194;s:23:""Red Hot Chilist Peppers"";i:195;s:23:""Red Hot Chilist Peppers"";i:196;s:13:""Willist Wonka"";i:197;s:23:""Red Hot Chilist Peppers"";}",NULL
"5518","1744","80","2021-12-15 18:41:30","a:4:{i:194;s:13:""Interstellist"";i:195;s:23:""Red Hot Chilist Peppers"";i:196;s:13:""Interstellist"";i:197;s:13:""Interstellist"";}",NULL
"5509","1804","80","2021-12-15 18:40:17","a:4:{i:194;s:13:""Interstellist"";i:195;s:23:""Red Hot Chilist Peppers"";i:196;s:13:""Interstellist"";i:197;s:13:""Interstellist"";}",NULL
"5502","1841","80","2021-12-15 18:39:50","a:4:{i:194;s:13:""Interstellist"";i:195;s:23:""Red Hot Chilist Peppers"";i:196;s:13:""Interstellist"";i:197;s:13:""Interstellist"";}",NULL
"5501","1299","80","2021-12-15 18:39:40","a:4:{i:194;s:23:""Red Hot Chilist Peppers"";i:195;s:23:""Red Hot Chilist Peppers"";i:196;s:13:""Interstellist"";i:197;s:23:""Red Hot Chilist Peppers"";}",NULL
"5496","1045","80","2021-12-15 18:39:16","a:4:{i:194;s:23:""Red Hot Chilist Peppers"";i:195;s:23:""Red Hot Chilist Peppers"";i:196;s:13:""Willist Wonka"";i:197;s:23:""Red Hot Chilist Peppers"";}",NULL
"5486","1380","80","2021-12-15 18:37:58","a:4:{i:194;s:13:""Interstellist"";i:195;s:13:""Willist Wonka"";i:196;s:13:""Interstellist"";i:197;s:13:""Interstellist"";}",NULL
"5483","1733","80","2021-12-15 18:37:47","a:4:{i:194;s:23:""Red Hot Chilist Peppers"";i:195;s:23:""Red Hot Chilist Peppers"";i:196;s:13:""Interstellist"";i:197;s:23:""Red Hot Chilist Peppers"";}",NULL
"5476","1954","80","2021-12-15 18:37:22","a:4:{i:194;s:13:""Willist Wonka"";i:195;s:13:""Willist Wonka"";i:196;s:13:""Willist Wonka"";i:197;s:23:""Red Hot Chilist Peppers"";}",NULL
"5468","1405","80","2021-12-15 18:36:52","a:4:{i:194;s:13:""Interstellist"";i:195;s:23:""Red Hot Chilist Peppers"";i:196;s:13:""Interstellist"";i:197;s:13:""Interstellist"";}",NULL
"5467","1986","80","2021-12-15 18:36:50","a:4:{i:194;s:13:""Willist Wonka"";i:195;s:13:""Willist Wonka"";i:196;s:13:""Willist Wonka"";i:197;s:23:""Red Hot Chilist Peppers"";}",NULL
"5463","1943","80","2021-12-15 18:36:26","a:4:{i:194;s:13:""Interstellist"";i:195;s:23:""Red Hot Chilist Peppers"";i:196;s:13:""Interstellist"";i:197;s:13:""Interstellist"";}",NULL
"5464","1416","80","2021-12-15 18:36:26","a:4:{i:194;s:13:""Interstellist"";i:195;s:23:""Red Hot Chilist Peppers"";i:196;s:13:""Interstellist"";i:197;s:13:""Interstellist"";}",NULL
"5459","1759","80","2021-12-15 18:35:33","a:4:{i:194;s:23:""Red Hot Chilist Peppers"";i:195;s:23:""Red Hot Chilist Peppers"";i:196;s:13:""Interstellist"";i:197;s:23:""Red Hot Chilist Peppers"";}",NULL
"5456","1829","80","2021-12-15 18:35:19","a:4:{i:194;s:13:""Willist Wonka"";i:195;s:13:""Willist Wonka"";i:196;s:13:""Willist Wonka"";i:197;s:23:""Red Hot Chilist Peppers"";}",NULL
"5446","1439","80","2021-12-15 18:34:20","a:4:{i:194;s:13:""Interstellist"";i:195;s:23:""Red Hot Chilist Peppers"";i:196;s:13:""Interstellist"";i:197;s:13:""Interstellist"";}",NULL
"5437","1806","80","2021-12-15 18:33:11","a:4:{i:194;s:23:""Red Hot Chilist Peppers"";i:195;s:23:""Red Hot Chilist Peppers"";i:196;s:13:""Willist Wonka"";i:197;s:23:""Red Hot Chilist Peppers"";}",NULL
"5433","1752","80","2021-12-15 18:32:49","a:4:{i:194;s:13:""Interstellist"";i:195;s:23:""Red Hot Chilist Peppers"";i:196;s:13:""Interstellist"";i:197;s:13:""Interstellist"";}",NULL
"5432","1735","80","2021-12-15 18:32:48","a:4:{i:194;s:13:""Interstellist"";i:195;s:13:""Willist Wonka"";i:196;s:13:""Interstellist"";i:197;s:13:""Interstellist"";}",NULL
"5428","1785","80","2021-12-15 18:32:32","a:4:{i:194;s:23:""Red Hot Chilist Peppers"";i:195;s:23:""Red Hot Chilist Peppers"";i:196;s:13:""Willist Wonka"";i:197;s:23:""Red Hot Chilist Peppers"";}",NULL
"5410","1824","80","2021-12-15 18:27:34","a:4:{i:194;s:13:""Willist Wonka"";i:195;s:13:""Willist Wonka"";i:196;s:13:""Willist Wonka"";i:197;s:23:""Red Hot Chilist Peppers"";}",NULL
"5393","1383","80","2021-12-15 18:24:37","a:4:{i:194;s:13:""Interstellist"";i:195;s:23:""Red Hot Chilist Peppers"";i:196;s:13:""Interstellist"";i:197;s:13:""Interstellist"";}",NULL
"5386","1725","80","2021-12-15 18:24:01","a:4:{i:194;s:13:""Willist Wonka"";i:195;s:13:""Willist Wonka"";i:196;s:13:""Willist Wonka"";i:197;s:23:""Red Hot Chilist Peppers"";}",NULL
"5383","1379","80","2021-12-15 18:23:44","a:4:{i:194;s:13:""Interstellist"";i:195;s:23:""Red Hot Chilist Peppers"";i:196;s:13:""Interstellist"";i:197;s:13:""Interstellist"";}",NULL
"5375","952","80","2021-12-15 18:23:18","a:4:{i:194;s:23:""Red Hot Chilist Peppers"";i:195;s:23:""Red Hot Chilist Peppers"";i:196;s:13:""Willist Wonka"";i:197;s:23:""Red Hot Chilist Peppers"";}",NULL
"5371","1876","80","2021-12-15 18:22:58","a:4:{i:194;s:23:""Red Hot Chilist Peppers"";i:195;s:23:""Red Hot Chilist Peppers"";i:196;s:13:""Interstellist"";i:197;s:23:""Red Hot Chilist Peppers"";}",NULL
"5367","1359","80","2021-12-15 18:22:29","a:4:{i:194;s:13:""Interstellist"";i:195;s:23:""Red Hot Chilist Peppers"";i:196;s:13:""Interstellist"";i:197;s:13:""Interstellist"";}",NULL
"5366","1834","80","2021-12-15 18:22:26","a:4:{i:194;s:23:""Red Hot Chilist Peppers"";i:195;s:23:""Red Hot Chilist Peppers"";i:196;s:13:""Interstellist"";i:197;s:23:""Red Hot Chilist Peppers"";}",NULL
"5357","1715","80","2021-12-15 18:20:46","a:4:{i:194;s:23:""Red Hot Chilist Peppers"";i:195;s:23:""Red Hot Chilist Peppers"";i:196;s:13:""Interstellist"";i:197;s:23:""Red Hot Chilist Peppers"";}",NULL
"5348","1890","80","2021-12-15 18:19:19","a:4:{i:194;s:13:""Willist Wonka"";i:195;s:13:""Willist Wonka"";i:196;s:13:""Willist Wonka"";i:197;s:23:""Red Hot Chilist Peppers"";}",NULL
"5346","1805","80","2021-12-15 18:19:09","a:4:{i:194;s:13:""Interstellist"";i:195;s:23:""Red Hot Chilist Peppers"";i:196;s:13:""Interstellist"";i:197;s:13:""Interstellist"";}",NULL
"5332","1704","80","2021-12-15 18:17:31","a:4:{i:194;s:23:""Red Hot Chilist Peppers"";i:195;s:23:""Red Hot Chilist Peppers"";i:196;s:13:""Interstellist"";i:197;s:23:""Red Hot Chilist Peppers"";}",NULL
"5331","1828","80","2021-12-15 18:17:27","a:4:{i:194;s:23:""Red Hot Chilist Peppers"";i:195;s:23:""Red Hot Chilist Peppers"";i:196;s:13:""Interstellist"";i:197;s:23:""Red Hot Chilist Peppers"";}",NULL
"5322","1714","80","2021-12-15 18:16:29","a:4:{i:194;s:23:""Red Hot Chilist Peppers"";i:195;s:23:""Red Hot Chilist Peppers"";i:196;s:13:""Willist Wonka"";i:197;s:23:""Red Hot Chilist Peppers"";}",NULL
"5315","1839","80","2021-12-15 18:15:53","a:4:{i:194;s:23:""Red Hot Chilist Peppers"";i:195;s:23:""Red Hot Chilist Peppers"";i:196;s:13:""Interstellist"";i:197;s:23:""Red Hot Chilist Peppers"";}",NULL
"5313","1802","80","2021-12-15 18:15:34","a:4:{i:194;s:13:""Interstellist"";i:195;s:23:""Red Hot Chilist Peppers"";i:196;s:13:""Interstellist"";i:197;s:13:""Interstellist"";}",NULL
"5310","1875","80","2021-12-15 18:15:27","a:4:{i:194;s:13:""Interstellist"";i:195;s:23:""Red Hot Chilist Peppers"";i:196;s:13:""Interstellist"";i:197;s:13:""Interstellist"";}",NULL
"5304","1721","80","2021-12-15 18:14:47","a:4:{i:194;s:23:""Red Hot Chilist Peppers"";i:195;s:23:""Red Hot Chilist Peppers"";i:196;s:13:""Interstellist"";i:197;s:23:""Red Hot Chilist Peppers"";}",NULL
"5303","1728","80","2021-12-15 18:14:44","a:4:{i:194;s:13:""Willist Wonka"";i:195;s:13:""Willist Wonka"";i:196;s:13:""Willist Wonka"";i:197;s:23:""Red Hot Chilist Peppers"";}",NULL
"5289","824","80","2021-12-15 18:13:45","a:4:{i:194;s:13:""Willist Wonka"";i:195;s:13:""Willist Wonka"";i:196;s:13:""Willist Wonka"";i:197;s:13:""Interstellist"";}",NULL
"5288","923","80","2021-12-15 18:13:35","a:4:{i:194;s:13:""Interstellist"";i:195;s:23:""Red Hot Chilist Peppers"";i:196;s:13:""Interstellist"";i:197;s:13:""Interstellist"";}",NULL
"5272","1932","80","2021-12-15 18:12:08","a:4:{i:194;s:13:""Interstellist"";i:195;s:23:""Red Hot Chilist Peppers"";i:196;s:13:""Interstellist"";i:197;s:13:""Interstellist"";}",NULL
"5265","1523","80","2021-12-15 18:11:03","a:4:{i:194;s:23:""Red Hot Chilist Peppers"";i:195;s:23:""Red Hot Chilist Peppers"";i:196;s:13:""Willist Wonka"";i:197;s:23:""Red Hot Chilist Peppers"";}",NULL
"5261","896","80","2021-12-15 18:10:49","a:4:{i:194;s:13:""Interstellist"";i:195;s:23:""Red Hot Chilist Peppers"";i:196;s:13:""Interstellist"";i:197;s:13:""Interstellist"";}",NULL
"5246","1084","80","2021-12-15 18:08:47","a:4:{i:194;s:13:""Interstellist"";i:195;s:23:""Red Hot Chilist Peppers"";i:196;s:13:""Interstellist"";i:197;s:13:""Interstellist"";}",NULL
"5240","1778","80","2021-12-15 18:08:13","a:4:{i:194;s:13:""Interstellist"";i:195;s:23:""Red Hot Chilist Peppers"";i:196;s:13:""Interstellist"";i:197;s:13:""Interstellist"";}",NULL
"5232","1819","80","2021-12-15 18:07:39","a:4:{i:194;s:23:""Red Hot Chilist Peppers"";i:195;s:23:""Red Hot Chilist Peppers"";i:196;s:13:""Interstellist"";i:197;s:23:""Red Hot Chilist Peppers"";}",NULL
"5223","1333","80","2021-12-15 18:07:09","a:4:{i:194;s:23:""Red Hot Chilist Peppers"";i:195;s:23:""Red Hot Chilist Peppers"";i:196;s:13:""Interstellist"";i:197;s:23:""Red Hot Chilist Peppers"";}",NULL
"5191","1552","80","2021-12-15 18:04:36","a:4:{i:194;s:13:""Interstellist"";i:195;s:23:""Red Hot Chilist Peppers"";i:196;s:13:""Interstellist"";i:197;s:13:""Interstellist"";}",NULL
"5184","1532","80","2021-12-15 18:03:29","a:4:{i:194;s:23:""Red Hot Chilist Peppers"";i:195;s:23:""Red Hot Chilist Peppers"";i:196;s:13:""Interstellist"";i:197;s:23:""Red Hot Chilist Peppers"";}",NULL
"5181","1548","80","2021-12-15 18:03:04","a:4:{i:194;s:23:""Red Hot Chilist Peppers"";i:195;s:23:""Red Hot Chilist Peppers"";i:196;s:13:""Interstellist"";i:197;s:23:""Red Hot Chilist Peppers"";}",NULL
"5174","1903","80","2021-12-15 18:01:47","a:4:{i:194;s:13:""Interstellist"";i:195;s:23:""Red Hot Chilist Peppers"";i:196;s:13:""Interstellist"";i:197;s:13:""Interstellist"";}",NULL
"5172","1743","80","2021-12-15 18:01:39","a:4:{i:194;s:13:""Interstellist"";i:195;s:23:""Red Hot Chilist Peppers"";i:196;s:13:""Interstellist"";i:197;s:13:""Interstellist"";}",NULL
"5169","1314","80","2021-12-15 18:01:30","a:4:{i:194;s:13:""Willist Wonka"";i:195;s:13:""Willist Wonka"";i:196;s:13:""Willist Wonka"";i:197;s:23:""Red Hot Chilist Peppers"";}",NULL
